"filename","content"
"2401.07294v4.pdf","Finally, we test how sensitive our results are to heteroskedasticity caused by the different sample sizes of the simulation conditions, as described in Section 1. In our supplement, we refit the models in Table 4 applying √ n weights to account for heteroskedasticity by more heavily weighting the results from larger n conditions, and we see essentially no difference in the results, suggesting that our main findings are not sensitive to heteroskedasticity. Alternative methods for addressing heteroskedasticity include the application of heteroskedasticity robust standard errors using the sandwich package (Zeileis et al., 2020), the robustlmm R package

The figure shows point estimates and 95% empirical Bayes ranges for the effects of estimator on statistical power compared to an unadjusted model without covariates under each simulation condition. The estimates are derived from a three-level random slopes MLMM.

for robust MLMs (Koller, 2016), or a fully Bayesian approach with the brms R package (B¨ urkner, 2017), though the latter two methods require substantially greater computational power, taking hours or minutes rather than seconds to fit standard metamodels (Gilbert, 2024b, p. 5065)."
"2401.07294v4.pdf","Models 3 and 4 present the results for the aggregated data. We see that the point estimates are identical to Model 2, and the SEs are quite similar, as we would expect due to the perfectly balanced design. However, the models of the aggregated results provide no analog of the random slope variances, and as such do not reveal how consistent the effects are across conditions, an important limitation when making recommendations for practice.

3.2 Validity (Type I Error)

We again begin with a descriptive graph to motivate the metamodels of false positive rates. Figure 4 shows the distribution of false positive rates across a range of conditions. In contrast to Figure 1, the results here are much more consistent. The false positive rates show a narrower range, and the unadjusted model without covariates has false positive rates that are too conservative when there are large interaction effects. Again, while useful as an exploratory starting point, determining the size, consistency, and statistical significance of the differences observed in the figure necessitates a metamodeling approach that accounts for imprecision and overdispersion in the descriptive results."
"2401.07294v4.pdf","Accordingly, we replicate our metamodeling approach to power analysis for false positive rates, analyzing only the data sets in which the true treatment effect is 0. The results are shown visually in Figure 5 and serve as an illustrative contrast to the power results. Tabulations of the metamodel results are included in our supplement. We see that across the various conditions, the effects of covariate adjustment are more consistent as the mean effects vary within only a few percentage points of 0 and the 95% empirical Bayes intervals extend only a few percentage points in either direction.

The figure shows the distribution of false positive rates by condition. Unadjusted represents a model with the treatment indicator only, Adjusted includes the covariate as a main effect, and Interacted includes the covariate as an interaction effect. b3 represents the interaction between treatment and covariate and b2 represents the correlation between covariate and outcome in the control group. Each box shows results averaged over the sample sizes."
"2401.07294v4.pdf","The figure shows point estimates and 95% empirical Bayes ranges for the effects of estimator on the false positive rate compared to an unadjusted model without covariates under each simulation condition. The estimates are derived from a three-level random slopes MLMM.

3.3 Squared Error

We conclude with an analysis of the squared error to illustrate two additional affordances to the MLMM approach. First, even some model metrics that traditionally require aggregation can be analyzed in the three-level MLMM approach. Second, the MLMM is easily extended to non-linear contexts.

For example, consider the Root Mean Squared Error (RMSE), which combines the effects of bias and variance into a single metric, where r indexes the simulation replication and R is the total number of simulation replications:

RMSE = √ √ √ √ 1 R R ∑ r =1 ( ˆ β ( r ) 1 -β 1 ) 2 (15)

The RMSE is traditionally analyzed in an aggregation framework because taking the mean requires averaging across a range of conditions. However, we can model the squared error directly in an MLMM approach, for example, by extending Equation 6 to include a square root link function:"
"2401.07294v4.pdf","√ E ( Y ijk ) = β 0 jk + β 10 k adjusted ijk + β 20 k interacted ijk , (16)

where Y ijk is the squared error for simulation result i in data set j from simulation condition k .

Figure 6 displays the results (the full table is included in the supplement, with the coefficients transformed so they are interpretable on the RMSE scale). We see that there the average effects are negative across all conditions. However, there is wide dispersion. In some cases, the 95% empirical Bayes range includes 0, suggesting that covariate adjustment is not guaranteed to reduce RMSE when, for example, correlations are weak and sample

The figure shows point estimates and 95% empirical Bayes ranges for the effects of estimator on the RMSE compared to an unadjusted model without covariates under each simulation condition. The estimates are derived from a three-level random slopes MLMM."
"2401.07294v4.pdf","sizes are small. In contrast, when the correlation reaches 0.5 or 0.7, covariate adjustment is essentially guaranteed to reduce RMSE. Results are similarly consistent at larger sample sizes. Furthermore, as shown in our supplement, the estimated bias is 0 across all conditions, so these results can equivalently be interpreted as a metamodel for the true SE of each estimator, because the MSE is the sum of the squared bias and the squared SE.

3.4 Bias, Coverage, True Standard Error, Estimated Standard Error, and Standard Error Calibration

Analogous metamodels in our supplement show that average bias is essentially zero across all models and simulation conditions, coverage is within a few percentage points of the nominal 95% level, and the pattern of results observed for the relationship between the simulation conditions and the estimated standard errors and true standard errors are very similar to

those of the model for the squared errors discussed earlier. Metamodels for standard error calibration show that estimated standard errors are within about 10 percentage points of the true standard errors."
"2401.07294v4.pdf","3.5 Summary and Review

The worked examples above demonstrate how to fit and interpret the MLMM for various simulation performance metrics. The step-by-step model-building strategy outlined thus far is intended to be pedagogical by providing a side-by-side comparison of cluster-robust OLS and random intercept models of aggregated results, and random slopes models of individual results. In practice, however, the analyst would likely choose a single approach to apply to all metrics rather than compare various metamodels. We argue that the three-level random slopes MLMM with two-way interactions between the focal variable and the simulation conditions is likely to be a reasonable starting point in many applications."
"2401.07294v4.pdf","To demonstrate how an analyst might use the MLMM in practice to summarize a broad range of simulation results in practice, Figure 7 shows the conjoint plots for the average effect of covariate adjustment on bias, coverage, false positives, power, RMSE, and the true SE. The results are derived from a three-level random slopes MLMM with all two-way interactions between estimator and the simulation conditions. The full regression output is included in our supplement. As in the previous conjoint plots, the points show the average effect and the thin horizontal line shows the 95% empirical Bayes range.

Figure 7 concisely demonstrates the affordances of the random slopes MLMM as a tool for the simulation practitioner. Namely, in contrast to visualizations that are compared by eye or with descriptive statistics, the MLMM provides direct tests on the effects of the estimator on each metric in the form of differences with a baseline model. Furthermore, the random slope model allows us to calculate a 95% empirical Bayes range to provide an estimate of generalizability not captured by the average effect across the tested conditions conditions"
"2401.07294v4.pdf","The figure shows point estimates and 95% empirical Bayes ranges for the effects of estimator on various performance metrics compared to an unadjusted model without covariates under each simulation condition. The estimates are derived from a three-level random slopes MLMM.

that are not inflated by the overdispersion of descriptive statistics and are not estimable in two-level MLMMs of aggregated results or OLS models.

How might an analyst write up the results of this simulation based on Figure 7? We interpret the results as follows. First, we see that bias is generally small across simulation conditions: we have no evidence the average bias is not zero, and the empirical Bayes estimates extend only very narrowly in either direction. Thus, in line with statistical theory underlying randomized trials and causal inference (Lin, 2013), covariate adjustment does not affect bias across a range of conditions. Covariate adjustment has a similarly minor effect on coverage and false positive rates, as almost all of the 95% CIs include the mean value of the unadjusted model and the 95% empirical Bayes ranges are relatively narrow, in the range of a few percentage points around the nominal values."
"2401.07294v4.pdf","In contrast, covariate adjustment generally improves power, but benefits are strongest when the correlation between the covariate and the outcome is strong. The effects of covariate adjustment on power do not strongly depend on sample size, the proportion of units treated, or the size of the ATE. Importantly, the 95% empirical Bayes ranges are wide, suggesting that even when correlations are strong, the effects of covariate adjustment can vary widely. For example, when sample sizes are small and the proportion of treated units is 90%, covariate adjustment occasionally decreased power by a few percentage points.

Similarly, the RMSE and true SE show significant reductions from covariate adjustment when correlations between the covariate and the outcome are strong, and they do not increase on average in any condition. Because average bias is 0, these two figures are indistinguishable. When the correlation reaches 0.7, the 95% empirical Bayes range does not include 0, suggesting that gains to precision are essentially guaranteed at this level of correlation in any individual case, an important interpretational nuance that would be masked if only examining the average effect."
"2401.07294v4.pdf","Thus, the results of the MLMM applied to this simple simulation would suggest the following implications for analysis of RCTs in practice. Covariate adjustment can provide

substantial benefits for precision (lower SEs), increased power, and lower overall error. These benefits are strongest when the correlation between the covariate and the outcome are strong and these benefits do not come at the cost of other metrics. Thus, when a predictive covariate is available, including it in the analysis either as a main effect or in an interaction with the treatment variable is generally a recommended strategy. While these are not new insights, the application of the MLMM provides in our view a succinct and interpretable method to demonstrate these findings. 5"
"2401.07294v4.pdf","Given that wide 95% empirical Bayes ranges remain in the MLMMs for power and RMSE/SE including all two-way interaction terms, should we continue the analysis and probe three-way interactions to better understand under which fine-grained combinations of conditions covariate adjustment affects model performance? This question raises the inherent trade off between flexibility and interpretability. While significant three-way interactions undoubtedly exist in this simulation, the more flexible the model becomes, the more difficult it can be to make recommendations for practice because the results become highly sensitive to the specific conditions. One benefit of the MLMM approach is that in providing 95% empirical Bayes ranges, simulation studies can clearly demonstrate the consistency of results across a range of settings even with higher-order interactions omitted. Thus, even if three-way interactions exist, the fact that the 95% empirical Bayes ranges for the RMSE and the true SE do not include 0 when the correlation between covariate and outcome is 0.7 suggests that so long as this correlation is strong, gains to precision are essentially guaranteed across a wide range of simulation conditions."
"2401.07294v4.pdf","4 Discussion

Regression metamodels of Monte Carlo simulation results have long history, but as of yet have not been widely advocated in contemporary simulation studies or textbooks. Among the

5 To compare the 'adjusted' and 'interacted' estimators, we could simply change the reference group in our models and plots to allow for a direct comparison.

many varieties of metamodels, the multilevel metamodel (MLMM) appears to be extremely rare, as we were able to identify only three extant examples in the empirical literature. In this study, we demonstrate the affordances of the metamodel in general and of the MLMM in particular as a powerful tool for the simulation practitioner."
"2401.07294v4.pdf","Compared to the OLS metamodel, the MLMM better matches the data-generating process of a simulation by accounting for the dependence of results arising from models fit to the same data set or drawn from the same simulation conditions. Furthermore, random slope MLMMs allow for estimates of the generalizability of effects beyond the tested simulation conditions by providing prediction intervals or ranges of empirical Bayes estimates. Demonstrating that simulation results are consistent across a wide range of settings is essential for simulation research that strives to influence statistical practice and data analysis more broadly, because empirical applications are likely to differ in important ways from any particular set of simulation conditions (Skrondal, 2000)."
"2401.07294v4.pdf","While the MLMM provides many benefits, how does it compare to other approaches to addressing clustered or dependent data, such as aggregation, fixed effects, or cluster robust SEs? While these three alternative approaches have many merits in other applications, we argue that the MLMM is preferable in the simulation case for several reasons. First, both fixed effects and cluster robust SEs are not well equipped to handle more than two levels of hierarchy, and the default in many simulation studies will be three, with results nested within data sets nested within simulation conditions. Second, while fixed effects provide unbiased estimates of within-cluster effects in contrast to random effects models that may suffer from cluster level confounding, this is generally not an issue in simulation because the data are (or can be designed to be) perfectly balanced in that there is no between-simulation condition variation in the proportion of data sets analyzed with a given estimator (i.e., the between effect is 0) (Curran & Bauer, 2011, p. 597). In other words, a typical rationale for fixed effects approaches to address potential confounding does not apply here. Third, fixed effect models provide inference only for the clusters in the sample and provide no analog for the"
"2401.07294v4.pdf","random slope variance parameter or prediction interval, thus giving up one powerful measure of generalizability. Similarly, models of results aggregated across simulation conditions cannot include random slope terms because the models are unidentified because they perfectly fit the data."
"2401.07294v4.pdf","Despite these benefits, the MLMM has several limitations that bear mention:
1. As a model-based approach to simulation analysis, inferences based on the model results depend on the tenability of the model assumptions, such as the normality of the random effects (e.g., Figure 2). However, multilevel models in general are robust to violations of normality (Bell et al., 2019; Knief & Forstmeier, 2021; Schielzeth et al., 2020).
2. When simulations are very large, MLMMs of individual results may become impractical due to performance constraints, especially when using non-linear models. For example, we used multilevel linear probability models for the binary power and false positive responses to ease interpretation. While multilevel logit or probit models are also applicable, they are substantially more computationally intensive."
"2401.07294v4.pdf","Despite these benefits, the MLMM has several limitations that bear mention: (cd.)
3. Because conclusions are based on statistical tests in the MLMM, questionable research practices such as p-hacking may become an issue. While such concerns are well understood in primary research, their application to methodological studies such as Monte Carlo simulation is less prevalent (Boulesteix et al., 2020; Pawel et al., 2024). This issue is particularly relevant in simulation studies because the analyst can simply make the sample size larger by running additional simulations to reduce Monte Carlo SEs. In other words, 'simulations are doomed to succeed' (Miratrix & Pustejovsky, 2023, Chapter 21). Promising solutions to this issue include preregistration of simulation studies, which may include the relevant MLMM as part of an analysis plan (Siepe et al., 2024).
4. If many tests are run, the analysis may suffer from multiple comparisons issues. While some research suggests that the empirical Bayes estimates used in this study are"
"2401.07294v4.pdf","Despite these benefits, the MLMM has several limitations that bear mention: (cd.)
relatively robust to multiple comparisons (Sales et al., 2021), alternatives in the MLMM case could include replicating the simulation analysis with a different random number seed for cross validation, or the use of fully Bayesian multilevel modeling approaches (B¨ urkner, 2017).
5. The use of the MLMM requires a model-building process. While our case study was relatively simple in its design and the hypotheses were confirmatory, other simulations may necessitate more complex model-building strategies when the goal is to discover flexible relationships between simulation design covariates and performance outcomes. As such, machine learning or model selection methods may be useful when the relevant relationships are unknown. Bayesian model averaging may also provided an attractive strategy (Wasserman, 2000)."
"2401.07294v4.pdf","Despite these benefits, the MLMM has several limitations that bear mention: (cd.)
6. The arguments for the application of the MLMM as a powerful tool for simulation analysis do not encompass every simulation possibility, and thus the three-level MLMM of individual results will not always be the most appropriate tool for a given use case. For example, the presentation and worked example of this study emphasizes differences in the performance of estimators applied to the same data set. Performance differences are not of primary importance for example when evaluating, for example, a single estimator, in which case analysis of marginal performance averaged across simulation conditions is likely sufficient."
"2401.07294v4.pdf","In sum, the MLMM is both a powerful tool for analyzing simulation studies and easy to apply to simulation data. Simulation practitioners would be well served by exploring its potential to answer their own research questions and provide more interpretable, precise, and generalizable results to improve statistical practice in a range of applied settings."
"2401.07294v4.pdf","References

Abadie, A., Athey, S., Imbens, G. W., & Wooldridge, J. M. (2020). Sampling-based versus design-based uncertainty in regression analysis. Econometrica , 88 (1), 265-296.
Bates, D., M¨ achler, M., Bolker, B., & Walker, S. (2015). Fitting linear mixed-effects models using lme4. Journal of statistical software , 67 , 1-48.
Bell, A., Fairbrother, M., & Jones, K. (2019). Fixed and random effects models: Making an informed choice. Quality & Quantity , 53 , 1051-1074.
Binder, K. (2022). Monte carlo simulations in statistical physics. In Statistical and nonlinear physics (pp. 85-97). Springer.
Bonate, P. L. (2001). A brief introduction to monte carlo simulation. Clinical Pharmacokinetics , 40 , 15-22.
Borenstein, M., Hedges, L. V., Higgins, J. P., & Rothstein, H. R. (2009). Introduction to meta-analysis . John Wiley & Sons.
Boulesteix, A.-L., Hoffmann, S., Charlton, A., & Seibold, H. (2020). A replication crisis in methodological research? Significance , 17 (5), 18-21.
B¨ urkner, P.-C. (2017). brms: An R package for Bayesian multilevel models using Stan. Journal of Statistical Software , 80 , 1-28."
"2401.07294v4.pdf","(cd.)
Carsey, T. M., & Harden, J. J. (2013). Monte carlo simulation and resampling methods for social science . Sage Publications.
Chen, D.-G., & Chen, J. D. (2017). Monte-carlo simulation-based statistical modeling . Springer.
Chopin, N., Papaspiliopoulos, O., et al. (2020). An introduction to sequential monte carlo (Vol. 4). Springer.
Curran, P. J., & Bauer, D. J. (2011). The disaggregation of within-person and between-person effects in longitudinal models of change. Annual Review of Psychology , 62 , 583-619.
do Amaral, J. V. S., Montevechi, J. A. B., de Carvalho Miranda, R., & de Sousa Junior, W. T. (2022). Metamodel-based simulation optimization: A systematic literature review. Simulation Modelling Practice and Theory , 114 , 102403.
Dunn, W. L., & Shultis, J. K. (2022). Exploring monte carlo methods . Elsevier.
Friedman, L. W. (2012). The simulation metamodel . Springer Science & Business Media.
Friedman, L. W., & Friedman, H. H. (1985). Validating the simulation metamodel: Some practical approaches. Simulation , 45 (3), 144-146."
"2401.07294v4.pdf","(cd.)
Friedman, L. W., & Pressman, I. (1988). The metamodel in simulation analysis: Can it be trusted? Journal of the Operational Research Society , 39 (10), 939-948.
Gentner, F. J. (1992). Microeconomic simulation output analysis using a two-way random effects metamodel . University of Michigan.
Gilbert, J. B. (2024a). Estimating treatment effects with the explanatory item response model. Journal of Research on Educational Effectiveness , 1-19.
Gilbert, J. B. (2024b). Modeling item-level heterogeneous treatment effects: A tutorial with the glmer function from the lme4 package in r. Behavior Research Methods , 56 (5), 5055-5067.
Giles, M. B. (2015). Multilevel monte carlo methods. Acta Numerica , 24 , 259-328.
Harrison, R. L. (2010). Introduction to monte carlo simulation. AIP conference proceedings , 1204 (1), 17-21.
Huang, F. L. (2018). Multilevel modeling myths. School Psychology Quarterly , 33 (3), 492."
"2401.07294v4.pdf","(cd.)
Hunter, K. B., Miratrix, L., & Porter, K. (2024). PUMP: Estimating power, minimum detectable effect size, and sample size when adjusting for multiple outcomes in multilevel experiments. Journal of Statistical Software , 108 , 1-43.
Kleijnen, J. P. (1981). Regression analysis for simulation practitioners. Journal of the Operational Research Society , 32 , 35-43.
Knief, U., & Forstmeier, W. (2021). Violating the normality assumption may be the lesser of two evils. Behavior Research Methods , 53 (6), 2576-2590.
Koller, M. (2016). Robustlmm: An r package for robust estimation of linear mixed-effects models. Journal of Statistical Software , 75 , 1-24.
Kroese, D. P., Taimre, T., & Botev, Z. I. (2013). Handbook of monte carlo methods . John Wiley & Sons.
Lee, J., Che, J., Rabe-Hesketh, S., Feller, A., & Miratrix, L. (2024). Improving the estimation of site-specific effects and their distribution in multisite trials. Journal of Educational and Behavioral Statistics , 10769986241254286.
Lin, W. (2013). Agnostic notes on regression adjustments to experimental data: Reexamining Freedman's critique."
"2401.07294v4.pdf","(cd.)
Miratrix, L. W. (2022). Using simulation to analyze interrupted time series designs. Evaluation Review , 46 (6), 750-778.
Miratrix, L. W., & Pustejovsky, J. E. (2023). Designing monte carlo simulations in R . https://jepusto.github.io/Designing-Simulations-in-R/
Miratrix, L. W., Weiss, M. J., & Henderson, B. (2021). An applied researcher's guide to estimating effects from multisite individually randomized trials: Estimands, estimators, and estimates. Journal of Research on Educational Effectiveness , 14 (1), 270-308.
Mooney, C. Z. (1997). Monte carlo simulation . Sage.
Morris, T. P., White, I. R., & Crowther, M. J. (2019). Using simulation studies to evaluate statistical methods. Statistics in Medicine , 38 (11), 2074-2102.
Murnane, R. J., & Willett, J. B. (2010). Methods matter: Improving causal inference in educational and social science research . Oxford University Press."
"2401.07294v4.pdf","(cd.)
Muth´ en, B. (2000). Methodological issues in random coefficient growth modeling using a latent variable framework: Applications to the development of heavy drinking ages 18-37. In Multivariate applications in substance use research (pp. 113-140). Psychology Press.
Papadopoulos, C. E., & Yeung, H. (2001). Uncertainty estimation and monte carlo simulation method. Flow Measurement and Instrumentation , 12 (4), 291-298.
Pashley, N. E., & Miratrix, L. W. (2022). Block what you can, except when you shouldn't. Journal of Educational and Behavioral Statistics , 47 (1), 69-100.
Pawel, S., Kook, L., & Reeve, K. (2024). Pitfalls and potentials in simulation studies: Questionable research practices in comparative simulation studies allow for spurious claims of superiority of any method. Biometrical Journal , 66 (1), 2200091.
Rabe-Hesketh, S., & Skrondal, A. (2022). Multilevel and longitudinal modeling using stata . STATA press.
Raudenbush, S. W., & Bryk, A. S. (2002). Hierarchical linear models: Applications and data analysis methods . Sage."
"2401.07294v4.pdf","(cd.)
Raudenbush, S. W., & Liu, X. (2000). Statistical power and optimal design for multisite randomized trials. Psychological Methods , 5 (2), 199.
Riley, R. D., Ensor, J., Hattle, M., Papadimitropoulou, K., & Morris, T. P. (2023). Two-stage or not two-stage? that is the question for ipd meta-analysis projects. Research synthesis methods , 14 (6), 903-910.
Robert, C. P., Casella, G., & Casella, G. (2010). Introducing monte carlo methods with r (Vol. 18). Springer.
Rosen, S. L., Saunders, C. P., & Guharay, S. K. (2015). A structured approach for rapidly mapping multilevel system measures via simulation metamodeling. Systems Engineering , 18 (1), 87-101.
Sales, A., Prihar, E., Heffernan, N., & Pane, J. F. (2021). The effect of an intelligent tutor on performance on specific posttest problems. International Educational Data Mining Society ."
"2401.07294v4.pdf","(cd.)
Schielzeth, H., Dingemanse, N. J., Nakagawa, S., Westneat, D. F., Allegue, H., Teplitsky, C., R´ eale, D., Dochtermann, N. A., Garamszegi, L. Z., & Araya-Ajoy, Y. G. (2020). Robustness of linear mixed-effects models to violations of distributional assumptions. Methods in Ecology and Evolution , 11 (9), 1141-1152."
"2401.07294v4.pdf","These results suggest that the estimated SEs of each metamodel are capturing a different type of uncertainty in our parameter estimates (Raudenbush & Liu, 2000, p. 201). If we are most interested in the generalizability of our results to other similar but untested simulation conditions, the random slopes MLMM provides the level of uncertainty consistent with this goal because in most simulation studies, we intend to demonstrate conclusions that we cannot prove analytically but expect or intend to hold in settings similar to the conditions tested. Thus, the random slopes MLMM is likely the most appropriate choice from both

a statistical and substantive perspective. Even when there is no natural superpopulation of data-generating conditions, assessing variability across the surface defined by the tested simulation conditions nonetheless provides a useful metric for interpreting the results."
"2401.07294v4.pdf","We can test the calibration of the metamodel SEs by bootstrapping from our simulation results. We have three choices of which units to bootstrap: the 72,900 individual model results (a generally invalid approach because it violates independence), the 24,300 simulated data sets, or the 243 simulation conditions. We test all three of these approaches. Results show that the estimated SE provided by each metamodel essentially captures a different source of uncertainty (see Abadie et al., 2020). That is, when we bootstrap the 72,900 model results, we get SEs that match those of the OLS metamodel; when we block bootstrap the 24,300 simulated datasets, we get SEs that match those of the random intercepts MLMM; when we block bootstrap the 243 simulation conditions, we get SEs that match those of the random slopes MLMM."
"2401.07294v4.pdf","Appendices

A Additional Comments on Metamodel Standard Errors

When analyzing the individual simulation results, consider the SEs provided by an OLS model with no clustering adjustments, a 3-level model with random intercepts for simulation condition, and a 3-level model with random slopes for estimator across simulation condition. While we have theoretical reasons to prefer the three-level random slopes approach, it is instructive to consider what the SEs of the OLS and random intercepts metamodels are capturing."
"2401.07294v4.pdf","Shonkwiler, R. W., & Mendivil, F. (2009). Explorations in monte carlo methods . Springer Science & Business Media.
Siepe, B. S., Bartoˇ s, F., Morris, T. P., Boulesteix, A.-L., Heck, D. W., & Pawel, S. (2024). Simulation studies for methodological research in psychology: A standardized template for planning, preregistration, and reporting. Psychological Methods .
Singer, J. D., & Willett, J. B. (2003). Applied longitudinal data analysis: Modeling change and event occurrence . Oxford university press.
Skrondal, A. (2000). Design and analysis of monte carlo experiments: Attacking the conventional wisdom. Multivariate Behavioral Research , 35 (2), 137-167.
Stewart, G. B., Altman, D. G., Askie, L. M., Duley, L., Simmonds, M. C., & Stewart, L. A. (2012). Statistical analysis of individual participant data meta-analyses: A comparison of methods and recommendations for practice. PLoS One .
Thomopoulos, N. T. (2012). Essentials of monte carlo simulation: Statistical methods for building simulation models . Springer Science & Business Media.
Wasserman, L. (2000). Bayesian model selection and model averaging. Journal of Mathematical Psychology , 44 (1), 92-107.
Zeileis, A., K¨ oll, S., & Graham, N. (2020). Various versatile variances: An object-oriented implementation of clustered covariances in R. Journal of Statistical Software , 95 , 1-36."
"2401.07294v4.pdf","Because the simulation design and data-generating process is known and fully controlled by the researcher, metamodel regression coefficients have a straightforward causal interpretation, reflecting the average change in the outcome caused by a unit change in the predictor. As such, the metamodel allows the researcher to test specific hypotheses about how simulation conditions affect the outcome of interest, such as how larger sample sizes may reduce bias, or how including random slopes in an estimator may increase the estimated SEs of an associated main effect. The metamodel therefore provides a powerful tool to summarize

and interpret simulation results (Friedman & Pressman, 1988; Rosen et al., 2015; Skrondal, 2000). Furthermore, metamodels need not be limited to classical regression approaches; recent reviews have highlighted the potential affordances of machine learning approaches as new frontier to improve the accuracy of metamodels in representing complex simulation conditions (do Amaral et al., 2022, pp. 152-153)."
"2401.07294v4.pdf","1.1 The Simulation Metamodel

One approach to address some of the challenges listed above is to use a regression model, regressing various metrics of estimator performance onto the simulation factors. Regression modeling of simulation results is called a 'metamodel' because the outcome in the regression is itself a result generated from another statistical model (Friedman & Friedman, 1985; Kleijnen, 1981). The metamodel can summarize the average influence of the simulation condition predictors (e.g., sample size) on outcomes of interest (e.g., bias, power, etc.) in complex factorial simulation designs with many combinations of simulation conditions. In a metamodel with main effects only, the coefficients for the estimator in the metamodel average over the other simulation conditions and reveal if, on average, one estimator performs better or worse than another. Interaction effects between estimator and simulation condition allow differences in performance between estimators to depend on simulation features."
"2401.07294v4.pdf","In complex simulations comparing multiple estimators across many varying simulation factors, it can be difficult to present and interpret the simulation results to understand overall trends, such as when one estimator has lower bias or greater precision than another estimator. When comparing estimator performance, typical practice is to show performance of each estimator in a table and compare the results by eye, or possibly plot performance in a figure, and again compare by eye (Miratrix & Pustejovsky, 2023, Chapter 13). Sometimes simulation results report Monte Carlo uncertainty (Papadopoulos & Yeung, 2001), but Monte Carlo

standard errors provide uncertainty for the individual performance of an estimator in a given scenario (or aggregated across scenarios), and do not provide uncertainty on any estimated differences between estimators. Two recent reviews show that providing any uncertainty estimates associated with simulation findings is rare, in that only 23% (Siepe et al., 2024) and 7% (Morris et al., 2019) of the simulation studies examined in each review reported Monte Carlo standard errors. As a result, the utility of simulation studies in improving statistical practice remains unnecessarily limited (Siepe et al., 2024)."
"2401.07294v4.pdf","As an example, consider the task of evaluating the properties of different estimators applied to same data set, such as the use of fixed versus random effects estimators in multisite randomized controlled trials (RCTs) (Miratrix et al., 2021). The general approach to such a simulation study includes creating a set of simulation conditions to generate each data set (e.g., sample size, average treatment effect size, degree of treatment heterogeneity), a method for generating data given the conditions, a set of models to be applied to each data set (e.g., fixed effects, random intercepts, random slopes), and fitting each model to each simulated data set across many replications. Results such as the point estimate, its estimated standard error (SE), and its difference from the data-generating value (i.e., error) are then combined into a single data set for further analysis."
"2401.07294v4.pdf","1 Introduction

Monte Carlo simulation is an essential method in the toolkit of the modern statistician. From its origins in the 1940s, simulation has been applied to countless theoretical and empirical problems, and provides a particularly powerful tool when analytic solutions are not tractable, such as power analysis for complex designs or comparisons of the finite sample statistical properties of novel estimators or methods. As such, simulation has been applied in a wide range of fields, from mathematical statistics to statistical physics to causal inference in the social sciences (e.g., Binder, 2022; Bonate, 2001; Harrison, 2010; Hunter et al., 2024; Lee et al., 2024; Miratrix, 2022; Miratrix et al., 2021; Mooney, 1997)."
"2401.07294v4.pdf","Author Note: No financial support was received for the writing of this article. The authors report no conflicts of interest. The code for this article is available as an online supplemental file (https://researchbox.org/2429&PEER REVIEW passcode=LJICWO). The authors wish to thank Zach Himmelsbach, Ben Domingue, and seminar participants at Stanford University for their helpful comments on drafts of this paper.

Author Contributions: Conceptualization: JG, LM; Methodology: JG, LM; Software: JG; Formal Analysis: JG; Writing-original draft preparation: JG; Writing-review and editing: JG, LM"
"2401.07294v4.pdf","Multilevel Metamodels: Enhancing Inference, Interpretability, and Generalizability in Monte Carlo Simulation Studies

Joshua B. Gilbert 1 and Luke W. Miratrix 1

1 Harvard University Graduate School of Education

Abstract

Metamodels, or the regression analysis of Monte Carlo simulation results, provide a powerful tool to summarize simulation findings. However, an underutilized approach is the multilevel metamodel (MLMM) that accounts for the dependent data structure that arises from fitting multiple models to the same simulated data set. In this study, we articulate the theoretical rationale for the MLMM and illustrate how it can improve the interpretability of simulation results, better account for complex simulation designs, and provide new insights into the generalizability of simulation findings.

Keywords : Monte Carlo simulation, metamodels, multilevel models, generalizability

Corresponding author: joshua gilbert@g.harvard.edu"
"2401.07294v4.pdf","Table 1: Content Analysis of Monte Carlo Simulation Textbooks

Textbook | Author, Year | Comparing Statistical Methods | Regression/ Meta- model | Multilevel Meta- model
The Simulation Metamodel | Friedman, 2012 | Yes | Yes | No
Designing Monte Carlo Sim- ulations in R | Miratrix and Pustejovsky, 2023 | Yes | Yes | No
Essentials of Monte Carlo Simulation: Statistical Meth- ods for Building Simulation Models | Thomopoulos, 2012 | Yes | No | No
Explorations in Monte Carlo Methods | Shonkwiler and Mendivil, 2009 | Yes | No | No
Monte Carlo Simulation and Resampling Methods for So- cial Science | Carsey and Harden, 2013 | Yes | No | No
Exploring Monte Carlo Methods | Dunn and Shultis, 2022 | No | No | No
An Introduction to Sequen- tial Monte Carlo | Chopin, Papaspiliopoulos, et al., 2020 | Yes | No | No
Introducing Monte Carlo Methods with R | Robert et al., 2010 | No | No | No
Handbook of Monte Carlo Methods | Kroese et al., 2013 | Yes | No | No
Monte-Carlo simulation- based statistical modeling | Chen and Chen, 2017 | Yes | No | No

(Friedman, 2012), but makes no mention of the MLMM, another briefly mentions only OLS metamodeling (Miratrix & Pustejovsky, 2023, Chapter 13), and the remaining eight mention neither strategy."
"2401.07294v4.pdf","1 A search of the literature for terms such as 'Multilevel Monte Carlo' does yield results, but these refer to 'performing most simulations with low accuracy at a correspondingly low cost, with relatively few simulations being performed at high accuracy and a high cost' (Giles, 2015, p. 259) rather than the random effects models explored in this study."
"2401.07294v4.pdf","We are aware of only three instances of an MLMM applied to analyze the results of an simulation study. 1 The first is a 1992 dissertation on random effects metamodels in microeconomics that has rarely (if ever) been cited (Gentner, 1992). The second is a critique of simulation practices that briefly suggests random effects models to handle dependence (Skrondal, 2000). The third is a more recent study in education research that compares the statistical power of four psychometric models across a range of simulation conditions and includes random intercepts for data set (Gilbert, 2024a, pp. 10-13). Furthermore, to our knowledge, no simulation tutorials or textbooks describe using the MLMM to analyze simulation results. For example, Table 1 lists 10 Monte Carlo methods textbooks along with whether they reference Monte Carlo simulation for comparing statistical methods (versus, e.g., purely mathematical descriptions of Monte Carlo processes), regression metamodels in general, or multilevel metamodels in particular. One textbook is dedicated to metamodeling"
"2401.07294v4.pdf","As an alternative to cluster-robust SEs, a common and flexible approach to addressing statistical dependence is the multilevel model (MLM, also called the random effects model, hierarchical linear model, or mixed effects model) that explicitly accounts for the correlation between observations drawn from the same cluster by including random effects for cluster (here, data set or simulation condition) membership. The MLM has seen varied applications in empirical research, such as longitudinal analysis of repeated measures over time, cross-sectional nested data, educational measurement and psychometrics, and other fields (Rabe-Hesketh & Skrondal, 2022; Raudenbush & Bryk, 2002; Singer & Willett, 2003), but appears to be quite rare as a tool to analyze simulation results in a metamodel. We propose that the multilevel metamodel (MLMM) is a powerful tool for the analysis of simulation results. We show that the MLMM better accounts for the data structure of many simulation studies and allows for interpretable estimates of the consistency and generalizability of simulation results across the tested conditions."
"2401.07294v4.pdf","1.1.1 Illustrating Metamodeling Strategies Through a Simple Simulation

To illustrate the benefits of the MLMM, we use a relatively simple running example of a simulation to assess the effects of covariate adjustment in randomized controlled trials (RCTs). Regression models for causal treatment effects are mostly unbiased whether or not covariates are included (Lin, 2013), but covariate adjustment can reduce residual variance and estimation uncertainty and increase statistical power (Murnane & Willett, 2010). Imagining

for pedagogical purposes that the relevant results were unknown and not analytically tractable, we will explore them with a simulation to provide a concrete illustration of the issues at play and illustrate how the MLMM can provide insights beyond what more conventional metamodeling approaches can provide."
"2401.07294v4.pdf","There is another statistical concern that has received less attention in the metamodeling literature: the regression assumption of conditional independence. That is, when two or more models are fit to the same simulated data set, their results will be correlated because any randomness of a simulated data set drawn from the same data-generating conditionsi.e., Monte Carlo uncertainty-is shared by all models applied to that data set. Standard metamodeling approaches such OLS or WLS typically ignore the correlation that arises from this dependence. One could apply cluster-robust SEs, clustering at the dataset or simulation condition level. However, these corrections treat the dependence only as a nuisance to be corrected for rather than an object of substantive interest in its own right, and, as we discuss in this paper, therefore limits the quality of subsequent inferences in important ways."
"2401.07294v4.pdf","There are, however, a few statistical concerns that need to be taken into account when using metamodels. The first is possible heteroskedasticity due to the structure of the simulation. Heteroskedasticity is routine when using metamodels for simulation results. For example, when varying sample sizes or the presence vs. absence of predictive covariates are included in the simulation conditions, some subsets of results will provide more or less noisy estimates of estimator performance than others. In this case, the usual homoskedasticity assumption of the standard OLS regression model no longer hold. For example, when examining the performance of an estimator, performance estimates for scenarios with small sample sizes will be more variable than estimates derived from large sample sizes, even if the mean outcome in both conditions is the same. This heteroskedasticity can be fairly easily addressed with weighted least squares (WLS) or heteroskedasticity-robust standard errors (SEs) that take the precision of each condition into account (Kleijnen, 1981)."
"2401.07294v4.pdf","The typical workflow for a simulation study of the above question would include the following steps:
1. Create a grid of simulation conditions, in the present case, the size of the treatment effect, the proportion of units treated, the sample size, the correlation between the covariate and outcome, and the size of the treatment by covariate interaction (which creates heteroskedasticity in models without the covariate).
2. For each simulation condition, repeatedly simulate a data set with three variables: the outcome, a treatment indicator, and a single covariate, based on the simulation conditions.
3. For each simulated data set, fit three models: 'unadjusted,' a simple linear regression model of the outcome on the treatment, 'adjusted,' a multiple linear regression model with main effects for treatment and the covariate, and 'interacted,' a multiple linear regression model with an added interaction between the treatment and the covariate (Lin, 2013).
4. Repeat the process for each simulation condition and collect the results for further analysis."
"2401.07294v4.pdf","How should the simulation results be analyzed? While the most common approach in the simulation literature is to analyze performance separately for each estimator for each simulation condition through aggregation, tabulation, or visualization, when we are most interested in the performance differences between estimators, metamodels that allow for formal tests of these differences offer an attractive approach.

1.2 Metamodeling Approaches

Typically, a metamodel is a regression of some performance metric (e.g., power, bias, false positive rate, root mean squared error, or coverage rate) onto the set of simulation factors along with, when comparing multiple estimators, indicator variables for each type of estimator. For our running case study, we might first, for example, calculate the estimated power for each estimator i in simulation condition k , obtaining Y i.k (we use the Y notation to emphasize that we are averaging over all the generated data sets j in condition k ), and then regressing the estimated power onto the simulation conditions as follows:

Y i.k = β 0 + β 1 adjusted i.k + β 2 interacted i.k + X k Γ + ε i.k (1)"
"2401.07294v4.pdf","in which adjusted i.k is an indicator variable for whether we are using the adjusted estimator, and interacted i.k is an indicator for whether we are using the interacted estimator. X k Γ is a matrix of simulation condition-level covariates (e.g., sample size, ATE, etc.). β 0 is the mean power for the unadjusted model (when the other simulation conditions are set to their reference groups), and β 1 and β 2 represent the average change in power caused by using the adjusted or interacted estimator, respectively, on average, across all data sets and simulation conditions, and ε i.k represents the residual variation unexplained by the predictors in the model. Equation 1 gives an overall comparison of our two estimators to baseline: the β 1 and β 2 coefficients are the average benefit to power, averaged across all simulation scenarios, from our two possible forms of adjustment."
"2401.07294v4.pdf","While Equation 1 provides a valuable baseline to capture the average effects of the covariates of interest across all conditions, one would typically include interactions between the dummy variables for the different estimators and other data-generating parameters, such as sample size or correlation between the outcome and the covariate, in order to see how different estimators respond differently to the simulation conditions. We will return to

interaction models later on, but for clarity of exposition continue with this simpler model here."
"2401.07294v4.pdf","While the OLS approach is both simple to implement and to interpret, the OLS assumption that the residuals ε i.k are conditionally independent is guaranteed to be violated for two reasons. First, when the multiple models are fit to the same collection of data sets, any sampling variability affecting the results in the data sets are shared across models. To illustrate, consider if one of the datasets in simulation condition k had an extreme outlier, causing all three estimators to deviate widely from the others. This would translate into the three estimated performance measures sharing a common perturbation. They are thus not independent. Second, the model assumes an additive effect of the simulation conditions on the performance measure. If this is not the case, then the model will be systematically over-predicting for some conditions and under-predicting for others. This again induces a correlation structure of the residual error within the simulation condition."
"2401.07294v4.pdf","While these dependencies could be addressed with, for example, cluster robust SEs at the simulation condition level, we argue that leveraging this dependence through an MLMMrather than viewing it as a nuisance-can be a promising alternative. Further, we can actually fit a three-level MMLM to the individual estimates on the individual datasets to provide further opportunities for analysis and interpretation. We first discuss the more direct extension of the classic metamodel to MLMs, and then turn to the proposed approach of working with the estimate-level data.

1.2.1 Two-Level MLMMs for the Aggregated Results

The concern identified above with Equation 1 is that there are dependencies of the estimators within a given simulation condition k . We can address this by extending Equation 1 to

include a random intercept for simulation condition, ν 0 k :

Y i.k = β 0 k + β 1 adjusted i.k + β 2 interacted i.k + ε i.k (2)

ε i.k ∼ N (0 , σ 2 ) (3)

β 0 k = δ 0 + X k Γ + ν 0 k (4)

ν 0 k ∼ N (0 , ψ 2 0 ) . (5)"
"2401.07294v4.pdf","Not only does this model allow for the dependency structure within simulation condition, but the quantity ψ 2 0 is itself of interest. In particular, this measure of variation is a combination of the shared error of the performance metric estimates (the data dependency induced by shared datasets) and the systematic variation unexplained by the simulation parameters and estimation method. Assuming the number of simulation trials is reasonable, the bulk of this quantity will be this latter value, which tells us how much systematic variation in performance we are not explaining with our model. As we will see, this can give us important clues as to what interactions we should include between our covariates.

Equation 2 is quite general. We can take any performance measure of interest and regress it on the dummy variables and simulation condition variables with random effects for simulation condition, and we immediately obtain statistically valid estimates of the contrast between our estimators that account for potentially complex interactions among the simulation conditions."
"2401.07294v4.pdf","Perhaps the most obvious benefit of the MLMM is that it can increase the precision of the estimated coefficients that contrast our estimators, when compared to the OLS approach. Consider ˆ β 1 derived from Equation 1, the estimated improvement in Y i.k of the adjusted model over the unadjusted model. Ignoring the main effects of simulation condition included as covariates for now, the OLS metamodel is equivalent to a two-sample t -test, or a linear regression of a continuous outcome on a dichotomous predictor that provides the mean difference between the groups. Assuming homoskedasticity and equal sample sizes between the two groups, the SE of the mean difference is given by the familiar formula ̂ SE( β 1OLS ) = 2 σ √ n ,"
"2401.07294v4.pdf","where σ is equivalent to the RMSE of the regression. Assuming random intercepts only, the formula for ̂ SE( β 1MLM ) is identical, as in a multi-site trial, where each simulation condition is equivalent to a 'site' (Raudenbush & Liu, 2000, p. 201). However σ 2 in the MLMM is the residual, within-simulation condition variance after the between-simulation condition variance ψ 2 0 has been subtracted out. Because the total residual variance is the same in both metamodels ( σ 2 in the OLS metamodel and σ 2 + ψ 2 0 in the MLMM), to the extent that ψ 2 0 ≥ 0, which, as a variance, it must be, the MLMM will always be equally or more efficient than the comparable OLS metamodel in the case of Level 1 predictors. That is, despite a general 'myth' that MLMs always provide larger SEs than OLS (Huang, 2018, p. 494), the SEs of within-cluster variables are often over -estimated in OLS when between-cluster variance is high. In the simulation case, the random intercepts MLMM can only improve statistical precision and power, which has implications for both reduced computation time and the design and analysis of simulation studies (see Appendix A for additional discussion of this point in reference to our results)."
"2401.07294v4.pdf","In other words, we can conceive of a simulation study as a blocked experiment with each simulation condition as a block (Pashley & Miratrix, 2022). We can take advantage of this structure by including the blocks as random effects in our model. One could include fixed effects for similar gains, but that would prohibit inclusion of the simulation factors as covariates. We therefore argue the random effects specification is more appropriate for this application.

With these considerations in mind, we can do better by fitting a model to the individual estimates, backing out our performance measures by letting the model itself do the aggregating. This allows us to separate the error from the datasets from the systematic variation missed by our model. This could be a major concern if we are unable to run a large number of trials within each simulation condition, meaning our sampling error due to the data sets could be large. We discuss how to extend to the three-level MLMM next."
"2401.07294v4.pdf","1.2.2 Three-Level MLMM for the Individual Results

Including a random effect for simulation condition solves the dependency problem, and also provides an estimate of how much of the variation in performance is unexplained by the simulation condition main effects. However, we can actually extract more information than that by recognizing that our initial 'level 1' in the two-level MLMM is actually aggregated data across the simulated datasets.

We can therefore instead consider the following three-level MLMM, which more closely mirrors the structure of the simulation as a data-generating process:

Y ijk = β 0 jk + β 10 k adjusted ijk + β 20 k interacted ijk + ε ijk (6)

β 0 jk = γ 00 k + ζ jk (7)

γ 00 k = δ 000 + X k Γ + ν 0 k (8)

β 10 k = δ 001 + ν 1 k (9)

β 20 k = δ 002 + ν 2 k (10)

      ν 0 k ν 1 k ν 2 k       ∼ N             0 0 0       ,       ψ 2 0 ρ 01 ρ 02 ρ 10 ψ 2 1 ρ 12 ρ 20 ρ 21 ψ 2 2             (11)

ζ jk ∼ N (0 , τ 2 ) (12)

ε ijk ∼ N (0 , σ 2 ) . (13)"
"2401.07294v4.pdf","In the three-level MLMM, we no longer have a performance measure Y i.k , but instead need to use some estimate-level quantity Y ijk which, if averaged across datasets, would produce our desired performance measure. For example, for power, Y ijk would be an indicator of rejecting a target hypothesis (1) or not (0). For mean squared error, Y ijk = ( ̂ ATE ijk -ATE k ) 2 , i.e. the

Table 2: Estimate-level quantity needed to obtain various performance metrics

Performance Metric | Y ijk
Power False Positive Rate Bias Mean Squared Error Average Estimated Standard Error Coverage | 1 = reject null when ATE > 0 1 = reject null when ATE = 0 ̂ ATE - ATE ( ̂ ATE - ATE) 2 ̂ SE(ATE) 1 = 95% CI includes the true value

squared error of the specific estimate. See Table 2 for additional detail regarding which Y ijk to use for which performance metric.

The three-level MLMM provides a rich description of how the estimators vary across simulation conditions. First, ζ jk captures random variation between data sets and within simulation conditions with variance τ 2 , and ε ijk captures residual differences of the estimators within data sets, after the main effects β 1 and β 2 have been accounted for."
"2401.07294v4.pdf","The random effects at Level 3 have been expanded, with random slopes for the two estimators we are comparing to the baseline of the unadjusted model. The set of random effects allow for an intercept shift capturing potential interactions among the simulation conditions ( ν 0 k ), as with the two-level model, and also allow the effects of our adjustment estimators to vary across simulation conditions ( ν 1 k , ν 2 k ). In other words, δ 001 represents the average effect of 'adjusted' over 'unadjusted' across all simulation conditions, and β 10 k = δ 001 + ν 1 k is the effect for a given simulation condition k .

ψ 2 1 provides the variance of ν 1 k across simulation conditions and can be used to assess how much variation in improvement there is for 'adjusted' across simulation conditions. We can also use ψ 2 1 to generate a rough prediction interval for a range of β 10 k values across the tested simulation conditions, a substantively important quantity for the generalizability of simulation results that has no parametric analog in the metamodels of aggregated results."
"2401.07294v4.pdf","1.2.3 Contrasting the two-level and three-level MLMM

There are several reasons to prefer the three-level MLMM over the two-level MLMM when analyzing simulation results. First, the three-level MLMM provides all the affordances of the two level model, assuming we can express our targeted performance metric in terms of an average of an estimate-level measure. Substantively, the random slope variances ( ψ 2 1 , ψ 2 2 ) have both an intuitive and practically important meaning and allow for explorations of how generalizable the contrast between possible estimators are across the tested conditions. The two-level MLMM cannot provide a similar metric of generalizability because analogous random slopes models are not identified because the outcome can be 'perfectly' fit by the model (Muth´ en, 2000), thus giving up a powerful measure of the generalizability of the results compared to three-level models of the disaggregated data. However, if only average effects are of interest, aggregation provides a reasonable approach, and the variability in aggregated performance measures can be taken into account by using the inverse of the squared Monte Carlo SEs as weights. 2"
"2401.07294v4.pdf","Compared to the three-level MLMM for individual simulation results, the two-level MLMM for aggregated results is most applicable to performance metrics such as true standard error or standard error calibration because these quantities are typically defined at the aggregate level, and cannot be expressed as a simple average of estimate-level characteristics. In these circumstances, a two-level random intercepts MLMM such as Equation 2 provides a reasonable analytic framework. However, as we will demonstrate in Section 3.3, even metrics that are typically defined at the aggregate level such as the true SE and the RMSE can be evaluated in the three-level MLMM framework, at least to good approximation, and thus gain the added benefits of the three-level approach for these metrics as well.

2 Comparisons of the two- and three-level models are analogous to comparisons between aggregated and individual participant meta-analysis (Riley et al., 2023; Stewart et al., 2012)"
"2401.07294v4.pdf","Table 3: Grid of simulation conditions

Simulation Condition | Variable Name | Data-Generating Values
Sample Size | n | 100, 300, 500
Average Treatment Effect Size | b1 | 0, 0.2, 0.4
Proportion of Units Treated | prop treated | 0.5, 0.7, 0.9
Correlation between Covariate and Outcome | b2 | 0.3, 0.5, 0.7
Treatment by Covariate Interaction | b3 | 0, 0.25, 0.5

Notes: The covariate is drawn from N (0 , 1) and the treatment indicator is drawn from a Bernoulli distribution. See our supplement for additional detail.

We next demonstrate the affordances of the MLMM in practice, using our running example of how covariate adjustment in RCTs affects the properties of an average treatment effect estimate.

2 Methods

In this section, we perform a simulation comparing our three estimators for the average treatment effect in a randomized controlled trial. We will compare various metamodels of these data, and discuss when one would be preferred over another. All simulations and analyses were conducted in R."
"2401.07294v4.pdf","For the simulation itself, we include the following crossed simulation factors in a full factorial design: sample size, average treatment effect size, proportion of units treated, correlation between covariate and outcome (in the control group), and treatment by covariate interaction for a total of 243 simulation conditions, as summarized in Table 3. We generate data from each condition and fit three OLS regression models-unadjusted, adjusted, and interacted-to each simulated data set. We repeat the process 100 times for a total of 72,900 model results across 24,300 data sets. For each model, we collect the metrics listed in Table 2 for analysis with respect to the estimated average treatment effect ̂ ATE for each model.

To analyze the results, we fit four metamodels as shown in Table 4, which includes the R code used to fit each metamodel, using the lm robust function for the OLS metamodel"
"2401.07294v4.pdf","Table 4: Metamodels fit to the simulation results

Model Number | Predictors | Estimation | R Code
1 | Main effects | three-level RS | lmer(y ~ estimator + n + prop treated + b1 + b2 + b3 + (1|dataset) + (model|dgp))
2 | Interaction effects | three-level RS | lmer(y ~ estimator*(n + prop treated + b1 + b2 + b3) +
3 | Interaction effects | cluster-robust OLS, aggregated | lm robust(y ~ estimator*(n + prop treated + b1 + b2 + b3), agg, clusters = dgp)
4 | Interaction effects | two-level RI, aggregated | lmer(y ~ estimator*(n + prop treated + b1 + b2 + b3) + (1|dgp), agg)

Notes: RI = Random Intercepts, RS = Random Slopes. agg is a data set of aggregated results; dat is a data set of individual results. y is the relevant outcome (see Table 2), b1 is the average treatment effect size, b2 is the correlation between covariate and outcome in the control group, and b3 is the treatment by covariate interaction."
"2401.07294v4.pdf","with clustered standard errors at the simulation condition level and the lme4 package for the MLMMs (Bates et al., 2015). For three-level models of the squared error, we use a generalized linear model with a square root link function estimated with glmer . Our focal predictor variable is estimator , a categorical variable indicating the unadjusted, adjusted, or interacted model, where unadjusted is the reference group. 3

Model 1 is a three-level random slopes MLMM of the individual results (Eqn. 6), with only main effects for simulation condition factors. The random slope variances ( ψ 2 1 and ψ 2 2 ) in Model 1 allow the effect of estimator to vary randomly across the simulation conditions. Large values of these variance components would suggest the presence of omitted interaction effects between the simulation conditions and estimator . As such, Model 2 includes the two-way interactions. A reduction in ψ 2 1 and ψ 2 2 to near 0 in Model 2 would suggest that the two-way interactions adequately account for the systematic variation in the effects of estimator across simulation conditions. To serve as a contrast, Models 3 and 4 both analyze"
"2401.07294v4.pdf","3 Here, the use of unadjusted as the reference group is an intuitive choice, but the choice of reference group may be arbitrary in other simulation contexts. In such cases, contrast coding may be more interpretable.

the aggregated data, using cluster-robust OLS and a two-level random intercepts model, respectively, and include all two-way interactions between estimator and the simulation conditions.

We fit these multiple specifications to illustrate the differences between the metamodeling approaches. In a typical simulation study, the analyst would only pursue one metamodeling strategy and would most likely begin with an interaction model. We return to issues of model building and selection in the Discussion."
"2401.07294v4.pdf","3 Results

We highlight metamodel results for power, false positives, and squared error to illustrate the affordances of the MLMM approach. Analogous metamodels for bias, coverage, estimated standard errors, and standard error calibration are included in our supplement. For both power and false positives, we multiply the binary 0/1 outcome by 100 so that the coefficients can be interpreted in percentage point terms. We treat all covariates as categorical variables so we make no linearity assumptions, though the models for binary responses could easily be extended to logit or probit specifications if desired. We spend most of our exposition on the metamodels for power to clearly describe the model-building strategy and interpretation of the results, which we then replicate with the additional examples as shorter illustrations of the same approach."
"2401.07294v4.pdf","3.1 Power

To motivate the application of the MLMM to understand the statistical power results, first consider Figure 1, which shows a box plot of statistical power estimates across a range of simulation conditions (aggregated by factorial condition, not results from the individual datasets). Such visualizations are common in simulation studies. We examine only the simulation conditions in which the treatment effect is positive (i.e., b1 = 0.2, 0.4), and

The figure shows the distribution of statistical power by condition. Unadjusted represents a model with the treatment indicator only, Adjusted includes the covariate as a main effect, and Interacted includes the covariate as an interaction effect. b3 represents the interaction between treatment and covariate and b2 represents the correlation between covariate and outcome in the control group. Each box shows power across the varying sample sizes and the non-zero ATEs."
"2401.07294v4.pdf","we clearly see that while the unadjusted model generally demonstrates lower power than the alternatives, the magnitude of the difference depends on the simulation conditions. Furthermore, there are clearly main effects of simulation conditions. For example, increasing the proportion of units treated above 50% has deleterious effects on power across all conditions. Even in this relatively simple case, it is difficult to determine the size, consistency, and statistical significance of the differences in power by estimator based on the box plot alone. Thus, for confirmatory data analysis that strives to inform and influence statistical practice, a metamodeling approach is necessary to quantify the differences between estimators and the precision of these differences.

Table 5 presents the results of the metamodels for statistical power and illustrates several key insights. First, the positive coefficients for estimator (adjusted and interacted) in Model 1 (which excludes the interaction terms) can be interpreted as the average increase to power"
"2401.07294v4.pdf","caused by covariate adjustment in simulation conditions similar to those explored here, of about 12.5 percentage points on average. However, the large values of ψ 2 1 and ψ 2 2 suggest that there is substantial variability in the effect of estimator across simulation conditions. Specifically, ψ 1 = 10 , ψ 2 = 10 . 8, suggesting that the main effects, while positive, could vary by about 10 percentage points in either direction two-thirds of the time, suggesting the presence of estimator by simulation condition interaction effects."
"2401.07294v4.pdf","Figure 2 shows the distributions of empirical Bayes estimates of the random slopes of the effect of 'adjusted' for Model 1, and we see substantial variability. This finding suggests that the benefits or costs to statistical power of including covariates in the regression model are likely to be somewhat variable in any individual case, though nearly always positive in our sample. We can calculate the reliability of the empirical Bayes estimates using the following formula: ψ 2 V (EB)+ ψ 2 , where V (EB) is the variance of the empirical Bayes estimate. These are averaged across conditions to calculate the average reliability, yielding a reliability of .92 in Model 1. Thus, in the present case, the high reliability implies that the descriptive point estimates and the empirical Bayes estimates are very similar. In expensive simulations where only a few iterations are run per condition, unreliability and overdispersion would serve to make descriptive results such as the box plot presented in Figure 1 both difficult to interpret and potentially misleading compared to an MLMM that adjusts for reliability as part of the estimation procedure."
"2401.07294v4.pdf","Given this variability, Model 2 includes all two-way interactions between estimator and the simulation conditions. The results show that the main effects of the correlation between covariate and outcome in the control group are precise nulls, which is an intuitive result because this term now reflects the effect of the predictive covariate on power for the model that includes the treatment indicator only, which we would expect to be 0. However, interactions between estimator and this correlation are significant, suggesting that the predictive covariate must be included in the model to increase power, as expected. The added interaction terms in Model 2 reduce the residual variance of the random slopes by about"
"2401.07294v4.pdf","Table 5: Metamodels for Statistical Power

| RS | RS | OLS Agg. | RI Agg.
Intercept | 23 . 51 (1 . 52) ∗∗∗ | 29 . 81 (1 . 79) ∗∗∗ | 29 . 81 (1 . 79) ∗∗∗ | 29 . 81 (1 . 77) ∗∗∗
Adjusted | 12 . 22 (0 . 83) ∗∗∗ | 0 . 91 (1 . 96) | 0 . 91 (1 . 71) | 0 . 91 (1 . 68)
Interacted | 12 . 51 (0 . 89) ∗∗∗ | - 0 . 10 (2 . 10) | - 0 . 10 (1 . 83) | - 0 . 10 (1 . 68)
N = 300 | 26 . 94 (1 . 13) ∗∗∗ | 25 . 94 (1 . 39) ∗∗∗ | 25 . 94 (1 . 52) ∗∗∗ | 25 . 94 (1 . 37) ∗∗∗
N = 500 | 40 . 91 (1 . 13) ∗∗∗ | 41 . 69 (1 . 39) ∗∗∗ | 41 . 69 (1 . 39) ∗∗∗ | 41 . 69 (1 . 37) ∗∗∗
70% Treated | - 4 . 52 (1 . 13) ∗∗∗ | - 5 . 52 (1 . 39) ∗∗∗ | - 5 . 52 (1 . 17) ∗∗∗ | - 5 . 52 (1 . 37) ∗∗∗
90% Treated | - 25 . 67 (1 . 13) ∗∗∗ | - 27 . 57 (1 . 39) ∗∗∗ | - 27 . 57 (1 . 44) ∗∗∗ | - 27 . 57 (1 . 37) ∗∗∗
ATE = 0.4 | 34 . 67 (0 . 92) ∗∗∗ | 36 . 26 (1 . 13) ∗∗∗ | 36 . 26 (1 . 13) ∗∗∗ | 36 . 26 (1 . 12) ∗∗∗
Corr. = 0.5 | 2 . 74 (1 . 13) ∗ | - 0 . 26 (1 . 39) | - 0 . 26 (1 . 40) | - 0 . 26 (1 . 37)
Corr. = 0.7 | 6 . 17 (1 . 13) ∗∗∗ | - 1 . 33 (1 . 39) | - 1 . 33 (1 . 36) | - 1 . 33 (1 . 37)
Int. = 0.25 | - 1 . 99 (1 . 13) | - 4 . 46 (1 . 39) ∗∗ | - 4 . 46 (1 . 29) ∗∗∗ | - 4 . 46 (1 . 37) ∗∗"
"2401.07294v4.pdf","Table 5: Metamodels for Statistical Power (cd.)

| RS | RS | OLS Agg. | RI Agg.
Intercept | 23 . 51 (1 . 52) ∗∗∗ | 29 . 81 (1 . 79) ∗∗∗ | 29 . 81 (1 . 79) ∗∗∗ | 29 . 81 (1 . 77) ∗∗∗
Int. = 0.5 | - 6 . 11 (1 . 13) ∗∗∗ | - 11 . 30 (1 . 39) ∗∗∗ | - 11 . 30 (1 . 38) ∗∗∗ | - 11 . 30 (1 . 37) ∗∗∗
Adjusted x N = 300 |  | 1 . 30 (1 . 52) | 1 . 30 (1 . 52) | 1 . 30 (1 . 30)
Interacted x N = 300 |  | 2 . 52 (1 . 63) | 2 . 52 (1 . 62) | 2 . 52 (1 . 30)
Adjusted x N = 500 |  | - 2 . 02 (1 . 52) | - 2 . 02 (1 . 55) | - 2 . 02 (1 . 30)
Interacted x N = 500 |  | - 0 . 89 (1 . 63) | - 0 . 89 (1 . 67) | - 0 . 89 (1 . 30)
Adjusted x 70% Treated |  | 1 . 94 (1 . 52) | 1 . 94 (1 . 55) | 1 . 94 (1 . 30)
Interacted x 70% Treated |  | 1 . 85 (1 . 63) | 1 . 85 (1 . 66) | 1 . 85 (1 . 30)
Adjusted x 90% Treated |  | 4 . 33 (1 . 52) ∗∗ | 4 . 33 (1 . 44) ∗∗ | 4 . 33 (1 . 30) ∗∗∗
Interacted x 90% Treated |  | 2 . 83 (1 . 63) | 2 . 83 (1 . 56) | 2 . 83 (1 . 30) ∗
Adjusted x ATE = 0.4 |  | - 2 . 89 (1 . 24) ∗ | - 2 . 89 (1 . 22) ∗ | - 2 . 89 (1 . 07) ∗∗
Interacted x ATE = 0.4 |  | - 3 . 14 (1 . 33) ∗ | - 3 . 14 (1 . 32) ∗ | - 3 . 14 (1 . 07) ∗∗"
"2401.07294v4.pdf","Table 5: Metamodels for Statistical Power (cd.)

| RS | RS | OLS Agg. | RI Agg.
Intercept | 23 . 51 (1 . 52) ∗∗∗ | 29 . 81 (1 . 79) ∗∗∗ | 29 . 81 (1 . 79) ∗∗∗ | 29 . 81 (1 . 77) ∗∗∗
Adjusted x Corr. = 0.5 |  | 5 . 24 (1 . 52) ∗∗∗ | 5 . 24 (1 . 09) ∗∗∗ | 5 . 24 (1 . 30) ∗∗∗
Interacted x Corr. = 0.5 |  | 6 . 17 (1 . 63) ∗∗∗ | 6 . 17 (1 . 15) ∗∗∗ | 6 . 17 (1 . 30) ∗∗∗
Adjusted x Corr. = 0.7 |  | 13 . 93 (1 . 52) ∗∗∗ | 13 . 93 (1 . 59) ∗∗∗ | 13 . 93 (1 . 30) ∗∗∗
Interacted x Corr. = 0.7 |  | 14 . 52 (1 . 63) ∗∗∗ | 14 . 52 (1 . 74) ∗∗∗ | 14 . 52 (1 . 30) ∗∗∗
Adjusted x Int. = 0.25 |  | 4 . 48 (1 . 52) ∗∗ | 4 . 48 (1 . 35) ∗∗ | 4 . 48 (1 . 30) ∗∗∗
Interacted x Int. = 0.25 |  | 4 . 89 (1 . 63) ∗∗ | 4 . 89 (1 . 42) ∗∗∗ | 4 . 89 (1 . 30) ∗∗∗
Adjusted x Int. = 0.5 |  | 9 . 07 (1 . 52) ∗∗∗ | 9 . 07 (1 . 51) ∗∗∗ | 9 . 07 (1 . 30) ∗∗∗
Interacted x Int. = 0.5 |  | 10 . 63 (1 . 63) ∗∗∗ | 10 . 63 (1 . 63) ∗∗∗ | 10 . 63 (1 . 30) ∗∗∗
AIC | 477540 . 09 | 477422 . 62 |  | 3129 . 86
BIC | 477715 . 91 | 477756 . 69 |  | 3263 . 82
Log Likelihood | - 238750 . 04 | - 238673 . 31 |  | - 1532 . 93
Num. obs. | 48600 | 48600 | 486 | 486
Num. groups: id | 16200 | 16200 |  |"
"2401.07294v4.pdf","Table 5: Metamodels for Statistical Power (cd.)

| RS | RS | OLS Agg. | RI Agg.
Intercept | 23 . 51 (1 . 52) ∗∗∗ | 29 . 81 (1 . 79) ∗∗∗ | 29 . 81 (1 . 79) ∗∗∗ | 29 . 81 (1 . 77) ∗∗∗
Num. groups: dgp | 162 | 162 |  | 162
Var: id (Intercept) | 970 . 46 | 970 . 48 |  | 
Var: dgp (Intercept) | 51 . 35 | 36 . 48 |  | 27 . 89
Var: dgp modelAdjusted | 101 . 01 | 50 . 58 |  | 
Var: dgp modelInteracted | 116 . 34 | 59 . 84 |  | 
Cov: dgp (Intercept) modelAdjusted | - 54 . 04 | - 26 . 66 |  | 
Cov: dgp (Intercept) modelInteracted | - 57 . 96 | - 28 . 97 |  | 
Cov: dgp modelAdjusted modelInteracted | 108 . 40 | 55 . 02 |  | 
Var: Residual | 591 . 57 | 591 . 43 |  | 22 . 99
R 2 |  |  | 0 . 94 | 
Adj. R 2 |  |  | 0 . 94 | 
RMSE |  |  | 7 . 13 162 | 
N Clusters |  |  |  |"
"2401.07294v4.pdf","Notes: Standard errors in parentheses. OLS = Ordinary Least Squares, RI = Random Intercepts, RS = Random Slopes. ψ 2 1 and ψ 2 2 are indicated by 'Var: dgp modelAdjusted' and 'Var: dgp modelInteracted,' respectively. ∗∗∗ p < 0 . 001; ∗∗ p < 0 . 01; ∗ p < 0 . 05

The figure shows the distribution of empirical Bayes estimates of the random slopes of 'adjusted' across the simulated conditions from Model 1.

50% compared to Model 1. Therefore, we could continue to probe these results and explore potential three-way interactions between various combinations of metamodel parameters. If we do not include these additional interactions as fixed effects, the residual random slope variances nevertheless account for omitted interactions and adjust our estimated standard errors accordingly. 4"
"2401.07294v4.pdf","We can also use the random slope variances to generate a 95% prediction interval (PI) to provide a summary of the range of effects across the simulation conditions. The PI is a better metric for generalizability than the observed standard deviation of the point estimates across conditions because of overdispersion. That is, Monte Carlo uncertainty will inflate the observed variation relative to the underlying true variation, and the PI directly addresses this issue by accounting for the imprecision in the individual estimates.

Taking the 'adjusted' effect as an example, we use the formula

PI = ˆ β 10 k ± 1 . 96 √ ˆ ψ 2 1 + ̂ Var( β 10 k ) (14)"
"2401.07294v4.pdf","(Borenstein et al., 2009, p. 130) to calculate the width of the 95% PIs for β 10 k for Models 1 and Model 2. In Model 1, we see a very wide PI, suggesting that while the average effect of covariate adjustment on statistical power is about 12 percentage points, the effect in any individual case could be anywhere from -7 to +32 percentage points, a range of 39 percentage points. In contrast, the PI for Model 2 is significantly narrower but still large, with range of 28 percentage points, suggesting that covariate adjustment may help or hurt power in any given individual case, an important detail that would be masked by examining the average effect only.

While the prediction interval provides a useful summary measure of the generalizability of our results across simulation conditions, it also has several drawbacks. First, the interval will be symmetrical around the mean effect, which can be unrealistic for bounded metrics

4 Further exploration of potential three-way interactions suggests that this additional variability is mostly driven by conditions where power is near 100% across all estimators."
"2401.07294v4.pdf","such as power, as we can see in Figure 2. The interval will also be equally wide in all simulation conditions due to the assumption of homoskedasticity, which is also unlikely to be tenable. As a middle ground between the over-dispersed raw SD of the point estimates and the potentially restrictive parametric assumptions of prediction interval, we use the inner 95% range of the empirical Bayes estimates of the random slopes (subset to various combinations of our simulation condition variables, such as all cases where N = 500, or all cases where the proportion of treated units is 70%) to show the variation of effects. While empirical Bayes estimates are over-shrunk relative to the truth, shrinkage is low when reliability of the estimates is high, which they are in the present case. Furthermore, the empirical Bayes estimates can potentially capture any asymmetry or heteroskedasticity in the results."
"2401.07294v4.pdf","The results of the MLMM can be succinctly displayed in a conjoint plot to supplement the table, as in Figure 3. The x-axis shows the estimated effect of each estimator on power compared to the unadjusted model, derived from Model 2. The points show the average effect of covariate adjustment in each condition. The horizontal line shows the middle 95% of empirical Bayes estimates. The y-axis shows each of the simulation condition main effects. Thus, we can see the how the effect of covariate adjustment varies according to the simulation condition.

Figure 3 confirms the effect of covariate adjustment on power is generally positive across all simulation conditions. Furthermore, the 95% empirical Bayes intervals show wide dispersion, suggesting that in any individual case, the effect of covariate adjustment could vary widely."
"2403.18677v2.pdf","[15] D. Bloch, B. Hofer, S. Cohen, A. Browaeys, and I. FerrierBarbut, Trapping and Imaging Single Dysprosium Atoms in Optical Tweezer Arrays, Phys. Rev. Lett. 131 , 203401 (2023).
[16] V. Dzuba, V. Flambaum, and B. L. Lev, Dynamic polarizabilities and magic wavelengths for dysprosium, Physical Review A 83 , 032502 (2011).
[17] H. Li, J.-F. Wyart, O. Dulieu, S. Nascimbene, and M. Lepers, Optical trapping of ultracold dysprosium atoms: transition probabilities, dynamic dipole polarizabilities and van der Waals C6 coefficients, Journal of Physics B: Atomic, Molecular and Optical Physics 50 , 014005 (2016).
[18] D. Bloch, B. Hofer, S. Cohen, M. Lepers, A. Browaeys, and I. Ferrier-Barbut, Anisotropic polarizability of Dy at 532nm on the intercombination transition, arXiV:2404.10480v1 (2024).
[19] A. J. Leggett, Can a solid be 'superfluid'?, Phys. Rev. Lett. 25 , 1543 (1970).
[20] S. M. Roccuzzo, S. Stringari, and A. Recati, Supersolid edge and bulk phases of a dipolar quantum gas in a box, Phys. Rev. Res. 4 , 013086 (2022).
[21] L. Klaus, T. Bland, E. Poli, C. Politi, G. Lamporesi, E. Casotti, R. N. Bisset, M. J. Mark, and F. Ferlaino, Observation of vortices and vortex stripes in a dipolar condensate, Nature Physics 18 , 1453 (2022).
[22] E. Casotti, E. Poli, L. Klaus, A. Litvinov, C. Ulm, C. Politi, M. J. Mark, T. Bland, and F. Ferlaino, Observation of vortices in a dipolar supersolid, arXiv preprint arXiv:2403.18510 (2024).
[23] B. Deissler, M. Zaccanti, G. Roati, C. D'Errico, M. Fattori, M. Modugno, G. Modugno, and M. Inguscio, Delocalization of a disordered bosonic system by repulsive interactions, Nature Physics 6 , 354 (2010).
[24] M. Schreiber, S. S. Hodgman, P. Bordia, H. P. L¨ uschen, M. H. Fischer, R. Vosk, E. Altman, U. Schneider, and I. Bloch, Observation of many-"
"2403.18677v2.pdf","Blue repulsive potential for dysprosium Bose-Einstein condensates

Niccol` o Preti, 1, 2, 3, ∗ Nicol` o Antolini, 1, 2, 3 Giulio Biagioni, 1, 2, 3 Andrea

Fioretti, 3 Giovanni Modugno, 1, 2, 3 Luca Tanzi, 3, 2 and Carlo Gabbanini 3, †

1 Dipartimento di Fisica e Astronomia, Universit` a di Firenze

2 European Laboratory for Nonlinear Spectroscopy (LENS), Universit` a di Firenze

3 Consiglio Nazionale delle Ricerche - Istituto Nazionale di Ottica, sede secondaria di Pisa

(Dated: March 6, 2025)"
"2403.18677v2.pdf","Short-wavelength repulsive potentials for quantum gases allow to realize new systems and to study new phenomena. Here we report the realization of repulsive optical potentials for dysprosium atoms in the blue region of the spectrum, at wavelengths close to 400 nm. We employ a spectrallyfiltered diode laser system to measure both scalar and tensorial components of the polarizability of dysprosium, which we find in good agreement with the theoretical predictions. We demonstrate the implementation of potential strengths appropriate to manipulate Bose-Einstein condensates, with scattering-limited lifetimes exceeding one second. This type of optical potentials opens interesting directions for the study of dipolar superfluids and supersolids."
"2403.18677v2.pdf","I. INTRODUCTION

Short-wavelength, repulsive optical potentials are key tools to study fundamental phenomena in ultracold quantum gases. Notable examples are uniform Bose [1] and Fermi gases [2], device-like systems [3], controllable disorder [4], and controllable vortexes [5]. Repulsive potentials are favored over attractive ones by the fact that the atoms reside mostly in the dark, limiting negative effects such as inelastic light scattering or unwanted disorder due to optical fringes. Since the minimum length scale of an optical potential is set by the related wavelength, through diffraction, it is necessary to use light towards the blue region of the visible spectrum to achieve the highest spatial resolution."
"2403.18677v2.pdf","Strongly dipolar lanthanide atoms like dysprosium or erbium are opening new directions of study in the context of quantum gases, because the presence of the long-range dipolar interaction leads to novel phenomena and phases, such as quantum droplets [6], supersolids [7-9] and dipolar solids [10]. So far, the realization of optical potentials for lanthanides has however been limited to the nearinfrared or mid-visible regions of the spectrum [11-15], despite the fact that atomic species possess strong absorption lines in the blue region. One of the complexities of lanthanides is the relevance of all three components of the polarizability, scalar, vectorial and tensorial, which makes both the theoretical analysis and the experimental control of the optical polarizability more challenging than for other atomic species [16-18]. This, combined with the multitude of spectral lines present in magnetic lanthanides, has made it difficult to achieve agreement between experiment and theory in spectral regions close to strong or weaker lines [14, 18]. The evaluation of the polarizability close to strong transitions can thus be a relevant tool to test both the theory and the atomic spec-

∗ niccolo.preti@unifi.it

† carlo.gabbanini@ino.cnr.it"
"2403.18677v2.pdf","troscopic parameters.

In this work, we study the realization of repulsive potentials for dysprosium at wavelengths close to the group of strong lines from 405 nm to 421 nm. We investigate experimentally the region between 403 and 404 nm, developing a tunable laser system based on commercially available diode lasers, spectrally filtered to avoid nearresonant components of the background emission. Studying the mechanical effect of light on a dysprosium BoseEinstein condensate in a combined infrared-blue potential, we measure both scalar and tensorial components of the polarization, finding a good agreement with the theory. We demonstrate that with few milliWatts of light, it is possible to obtain potential depths of the order of hundreds of nanoKelvin, with lifetimes of the order of one second. Our findings, in combination with the theory, also give guidance for realizing optical potentials for dysprosium in a larger region of the blue spectrum, from 400 to 425 nm."
"2403.18677v2.pdf","These results open the possibility of realizing new types of experiments for dipolar superfluids and supersolids. For example, an interesting device-like configuration that one could realize is the annular geometry that was proposed a long time ago by A. J. Leggett to test the differences between superfluids and supersolids under rotation [19]. Moreover, the annular geometry makes it possible to realize naturally quasi-1D dipolar superfluids and supersolids with homogeneous density profiles. In contrast, simpler box-like potentials, often employed to study homogeneous non-dipolar systems, exhibit an enhanced inhomogeneity due to the unscreened dipolar interaction at the trap edges. [20]. Repulsive optical tweezers could also be used to generate deterministically vortices in dipolar quantum gases as done previously in non-dipolar ones [5], as an alternative to the rotationinduced vortexes demonstrated so far [21, 22]. In addition, short-wavelength random optical potentials could be employed to study disorder-related localization phenomena [23, 24] also in dipolar quantum gases, where the long-range nature of the dipole-dipole interaction is

expected to produce interesting new effects [25]."
"2403.18677v2.pdf","II. THEORY

1. Atomic polarizability

When an atom interacts with a non-resonant laser field described by a polarization vector e and angular frequency ω , the AC Stark shift of the atomic ground state produces an effective atom-light potential that can be modeled as [26]:

U ( r , ω ) = -Re[ α ( ω )] 2 ϵ 0 c I ( r ) . (1)"
"2403.18677v2.pdf","Here ϵ 0 represents the vacuum permittivity, c the speed of light in vacuum, I ( r ) = ϵ 0 c | E ( r ) | 2 / 2 the light intensity and α ( ω ) is a quantity characterizing the strength of the atom-light interaction called dynamical polarizability. Generally speaking, the dynamical polarizability can be decomposed into scalar, vectorial, and tensorial contributions. In lanthanides like dysprosium and erbium, because of their open f shell structure, all three components of the polarizability are in general relevant and so the theoretical investigation of the atomic polarizability is more challenging than in other atomic species [16, 17]. It is therefore important to achieve an experimental confirmation of the theory predictions [11, 13, 27]. When considering a linearly polarized laser field the vectorial contribution, being proportional to | e × e ∗ | , vanishes and the quantity α ( ω ) can be written for a state with non-zero angular momentum [28]:

α ( ω ) = α s ( ω ) + 3 M 2 J -J ( J +1) J (2 J -1) 3 cos 2 θ -1 2 α t ( ω ) . (2)"
"2403.18677v2.pdf","Here J represents the total electronic angular momentum of the atomic ground state and M J is the projection of J along the quantization axis, while α s ( ω ) and α t ( ω ) are the scalar and tensorial part of the dynamical polarizability, respectively. In this expression, the tensorial contribution to the total polarizability has a dependence on the angle θ between the quantization axis and the laser electric field polarization. In our case, the Dy condensate is spin-polarized in its Zeeman ground state through the application of a magnetic field along z . Therefore we have that | M J | = J = 8 and Eq. 2 can be written in the simplified form:

α ( ω ) = α s ( ω ) + 3 cos 2 θ -1 2 α t ( ω ) . (3)

Both α s ( ω ) and α t ( ω ) depend on the frequency of the laser field and on the ground state angular momentum J . Their full theoretical expressions are given by:

α s ( ω ) = -1 √ 3(2 J +1) F (0) J ( ω ) α t ( ω ) = 2 √ 5 J (2 J -1) √ 6(2 J +3)( J +1)(2 J +1) F (2) J ( ω ) (4)

where we have defined

F ( k ) J ( ω ) = ∑ β ′ J ′ ( -1) J + J ′ { 1 1 k J J J ′ } | ⟨ βJ || d || β ′ J ′ ⟩| 2 × 1 ℏ [ 1 ω β ′ J ′ -ω +i γ β ′ J ′ / 2 + ( -1) k ω β ′ J ′ + ω +i γ β ′ J ′ / 2 ] . (5)"
"2403.18677v2.pdf","In this expression, the curly brackets represent a Wigner 6 -j symbol, and ⟨ βJ || d || β ′ J ′ ⟩ is the reduced dipole matrix element evaluated between the atomic ground state | βJ ⟩ and a generic excited state | β ′ J ′ ⟩ characterized by an energy ℏ ω β ′ J ′ and natural linewidth γ β ′ J ′ . The sum in Eq. 5 is taken over all dipole-allowed transitions.

In this paper we have experimentally investigated the region close to the 4 f 10 6 s 2 ( 5 I 8 ) → 4 f 10 ( 5 I 8 )6 s 6 p ( 1 P 1 )(8 , 1) 7 resonance around 405 nm. Because of this, in the sum defined in Eq. 5 this transition will give the most important contribution. From Eq. 4, notice that one (two)-electron atoms, having J = 1 / 2 ( J = 0) in their ground state, have no tensorial contribution to their ground state polarizability."
"2403.18677v2.pdf","2. Polarizability of Dy in the 400-nm region

For our repulsive potential we decided to use light on the blue side of the 404.7 nm line of dysprosium, which is the transition from the ground state 4 f 10 6 s 2 ( 5 I 8 ) to the excited state 4 f 10 ( 5 I 8 )6 s 6 p ( 1 P 1 )(8 , 1) 7 , see Fig. 1 or Table I for reference. It is a strong transition, having a linewidth γ around 2 π × 30 MHz [29]. We chose this region because laser diodes with output power of the order of 100 mW around 405 nm are commercially available.

In Figure 2 we show the calculations of the scalar and tensorial parts of the polarizability in a range of wavelengths in the blue side of the spectrum. These plots are made using Eq. 4, where the values for ω β ′ J ′ and γ β ′ J ′ of the various transitions were taken from the NIST database [29, 30]. In calculating F ( k ) J , it is useful to convert the reduced dipole matrix elements into linewidths using the formula:

| ⟨ βJ || d || β ′ J ′ ⟩| 2 = (2 J ′ +1) 3 πϵ 0 ℏ c 3 ω 3 β ′ J ′ γ β ′ J ′ (6)

Looking at Fig. 2, we observe that the best spectral regions where to realize repulsive potentials are two, the"
"2403.18677v2.pdf","TABLE I. Energy levels of dysprosium in the region of interest [29, 30]. Vacuum transition wavelengths from the ground state and linewidths are approximated at the first decimal position.

level | J ′ | λ (nm) | γ/ 2 π (MHz)
4 f 10 6 s 2 ( 5 I 8 ) | 8 | - | -
4 f 10 ( 5 I 8 )6 s 6 p ( 1 P o 1 )(8 , 1) o 9 | 9 | 421.3 | 33.1
4 f 9 ( 6 H o )5 d 2 ( 3 F )( 8 K o )6 s | 8 | 419.6 | 14.0
4 f 10 ( 5 I 8 )6 s 6 p ( 1 P o 1 )(8 , 1) o 8 | 8 | 418.8 | 20.1
4 f 9 ( 6 H o )5 d 2 ( 3 F )( 8 I o )6 s | 8 | 413.2 | 0.3
4 f 10 ( 5 I 8 )6 s 6 p ( 1 P o 1 )(8 , 1) o 7 | 7 | 404.7 | 30.6
4 f 10 ( 5 I 6 )6 s 6 p ( 3 P o 2 )(6 , 2) o 7 | 7 | 401.5 | 0.5"
"2403.18677v2.pdf","first one in the approximate range (402-404) nm, and the second one in the range (415-418) nm. Both regions benefit from being on the blue side of a strong absorption line, but they differ in the sign of α t . From 402 to 404 nm, which is the region explored experimentally in this work, α t is positive, meaning that the maximally repulsive polarizability is achieved setting θ = π/ 2 in Eq. 3, and is given by α s -α t / 2. This region is then best suited to realize an optical potential propagating along the quantization axis, since in this case θ is geometrically fixed at π/ 2. In the second region, α s and α t share the same sign. This means that the maximally repulsive polarizability is now given by α s + α t , obtained by putting θ = 0 in Eq. 3. This makes this region the optimal one to realize a repulsive potential with light that has a polarization pointing along the quantization axis, i.e. propagating perpendicular to the quantization axis."
"2403.18677v2.pdf","III. EXPERIMENTAL SETUP

1. Spectrally-filtered diode laser

The light source used in the experiment is a Nichia NDV4313 diode laser with a maximum output power of 120 mW near 405 nm. Under free-running conditions, its spectrum exceeds 1 nm in width and overlaps with the strong transition at 404.7 nm, making the laser unsuitable for atom trapping. Mounted on an external cavity, realized with a holographic grating with 3600 grooves/mm in Littrow configuration, the laser operates in single-mode with 30 mW of output power and a tunability of about 1 nm changing the grating angle. We monitor the laser spectrum with a scanning Fabry-Perot interferometer (Thorlabs SA200-3B), and we measure the laser wavelength with a wavelength meter having an accuracy of 600 MHz (HighFinesse WS-6). A sketch of the laser setup and its typical spectrum in single-mode operation are shown in Figure 3."
"2403.18677v2.pdf","Besides the sharp peak at the central wavelength, the spectrum has a broad background of amplified spontaneous emission (ASE) (see Fig. 3 a), a fraction of which is in resonance with the atoms. Indeed, we observe that the lifetime of the trapped atoms, see Figure 4 (blue dots), is significantly affected by the blue light. Even at low power and relatively large detuning (of about 1 nm), the resonant background considerably reduces the lifetime to hundreds of milliseconds. To mitigate the resonant scattering we further clean the laser spectrum, as displayed in Fig. 3 b).

The laser beam impinges onto a second diffraction grating, whose first diffraction order is injected into the fiber. Due to the finite angular acceptance of the fiber, only a portion of the spectrum, the white region in Fig. 3a, can be coupled. Considering the Mode Field Diameter (MFD) of the fiber, the spectral dispersion of the grating, and the coupling lenses, we estimate the bandwidth of the fiber to be around 0.11 nm. Note that this is of the same order of magnitude as the spectral resolution of our measurement given by the width of the central peak in Fig. 3a."
"2403.18677v2.pdf","The performance of this filtering technique can be eval- uated by looking directly at the lifetime of the atoms, see Fig. 4. Using filtered light (red squares), the lifetime significantly increases to several seconds, making our repulsive light usable in experiments. We will discuss in detail the lifetime in the next section. Note that we can easily swap between filtered and unfiltered light by selectively coupling into the fiber either the zero or the first diffraction order of the grating. A downside of this filtering technique is the loss of power due to the diffraction efficiency of the second grating, which is around 60% for the first diffraction order.

As an alternative technique, it is possible to substitute the second grating in our scheme with a tilted clean-up filter. This method is more efficient in terms of power, since filters typically transmit up to around 95% of the total power, but have a reduced performance in terms of filtering. For example, the Semrock filter model LL01405 at the right angle cuts the resonant frequencies only up to three orders of magnitude, for the range of detunings of our experiment. One can of course improve the filtering by using two or more filters in series."
"2403.18677v2.pdf","2. Atomic system

The polarizability measurements are done on a BoseEinstein condensate (BEC) of 162 Dy atoms. A beam of Dy atoms is slowed and cooled by a Zeeman slower and a laser operating on the 421 nm transition line. The atoms are then collected in a magneto-optical trap (MOT) operating on the 626 nm line, transferred to an infrared (IR) optical dipole trap enhanced by an in-vacuum cavity, and finally trapped in two crossed IR beams where the final evaporation stage to condensation is realized. More details of the setup can be found in [31]."
"2403.18677v2.pdf","The light near 405 nm, coming from the fiber, passes through a λ/ 4 waveplate in series to have a pure linear polarization, and is reflected by a polarizing beam splitter. Then it passes through another half waveplate and is reflected by a mirror and focused on the atoms by a 200 mm lens on the horizontal plane. The second half waveplate sets the angle between the laser polarization and the magnetization of the atoms, which is vertical. The final mirror has two tilting screws regulated by two step motors; we calibrated the tilting angle on both axes as a function of the pulse duration given to the step motors. The laser power P is measured by two different calibrated power meter heads to minimize errors.

IV. MEASUREMENTS AND DISCUSSION

1. Measurement techniques

Our measurement technique relies on the momentum imparted to the atomic cloud by a pulse of repulsive light, as sketched in Fig. 5. The pulse duration δt is set by an acousto-optic modulator and a shutter before the fiber. After the light pulse, we let the atoms expand freely and we detect them after a time of flight t exp by absorption imaging along the vertical axis."
"2403.18677v2.pdf","If we consider a Gaussian light beam propagating along y with waists w x and w z , and assume that the BEC is point-like, the atomic cloud will be subjected to a force in the direction x perpendicular to the propagation one [32],

F ( x, z, ω ) = -d U ( x, z, ω ) d x = Re[ α ( ω )] 2 ϵ 0 c d I ( x, z ) d x , (7)

with I ( x, z )= I 0 e -2 x 2 /w 2 x e -2 z 2 /w 2 z , where I 0 is the maximum laser intensity. Immediately after the pulse, we let the system expand for a time t exp switching off the optical trapping and we measure the displacement δx of the cloud along in the horizontal plane. The displacement is proportional to the force as δx = ( F t exp δt ) /m . The force, hence δx , has a dispersive behaviour as a function of the beam position with a maximum at x = w x / 2 and z = 0:

F max ( ω ) = 2 √ e Re[ α ( ω )] P πϵ 0 c w z w 2 x , (8)"
"2403.18677v2.pdf","where P is the laser power. If we take into account the finite dimensions of the BEC and we average over a Thomas-Fermi distribution calculated for 20 × 10 3 atoms in our IR harmonic trap, the maximum force decreases by 7%. Measuring δx for different beam positions in the xz plane allows us to derive the waist, as shown in Fig. 5, directly at the atom position, thus minimizing sources of errors typical in non-local measurements. Moreover, our measurement has a cubic dependence on the waist, while a measurement by the trap frequencies depends on the fourth power of the waist. Moving the

beam along the horizontal axis, Fig. 5(a), we see that the displacement on the horizontal plane changes sign when we cross the atoms' position. The measured δ x has the shape of the spatial derivative of the beam intensity. Instead, along the vertical direction, Fig. 5(b), we observe on the horizontal plane just the intensity profile, i.e. a simple Gaussian shape. The fitted values of the waists are w x =(58 ± 7) µ m, w z =(38 ± 3) µ m, where the errors come from both the fitting errors and the calibration uncertainties.

The atoms undergo a maximum displacement δx max ,"
"2403.18677v2.pdf","δx max ( ω ) = F max t exp δt m = 2 √ e Re[ α ( ω )] P t exp δt πϵ 0 mcw z w 2 x . (9)

Fixing the beam position to have δx = δx max , a first measurement of the maximum displacement is done as a function of the polarization angle with respect to the magnetization, to find the relative contribution of the scalar and tensorial polarizabilities. The results of this are shown in Fig. 6(a), together with a fit done using Eq. 3.

The fit parameters give the relative contributions of the scalar and tensorial polarizabilities. At this point we fix the half waveplate at the angle for which the atomic

displacement is maximum, that is when the light polarization is perpendicular to the atomic magnetization, and we instead change the laser power or the laser pulse duration. Doing this we obtain a curve like that in Fig. 6b, if we remain in a regime where the displacement is linear. From the linear fit coefficient we can derive the absolute polarizability, inverting Eq. 9."
"2403.18677v2.pdf","2. Experimental polarizability

We have repeated the polarizability measurements for a few wavelengths on the blue side of the 404.7 nm line. The measurements are shown in Fig. 7, together with the theoretical predictions from Eq.4. Also, the maximum polarizability is shown, occurring when the light polarization is perpendicular to the atomic magnetization. Considering the error bars, mainly due to the waist measurement, both the scalar and tensorial polarizabilities are in good agreement with the theoretical expectations. We did not extend the study closer to resonance, as the lifetime due to photon scattering becomes more critical. The real part of the polarizability scales with detuning ∆ as ∆ -1 , while the photon scattering rate, proportional to the imaginary part of the polarizability, as ∆ -2 [26]."
"2403.18677v2.pdf","3. Lifetime measurements

Concerning the lifetime of the BEC in the presence of blue light, the interpretation of what we observe in Fig. 4 must take into account the repulsive effect of the optical potential. Under the conditions of Fig. 4, i.e. laser power equal to 2 mW and wavelength of 403.6 nm, we expect a polarizability of about -10000 a.u. and a lifetime of about 400 ms if the atoms stay in the high-intensity region of the blue laser. However, the repulsive potential tends to expel the atoms from the high-intensity region, leading to a new equilibrium position inside the combined IR and blue traps, where the intensity of the blue laser is lower. We have modeled the combined traps and found that the equilibrium position moves by about one waist along x , meaning that the atoms feel a blue intensity reduced by a factor e -2 . Correspondingly, the lifetime increases by e 2 , which means up to 3 s, of the same order of magnitude as the experimental value, 2.5 s. We note that this value is of the same order as the lifetime of the BEC in the infrared trap alone. At the current stage, a precise measurement of the effect of the blue light on the lifetime is therefore not possible. Further experiments in which the repulsive potential gives a dominant and well-controlled contribution to the shape of the optical trap, for example in a box-like configuration, are required."
"2403.18677v2.pdf","V. CONCLUSIONS

In conclusion, we reported the realization of a repulsive dipole potential for dysprosium atoms using a blue laser. We measured the scalar and tensor polarizabilities near the 404.7 nm line and found good agreement with the theory. At the wavelength λ = 404 nm where the scalar and tensor polarizabilities are of the same order of magnitude, we observe a very large maximum value of about -13000 a.u. for the total polarizability. This means that we can realize a repulsive potential of depth U = k B × 500 nK with only 1 mW of blue light on a Gaussian beam with a relatively large waist of 60 µ m. The lifetimes are of the order of 1 s, and are improved by the fact that the atoms do not stay in the highest intensity regions. This type of optical potential can be used for a variety of experiments on dipolar superfluids and supersolids, as discussed in the introduction."
"2403.18677v2.pdf","Since the tensor contribution to the polarizability depends on the total angular momentum projection M J , the large values of α t observed in this work can also be exploited to create controllable state-dependent potentials for dysprosium atoms in different Zeeman states, such as bilayer potentials [33]. By controlling the strength of the tensor polarizability with the polarization angle"
"2403.18677v2.pdf","[1] A. L. Gaunt, T. F. Schmidutz, I. Gotlibovych, R. P. Smith, and Z. Hadzibabic, Bose-Einstein condensation of atoms in a uniform potential, Phys. Rev. Lett. 110 , 200406 (2013).
[2] B. Mukherjee, Z. Yan, P. B. Patel, Z. Hadzibabic, T. Yefsah, J. Struck, and M. W. Zwierlein, Homogeneous atomic Fermi gases, Phys. Rev. Lett. 118 , 123401 (2017).
[3] S. Krinner, D. Stadler, D. Husmann, J.-P. Brantut, and T. Esslinger, Observation of quantized conductance in neutral matter, Nature 517 , 64 (2015).
[4] J. Billy, V. Josse, Z. Zuo, A. Bernard, B. Hambrecht, P. Lugan, D. Cl´ ement, L. Sanchez-Palencia, P. Bouyer, and A. Aspect, Direct observation of Anderson localization of matter waves in a controlled disorder, Nature 453 , 891 (2008).
[5] W. J. Kwon, G. Del Pace, K. Xhani, L. Galantucci, A. Muzi Falconi, M. Inguscio, F. Scazza, and G. Roati, Sound emission and annihilations in a programmable quantum vortex collider, Nature 600 , 64 (2021).
[6] H. Kadau, M. Schmitt, M. Wenzel, C. Wink, T. Maier, I. Ferrier-Barbut, and T. Pfau, Observing the Rosensweig instability of a quantum ferrofluid, Nature 530 , 194 (2016).
[7] L. Tanzi, E. Lucioni, F. Fam` a, J. Catani, A. Fioretti, C. Gabbanini, R. N. Bisset, L. Santos, and G. Modugno, Observation of a dipolar quantum gas with metastable supersolid properties, Phys. Rev. Lett. 122 , 130405 (2019).
[8] F. B¨ ottcher, J.-N. Schmidt, M. Wenzel, J. Hertkorn,"
"2403.18677v2.pdf","θ , it might be possible to construct different types of state-dependent optical lattices. For example, in the wavelength range 407-410 nm where α t > α s , one could realize anti-magic optical lattices with opposite polarizability for two different atomic states [34], thus realizing extremely short-wavelength optical lattices with an effective lattice spacing of λ/ 4 ≈ 100 nm. In this case, the lattice spacing would be comparable to the dipolar length, which determines the characteristic distance of long-range dipole-dipole interactions. This would open the way to study long-range interacting lattice models with Dy-based atomic quantum simulators.

ACKNOWLEDGMENTS

Funded by the European Union (ERC, SUPERSOLIDS, n.101055319) and by the QuantERA Programme, project MAQS, under Grant Agreement n.101017733, with funding organisation Consiglio Nazionale delle Ricerche. We acknowledge support from the European Union -NextGenerationEU for the 'Integrated Infrastructure initiative in Photonics and Quantum Sciences' -I-PHOQS [IR0000016, ID D2B8D520, CUP B53C22001750006] and for the PNRR MUR project PE0000023-NQSTI . Technical assistance from A. Barbini, F. Pardini, M. Tagliaferri and M. Voliani is gratefully acknowledged."
"2403.18677v2.pdf","M. Guo, T. Langen, and T. Pfau, Transient supersolid properties in an array of dipolar quantum droplets, Phys. Rev. X 9 , 011051 (2019)."
"2403.18677v2.pdf","[9] L. Chomaz, D. Petter, P. Ilzh¨ ofer, G. Natale, A. Trautmann, C. Politi, G. Durastante, R. M. W. van Bijnen, A. Patscheider, M. Sohmen, M. J. Mark, and F. Ferlaino, Long-lived and transient supersolid behaviors in dipolar quantum gases, Phys. Rev. X 9 , 021012 (2019).
[10] L. Su, A. Douglas, M. Szurek, R. Groth, S. F. Ozturk, A. Krahn, A. H. H´ ebert, G. A. Phelps, S. Ebadi, S. Dickerson, F. Ferlaino, O. Markovi´ c, and M. Greiner, Dipolar quantum solids emerging in a Hubbard quantum simulator, Nature 622 , 724-729 (2023).
[11] C. Ravensbergen, V. Corre, E. Soave, M. Kreyer, S. Tzanova, E. Kirilov, and R. Grimm, Accurate determination of the dynamical polarizability of dysprosium, Physical review letters 120 , 223001 (2018).
[12] M. Kreyer, J. H. Han, C. Ravensbergen, V. Corre, E. Soave, E. Kirilov, and R. Grimm, Measurement of the dynamic polarizability of Dy atoms near the 626-nm intercombination line, Physical Review A 104 , 033106 (2021).
[13] T. Chalopin, V. Makhalov, C. Bouazza, A. Evrard, A. Barker, M. Lepers, J.-F. Wyart, O. Dulieu, J. Dalibard, R. Lopes, et al. , Anisotropic light shift and magic polarization of the intercombination line of dysprosium atoms in a far-detuned dipole trap, Physical Review A 98 , 040502 (2018).
[14] J. H. Becher, S. Baier, K. Aikawa, M. Lepers, J.-F."
"2403.18677v2.pdf","Wyart, O. Dulieu, and F. Ferlaino, Anisotropic polarizability of erbium atoms, Physical Review A 97 , 012509 (2018)."
"2403.18677v2.pdf","body localization of interacting fermions in a quasirandom optical lattice, Science 349 , 842 (2015), https://www.science.org/doi/pdf/10.1126/science.aaa7432."
"2403.18677v2.pdf","[25] R. M. Nandkishore and S. L. Sondhi, Many-body localization with long-range interactions, Phys. Rev. X 7 , 041021 (2017).
[26] R. Grimm, M. Weidemuller, and Y. Ovchinnikov, Optical dipole traps for neutral atoms, Advances in Atomic Molecular and Optical Physics 42 , 95 (2000).
[27] M. Kreyer, J. Han, C. Ravensbergen, V. Corre, E. Soave, E. Kirilov, and R. Grimm, Measurement of the dynamic polarizability of Dy atoms near the 626-nm intercombination line, Phys.Rev.A 104 , 033106 (2021).
[28] J. Mitroy, M. Safronova, and C. Clark, Theory and applications of atomic and ionic polarizabilities, Journal of Physics B: Atomic, Molecular and Optical Physics 43 , 202001 (2010).
[29] M. Wickliffe, J. Lawler, and G. Nave, Atomic transition probabilities for Dy I and Dy II, JQRST 66 , 363 (2000).
[30] J. E. Sansonetti and W. C. Martin, Handbook of basic atomic spectroscopic data, Journal of physical and chemical reference data 34 , 1559 (2005).
[31] E. Lucioni, L. Tanzi, A. Fregosi, J. Catani, S. Gozzini, M. Inguscio, A. Fioretti, C. Gabbanini, and G. Modugno, Dysprosium dipolar Bose-Einstein condensate with broad Feshbach resonances, Phys. Rev. A 97 , 060701(R) (2018).
[32] A force along the z direction is also applied, given by -d U/ d z . However, we do not measure this component of the force because with our imaging we integrate in the z direction and we observe only the xy plane.
[33] L. Du, P. Barral, M. Cantara, J. de Hond, Y.K. Lu, and W. Ketterle, Atomic physics on a 50-nm scale: Realization of a bilayer system of dipolar atoms, Science 384 , 546 (2024), https://www.science.org/doi/pdf/10.1126/science.adh3023.
[34] N. Baldelli, C. R. Cabrera, S. Juli` a-Farr´ e, M. Aidelsburger, and L. Barbiero, Frustrated extended bosehubbard model and deconfined quantum critical points with optical lattices at the antimagic wavelength, Phys. Rev. Lett. 132 , 153401 (2024)."
"2404.00822v2.pdf","(cd.)
[38] C. Li, J. Xu, J. Liu, Y. Zhou, The within-host viral kinetics of sars-cov-2, Mathematical Biosciences and Engineering 17 (2020). doi:10.3934/MBE.2020159 .
[39] I. M. Elbaz, H. El-Metwally, M. A. Sohaly, Viral kinetics, stability and sensitivity analysis of the within-host covid-19 model, Scientific Reports 13 (2023). doi:10.1038/s41598-023-38705-6 .
[40] Martin Nowak, Evolutionary dynamics, Belknap press, Cambridge, MA, 2006.
[41] D. Wodarz, Killer Cell Dynamics, Springer, 2007.
[42] T. L. Lash, K. J. Rothman, T. J. VanderWeele, S. Haneuse, Modern Epidemiology, 4th Edition, Wolters Kluwer, Philadelphia, 2021."
"2404.00822v2.pdf","(cd.)
[32] J. L. W. V. Jensen, Sur les fonctions convexes et les in´ egalit´ es entre les valeurs moyennes, Acta Mathematica 30 (0) (1906) 175-193. doi:10.1007/BF02418571 . URL http://projecteuclid.org/euclid.acta/1485887155
[33] K. F. Riley, M. P. Hobson, S. J. Bence, Mathematical Methods for Physics and Engineering, 3rd Edition, Cambridge University Press, Cambridge, 2006. doi:10.1017/CBO9780511810763 . URL https://www.cambridge.org/highereducation/books/mathematical-methods-for-
[34] R. M. Anderson, R. M. May, Infectious diseases of humans: dynamics and control, Oxford University Press, Oxford, 1991.
[35] C. N. Haas, Conditional Dose-Response Relationships for Microorganisms: Development and Risk Analysis 22 (3) (2002) 455-463. doi:10.1111/0272-4332.00035 . URL https://onlinelibrary.wiley.com/doi/10.1111/0272-4332.00035
[36] M. Abramowitz, I. A. Stegun, Handbook of mathematical functions with formulas, graphs, and mathematical tables, Dover, New York City, 1964.
[37] P. D. Leenheer, H. L. Smith, Virus dynamics: A global analysis, SIAM Journal on Applied Mathematics 63 (2003). doi:10.1137/S0036139902406905 ."
"2404.00822v2.pdf","(cd.)
[27] P. A. P. Moran, The Dilution Assay of Viruses, The Journal of Hygiene 52 (2) (1954) 189-193. URL http://www.jstor.org/stable/3860498
[28] C. N. Haas, Microbial dose response modeling: Past, present, and future, Environmental Science and Technology 49 (3) (2015) 1245-1259. URL https://pubs.acs.org/doi/full/10.1021/es504422q
[29] P. Armitage, G. G. Meynell, T. Williams, Birth-Death and other Models for Microbial Infection, Nature 1965 207:4997 207 (4997) (1965) 570-572. doi:10.1038/207570a0 . URL https://www.nature.com/articles/207570a0
[30] T. Williams, The Basic Birth-Death Model for Microbial Infections, Journal of the Royal Statistical Society. Series B 27 (2) (1965) 338. URL http://www.jstor.org/stable/2984203
[31] W. Tang, F. Tang, The Poisson Binomial Distribution- Old & New, Statistical Science 38 (1) (2023) 108-119. doi:10.1214/22-STS852 . URL https://projecteuclid.org/journals/statistical-science/volume-38/issue-1"
"2404.00822v2.pdf","(cd.)
[23] T. Watanabe, T. A. Bartrand, M. H. Weir, T. Omura, C. N. Haas, Development of a Dose-Response Model for SARS Coronavirus, Risk Analysis 30 (7) (2010) 1129-1138. doi:10.1111/J.1539-6924.2010.01427.X . URL https://onlinelibrary.wiley.com/doi/full/10.1111/j.1539-6924.2010.01427.x
[24] A. J. K. Conlan, J. E. Line, K. Hiett, C. Coward, P. M. Van Diemen, M. P. Stevens, M. A. Jones, J. R. Gog, D. J. Maskell, Transmission and dose-response experiments for social animals: a reappraisal of the coloniza J. R. Soc. Interface 8 (2011) 1720. doi:10.1098/rsif.2011.0125 . URL http://rsif.royalsocietypublishing.org/content/early/2011/05/14/rsif.2011
[25] K. A. Hamilton, M. H. Weir, C. N. Haas, Dose response models and a quantitative microbial risk assessment framework for the Mycobacterium avium complex that account for recent developments in molecular biology, taxonomy, and epidemiology, Water Research 109 (2017) 310-326. doi:10.1016/J.WATRES.2016.11.053 .
[26] J. Xu, J. Carruthers, T. Finnie, I. Hall, Simplified within-host and Dose-response Models of SARS-CoV-2, Journal of Theoretical Biology 565 (2023) 111447. doi:10.1016/j.jtbi.2023.111447 ."
"2404.00822v2.pdf","(cd.)
[20] L. Chen, H. Geys, S. Cawthraw, A. Havelaar, P. Teunis, Dose Response for Infectivity of Several Strains of Campylobacter jejuni in Chickens, Risk Analysis 26 (6) (2006) 1613-1621. doi:10.1111/j.1539-6924.2006.00850.x . URL http://dx.doi.org/10.1111/j.1539-6924.2006.00850.xhttps://onlinelibrary.w
[21] P. F. M. Teunis, I. D. Ogden, N. J. C. Strachan, Hierarchical dose response of E. coli O157:H7 from human outbreaks incorporating heteroge Epidemiology & Infection 136 (6) (2008) 761-770. doi:10.1017/S0950268807008771 . URL https://www.cambridge.org/core/journals/epidemiology-and-infection/articl
[22] P. F. Teunis, F. Kasuga, A. Fazil, I. D. Ogden, O. Rotariu, N. J. Strachan, Dose-response modeling of Salmonella using outbreak data, International Journal of Food Microbiology 144 (2) (2010) 243-249. doi:10.1016/j.ijfoodmicro.2010.09.026 . URL https://linkinghub.elsevier.com/retrieve/pii/S0168160510005519"
"2404.00822v2.pdf","(cd.)
[16] W. A. Furumoto, R. Mickey, A mathematical model for the infectivity-dilution curve of tobac Virology 32 (2) (1967) 216-223. doi:10.1016/0042-6822(67)90271-1 . URL http://www.sciencedirect.com/science/article/pii/0042682267902711
[17] C. N. Haas, Estimation of risk due to low doses of microorganisms: a comparison of alternati American Journal of Epidemiology 118 (4) (1983) 573-582. URL http://aje.oxfordjournals.org/content/118/4/573.abstract
[18] P. F. M. Teunis, A. H. Havelaar, The Beta Poisson Dose-Response Model Is Not a Single-Hit Model, Risk Analysis 20 (4) (2000) 513-520. doi:10.1111/0272-4332.204048 . URL http://dx.doi.org/10.1111/0272-4332.204048
[19] N. Strachan, M. Doyle, F. Kasuga, O. Rotariu, I. Ogden, Dose response modelling of E. coli O157 incorporating data from foodborne and environmen International Journal of Food Microbiology 103 (1) (2005) 35-47. doi:10.1016/j.ijfoodmicro.2004.11.023 . URL https://linkinghub.elsevier.com/retrieve/pii/S0168160505000693"
"2404.00822v2.pdf","(cd.)
[12] F. J. P´ erez-Reche, S. N. Taraskin, L. d. F. Costa, F. M. Neri, C. A. Gilligan, Complexity and anisotropy in host morphology make populations less susceptible to epidemic outbreaks, J. R. Soc. Interface 7 (2010) 1083-1092.
[13] F. M. Neri, A. Bates, W. S. F¨ uchtbauer, F. J. P´ erez-Reche, S. N. Taraskin, W. Otten, D. J. Bailey, C. A. Gilligan, The Effect of Heterogeneity on Invasion in Spatial Epidemics: From Theory to Experimental PLoS Computational Biology 7 (9) (2011) e1002174. doi:10.1371/journal.pcbi.1002174 . URL http://dx.plos.org/10.1371/journal.pcbi.1002174
[14] G. E. Gifford, A. L. Koch, The interferon dose response curve and its possible significance, Journal of Theoretical Biology 22 (2) (1969) 271-283. doi:10.1016/0022-5193(69)90005-8 . URL https://linkinghub.elsevier.com/retrieve/pii/0022519369900058
[15] W. A. Furumoto, R. Mickey, A mathematical model for the infectivity-dilution curve of tobac Virology 32 (2) (1967) 224-233. doi:10.1016/0042-6822(67)90272-3 . URL http://www.sciencedirect.com/science/article/pii/0042682267902723"
"2404.00822v2.pdf","[8] C. N. Haas, J. B. Rose, C. P. Gerba, Quantitative Microbial Risk Assessment, 2nd Edition, Wiley, New Jersey, 2014. doi:10.1002/9781118910030 . URL https://onlinelibrary.wiley.com/doi/book/10.1002/9781118910030
[9] B. A. Melbourne, H. V. Cornell, K. F. Davies, C. J. Dugaw, S. Elmendorf, A. L. Freestone, R. J. Hall, S. Harrison, A. Hastings, M. Holland, M. Holyoak, J. Lambrinos, K. Moore, H. Yokomizo, Invasion in a heterogeneous world: resistance, coexistence or hostile takeover?, Ecology Letters 10 (1) (2007) 77-94. doi:10.1111/j.1461-0248.2006.00987.x . URL http://dx.doi.org/10.1111/j.1461-0248.2006.00987.x
[10] M. Su, W. Li, Z. Li, F. Zhang, C. Hui, The effect of landscape heterogeneity on host-parasite dynamics, Ecological Research 24 (4) (2009) 889-896. doi:10.1007/S11284-008-0568-Z/FIGURES/4 . URL https://link.springer.com/article/10.1007/s11284-008-0568-z
[11] J. C. Miller, Epidemic size and probability in populations with heterogeneous infectivity and Physical Review E 76 (1) (2007) 010101. doi:10.1103/PhysRevE.76.010101 . URL https://link.aps.org/doi/10.1103/PhysRevE.76.010101"
"2404.00822v2.pdf","(cd.)
[5] O. Restif, A. L. Graham, Within-host dynamics of infection: from ecological insights to evolu Philosophical Transactions of the Royal Society B: Biological Sciences 370 (1675) (aug 2015). doi:10.1098/RSTB.2014.0304 . URL https://royalsocietypublishing.org/doi/10.1098/rstb.2014.0304
[6] C. J. E. Metcalf, B. T. Grenfell, A. L. Graham, Disentangling the dynamical underpinnings of differences in SARS-CoV-2 pathology using w PLOS Pathogens 16 (12) (2020) e1009105. doi:10.1371/JOURNAL.PPAT.1009105 . URL https://journals.plos.org/plospathogens/article?id=10.1371/journal.ppat.1
[7] K. A. Lythgoe, M. Hall, L. Ferretti, M. de Cesare, G. MacIntyreCockett, A. Trebes, M. Andersson, N. Otecko, E. L. Wise, N. Moore, J. Lynch, S. Kidd, N. Cortes, M. Mori, R. Williams, G. Vernet, A. Justice, A. Green, S. M. Nicholls, M. A. Ansari, L. Abeler-D¨ orner, C. E. Moore, T. E. Peto, D. W. Eyre, R. Shaw, P. Simmonds, D. Buck, J. A. Todd, T. R. Connor, S. Ashraf, A. da Silva Filipe, J. Shepherd, E. C. Thomson, D. Bonsall, C. Fraser, T. Golubchik, SARS-CoV-2 within-host diversity and transmission, Science 372 (6539) (apr 2021).

URL

https://www.science.org/doi/10.1126/science.abg0821"
"2404.00822v2.pdf","References

[1] M. G. Milgroom, Biology of Infectious Disease, Springer International Publishing, Cham, 2023. doi:10.1007/978-3-031-38941-2 . URL https://link.springer.com/10.1007/978-3-031-38941-2
[2] J. R. Gog, L. Pellis, J. L. Wood, A. R. McLean, N. Arinaminpathy, J. O. Lloyd-Smith, Seven challenges in modeling pathogen dynamics within-host and across scales, Epidemics 10 (2015) 45-48. doi:10.1016/j.epidem.2014.09.009 . URL https://linkinghub.elsevier.com/retrieve/pii/S1755436514000589
[3] N. Mideo, S. Alizon, T. Day, Linking within- and between-host dynamics in the evolutionary Trends in ecology & evolution 23 (9) (2008) 511-7. doi:10.1016/j.tree.2008.05.009 . URL http://www.ncbi.nlm.nih.gov/pubmed/18657880
[4] X. Didelot, A. S. Walker, T. E. Peto, D. W. Crook, D. J. Wilson, Within-host evolution of bacterial pathogens, Nature Reviews Microbiology 14 (3) (2016) 150-162. doi:10.1038/nrmicro.2015.13 . URL http://www.nature.com/doifinder/10.1038/nrmicro.2015.13"
"2404.00822v2.pdf","Acknowledgements

The author acknowledges fruitful discussions with Norval Strachan, Ovidiu Rotariu and Ken Forbes as well as funding support from a Medical Research Council Fellowship (MR/W021455/1)."
"2404.00822v2.pdf","diverse forms of heterogeneity is of significant scientific interest, but it also presents considerable challenges. For instance, consider the prediction of Theorem 2.2, which suggests that the infection probability of a host is minimal for doses with homogeneous infectivity. Strictly speaking, testing this would require a counterfactual approach [42], where the probability of a host being infected by a dose with homogeneous infectivity is compared with the probability of the same host being infected by heterogeneous doses with the same mean infectivity. However, ensuring consistent hosts across different experiments poses challenges, as hosts may change over time or differ between tests. Using very similar hosts might mitigate this issue.

Even if confounding associated with host differences is addressed, significant challenges remain regarding microbial heterogeneity and dose variability. Accurately quantifying and controlling the infectivity of microbial populations is inherently difficult. Furthermore, variations in dose delivery methods, host responses, and environmental factors can introduce additional variability, complicating the interpretation of results."
"2404.00822v2.pdf","The last results section has proposed a within-host microbial growth model with randomly distributed reproductive ratio within a host. An example of this model has been presented, utilising the effective microbial death rate as a parameter, which essentially acts as the inverse of the reproductive ratio. The model provides interesting predictions: near-uniform infectivity is anticipated when either the mean or variance of the microbial death rate is small. Conversely, systems characterised by substantial mean and variance in the effective death rate will exhibit heterogeneous infectivity. Furthermore, this model offers a biological interpretation for the parameters of the beta-Poisson dose-response model (referred to as Example C ′ 1 within the framework presented here). Specifically, it has been found that both α and β decrease with increasing heterogeneity in the effective microbial death rate. In contrast, both α and β increase when increasing the expectation of the effective microbial death rate.

Exploring experimental validations to assess the anticipated impacts of"
"2404.00822v2.pdf","Heterogeneity of type III, associated with variations in dose size among hosts, has similarly been demonstrated to reduce the expected probability of infection. Theorem 4.1 establishes this result in the limit of small infectivity. Specific examples of models show that an increase of the expected probability of infection with the variance of the dose holds for any mean infectivity (summarised in Proposition 4.3). Once again, this indicates a mild role played by the required small infectivity to probe Theorem 4.1."
"2404.00822v2.pdf","The presence of heterogeneity of type II, where microbial infectivity varies across hosts, has been demonstrated to reduce the expected probability of infection. General results have been given for microbial populations with small infectivity (Theorem 4.1). Moreover, the ubiquitous flattening of the dose-response curve observed in experiments has also been shown to be associated with an increase in the variance of infectivity. The validity of these results has been illustrated with several models which assume random infectivity between hosts. Across these models, the expected probability of infection decreases when increasing the heterogeneity of infectivity regardless of the infectivity expectation, as summarised in Proposition 4.5 (cf. P ( A ) and P ( C 1 ) ). This suggests that the small infectivity limit required in Theorem 4.1 may not be overly restrictive. Investigating a more general theorem which relaxes this condition might be interesting."
"2404.00822v2.pdf","6. Conclusion

This work has delved into the impact of variation in dose and microbial infectivity on infection probability within the framework of single-hit doseresponse models. It has been rigorously shown that heterogeneity in the infectivity of microbial populations ingested by a host enhances the chances of infection (heterogeneity of type I, Theorem 2.2). This finding should be differentiated from the observation that the expected probability of infection solely depends on the mean infectivity, µ m (Sec. 4.3). In essence, the expected

probability represents the average infection likelihood across a group of hosts exposed to doses with heterogeneous infectivity, rather than the infection probability of an individual."
"2404.00822v2.pdf","Regions characterised by low infectivity variance, v x , are evident in regimes (i) and (vi), visible as dark areas in Fig. 7(b). In these contexts, models featuring homogeneous infectivity (such as type A and A ′ ) can offer a reasonable description of the expected probability of infection. In regime (i), the low infectivity variance region corresponds to situations with high mean infectivity, which forces the maximum infectivity variance v max ( µ x ) to be small (see Eq. (34)). Conversily, regime (iv) corresponds to systems characterised by relatively homogeneous infectivity, irrespectively of the mean infectivity.

Elevated values of v x manifest along a ridge situated within regime (i), where neither µ λ nor v λ are negligible. This observation implies that systems characterised by both substantial expectation and variance in effective mortality are more effectively characterised by models of type C and C ′ , which incorporate variability in infectivity."
"2404.00822v2.pdf","v x = ( ˆ α 2 + ˆ α ) ˆ β -( ˆ α 1 + ˆ α ) 2 ˆ β = ( µ λ µ λ +2 v λ ) µ 2 λ /v λ -( µ λ µ λ + v λ ) 2 µ 2 λ /v λ . (62)

As expected, the mean infectivity of the microbe, µ x , decreases with µ λ (see the contour levels in Fig. 7(a)), i.e. higher mortality of the microbe leads to lower infectivity. Conversely, there is a positive association between µ x and v λ , indicating that greater variability in microbe mortality tends to enhance infectivity on average. This enhanced infectivity in populations with heterogeneous mortality rates is likely driven by microbes with lower-thanaverage λ , which survive longer and are more likely to infect the host than microbes in a homogeneous population with the same mean mortality µ λ ."
"2404.00822v2.pdf","Eq. (60) shows that ˆ β is the square of the inverse of the coefficient of variation of λ (CV λ = v 1 / 2 λ /µ λ ). Accordingly, ˆ β (and approximately β ) also decreases with increasing heterogeneity in λ .

Regime (i) - Highly heterogeneous infectivity: It is observed for any mean effective mortality rate µ λ > 0 provided the effective mortality variance is high enough, v λ > max { µ λ , µ 2 λ } (see the boundaries marked with continuous and dotted lines in Fig. 7).
Regime (ii) - High infectivity with intermediate heterogeneity: This corresponds to low microbe mortality, µ λ < 1, and intermediate effective mortality variance, µ 2 λ < v λ < µ λ .
Regime (iii) - Low infectivity with intermediate heterogeneity: It corresponds to situations with relatively high effective mortality, µ λ > 1 and intermediate variance, µ λ < v λ < µ 2 λ .
Regime (iv) - Low heterogeneity: This regime is observed for any µ λ > 0, provided the effective mortality variance is below a certain level, i.e. for v λ < min { µ λ , µ 2 λ } .

The expectation and variance of the infectivity can be calculated from

Eq. (57) and expressed as a function of µ λ and v λ as follows:

µ x = ( ˆ α 1 + ˆ α ) ˆ β = ( µ λ µ λ + v λ ) µ 2 λ /v λ , (61)"
"2404.00822v2.pdf","These identities can also be used as approximate relations between the moments of the effective microbe mortality and the parameters of the beta distribution used in models C , C ′ 1 and C ′ 2 . Indeed, the ExpGamma(ˆ α, ˆ β ) distribution reduces to the Beta( α, β ) distribution with α = ˆ α and β = ˆ β for x close to 1. This directly follows from the comparison of Eqs. (31) and (58) for x ↗ 1 which yields -ln x /similarequal (1 -x ). Fig. 3 shows the similarity of the PDFs ρ h ( x ; ˆ α, ˆ β ) and ρ ( C 1 ) h ( x ; α, β ) (Eq. (31)) for examples with α = ˆ α and β = ˆ β .

Eq. (59) shows that ˆ α is the inverse of the relative variance of λ (RV λ = v λ /µ λ ), meaning that it decreases as the microbe mortality becomes more heterogeneous between hosts. This approximately applies to the coefficient α of the beta distribution.

Fig. 3 graphically demonstrates that the dependence of ρ h ( x ; ˆ α, ˆ β ) on x falls into four different regimes which are analogous to those defined for ρ ( C 1 ) h ( x ; α, β ) in Sec. 4.4.1. The regions of each regime in the space ( µ λ , v λ ) are defined as follows:"
"2404.00822v2.pdf","The parameter λ can be interpreted as an effective microbial death rate since the chances for a microbe to grow decrease for increasing λ .

Since λ > 0, it is reasonable to assume that its value is drawn from a gamma distribution with PDF

ρ ξ ( ξ h ; ξ ′ ) = ρ ξ ( λ ; ˆ α, ˆ β ) = ˆ α ˆ β Γ( ˆ β ) λ ˆ β -1 e -ˆ βλ , (57)

where ˆ α and ˆ β are the rate and shape parameters, respectively.

Introducing now Eqs. (56) and (57) into Eq. (57) leads to the following PDF for the infectivity:

ρ h ( x ; ˆ α, ˆ β ) = ˆ α ˆ β Γ( ˆ β ) ( -ln x ) ˆ β -1 x ˆ α -1 . (58)

This PDF does not seem to correspond to any well-known probability distribution. It will be referred to as the exponential gamma distribution (denoted as x ∼ ExpGamma(ˆ α, ˆ β )) since it corresponds to a random variable x whose exponential is gamma distributed.

The influence on infectivity of randomness in the effective microbe mortality λ can be elucidated by expressing the parameters ˆ α and ˆ β in terms of the mean and variance of the effective death rate, µ λ and v λ , as follows:

ˆ α = µ λ v λ (59)

ˆ β = µ 2 λ v λ . (60)"
"2404.00822v2.pdf","of a randomly chosen microbe within host h is the probability that R i,h > 1:

x h = f ( ξ h ) ≡ ∫ ∞ 1 ρ R ( R ; ξ h )d R . (53)

The variability of infectivity between hosts is described by assuming that the parameters ξ h are random variables with joint PDF ρ ξ ( ξ h ; ξ ′ ). Here, ξ ′ are parameters for the PDF of ξ h . Under this assumption, the probability density function for the infectivity within a randomly chosen host is given by [33]:

ρ h ( x ; ξ ′ ) = ∫ supp( ξ h ) d ξ h ρ ξ ( ξ h ; ξ ′ ) δ ( f ( ξ h ) -x ) , (54)

where supp( ξ h ) is the support of the distribution of ξ h and δ ( · ) is the Dirac delta function.

In the particular case in which the PDF for R involves a single parameter λ (i.e. ξ h = λ ), Eq. (54) reduces to

ρ h ( x ; ξ ′ ) = ∣ ∣ ∣ d f -1 ( x ) d x ∣ ∣ ∣ ρ ξ ( λ = f -1 ( x ); ξ ′ ) . (55)

∣ ∣ 5.0.2. Example: Linking heterogeneous infectivity and microbial birth and death

If the basic reproductive ratio is exponentially distributed with rate parameter λ , Eq. (53) yields an infectivity

x = ∫ ∞ 1 λe -λR d R = e -λ ≡ f ( λ ) . (56)"
"2404.00822v2.pdf","Inspired by compartmental models of infection dynamics within a host, it is assumed that infection occurs if the microbial reproduction number within the host, R , satisfies R > 1 [37, 38, 39]. Conversely, if R < 1, the infection fails to establish. For instance, in a minimal within-host model, microbial dynamics can be described by a simple growth mechanism where microbes infect cells at rate β and die at rate δ [40, 41]. At the early stages of infection, the microbial population N is assumed to obey the equation d N/ d t = ( β -δ ) N . A necessary condition for infection to occur is R = β/δ > 1, meaning each microbe produces more than one offspring on average during its average lifetime, 1 /δ . In contrast, a microbial population dies out when R < 1. While more complex within-host models incorporate additional parameters, the fundamental infection criterion R > 1 remains broadly applicable [37, 38, 39].

5.0.1. General formulation of the model

Between-host heterogeneity is modelled by assuming that the basic reproductive ratio R i,h of a microbe i in host h is a random variable with PDF ρ R ( R i,h ; ξ h ), where ξ h is a set of host-dependent parameters. The infectivity"
"2404.00822v2.pdf","The second inequality stems from the non-convexity of P ( C 1 ) ( µ x , v x , n ) with respect to n . Applying Jensen's inequality, leads to P ( C 1 ) ( µ x , v x , E n ( n )) ≥ E n ( P ( C 1 ) ( µ x , v x , n )). This reduces to P ( C 1 ) ( µ x , v x , µ n ) ≥ P ( C ′ 1 ) ( µ x , v x , µ n ) using µ n = E n ( n ) and P ( C ′ 1 ) ( µ x , v x , µ n ) = E n ( P ( C 1 ) ( µ x , v x , n )) (cf. Eq. (46)).

The third inequality follows from the Corollaries 4.2.1 and 4.2.2.

Fig. 6 illustrates the inequalities given in Eq. (52) for fixed v x , µ n and v n and variable µ x .

5. A model for microbial infection with random infectivity

This section provides a biologically explicit interpretation of single-hit dose-response models of type C , which account for variations in pathogen infectivity across different hosts. Between-host heterogeneity in infectivity is assumed to arise from biological factors that influence the ability of microbes to establish an infection. In line with Assumption 1 in the introduction, the proposed framework allows for infection to be initiated by a single microbe but specifically considers cases where microbial growth is essential for infection establishment."
"2404.00822v2.pdf","The following result establishes a hierarchy for the expected probability of infection predicted by model A and all models with heterogeneous infectivity of types C and C ′ . This highlights the fact that increasing heterogeneity in infectivity and dose leads to a decrease of the expected probability of infection.

Proposition 4.5. The following inequalities hold for any infectivity and dose distribution parameters µ x , v x , µ n and v n :

P ( A ) ( µ x , µ n ) ≥ P ( C 1 ) ( µ x , v x , µ n ) ≥ P ( C ′ 1 ) ( µ x , v x , µ n ) ≥ P ( C ′ 2 ) ( µ x , v x , µ n , v n ) . (52)

Proof. The first inequality arises from the non-convex nature of P ( A ) ( x, µ n ) with respect to x . Jensen's inequality implies that P ( A ) (E x ( x ) , µ n ) ≥ E x ( P ( A ) ( x, µ n )). This equivalently yields P ( A ) ( µ x , µ n ) ≥ P ( C 1 ) ( µ x , v x , µ n ) since µ x = E x ( x ) and P ( C 1 ) ( µ x , v x , µ n ) can be expressed as E x ( P ( A ) ( x, µ n )) through Eq. (30)."
"2404.00822v2.pdf","P ( C ′ 2 ) ( α, β, r, p ) = 1 -2 F 1 ( r, β, α + β, 1 -p ) p r , (50)

where 2 F 1 is the Gaussian hypergeometric function [36].

The following Corollaries about the dependence of model C ′ 2 on the variability of the dose follow from the results presented in Sec. 4.2.2 for model A ′ 2 .

Corollary 4.2.1. The expected infection probability of model C ′ 2 reduces to that of model C ′ 1 when the variance of the dose approaches the mean from above (i.e. in the limit v n ↘ µ n ).

Proof. Expressing the expected probability of infection for model C ′ 2 as

P ( C ′ 2 ) ( α, β, r, p ) = ∫ 1 0 P ( A ′ 2 ) ( x, r, p ) ρ ( C 1 ) h ( x ; α, β )d x , (51)

the corollary easily follows from Proposition 4.1.

Corollary 4.2.2. For a fixed mean dose, the expected probability of infection of model C ′ 2 is a decreasing function of the dose variance.

Proof. This is a straightforward consequence of Proposition 4.2 when P ( C ′ 2 ) ( α, β, r, p ) is expressed as in Eq. (51)."
"2404.00822v2.pdf","to previous demonstrations expressing P ( ˜ C 1 ′ ) as a function of α and the median dose [8], it is essential to highlight a crucial distinction. Proposition 4.4 elucidates the decline in the slope of P ( ˜ C 1 ′ ) with increasing v x while holding µ x constant. Such delineation between the variance and mean of infectivity cannot be achieved by parameterising P ( ˜ C 1 ′ ) in terms of α and the median dose.

Despite the formal similarity between Eqs. (40) and (49) and the fact that both are valid in the limit of low and relatively homogeneous infectivity, P ( ˜ C 1 ′ ) does not result by using P ( ˜ C 1 ) and the Poisson probability mass function in Eq. (46). Irrespective of that, the deviations of P ( ˜ C 1 ′ ) from the exact probability P ( C ′ 1 ) are analogous to those described in Sec. 4.4.1 for P ( ˜ C 1 ) compared to P ( C 1 ) .

4.5.2. Example C ′ 2 : Beta-distributed infectivity and negative binomial dose distribution

This model assumes a negative binomial distribution for the dose, n h ∼ NB( r, p ). It can be viewed as an extension of model A ′ 2 (Sec. 4.2.2) to incorporate a beta-distributed infectivity. Setting P ( A ′ ) ( x, ξ ) = P ( A ′ 2 ) ( x, r, p ) in Eq. (47) gives the probability of infection [35],"
"2404.00822v2.pdf","4.5.1. Example C ′ 1 : Beta-distributed infectivity and Poisson-distributed dose Here, it is assumed that the dose is n h ∼ Pois( µ n ) so that model C ′ 1 can be interpreted as an extension of model A ′ 1 (Sec. 4.2.1) to include a betadistributed infectivity. Using Eq. (18) to set P ( A ′ ) ( x, ξ ) = P ( A ′ 1 ) ( x, µ n ) in Eq. (47) leads to the following expected probability of infection:

P ( C ′ 1 ) ( α, β, µ n ) = 1 -1 F 1 ( α, α + β, -µ n ) . (48)

Here, 1 F 1 is the Kummer confluent function [36]. Eq. (48) is the exact beta-Poisson model proposed by Furumoto and Mickey [16]. In the same work, the authors derived the beta-Poisson approximation,

P ( C ′ 1 ) ( α, β, µ n ) /similarequal P ( ˜ C 1 ′ ) ( α, β, µ n ) ≡ 1 -( 1 + µ n β ) -α , (49)

which is valid for β /greatermuch α and β /greatermuch 1, i.e. for µ x /lessmuch 1 and v x /lessmuch µ x (cf. Eq. (33)).

The functional relationship between P ( ˜ C 1 ′ ) and µ n mirrors that of P ( ˜ C 1 ) and n (compare Eqs. (49) and (40)). Consequently, Proposition 4.4, established for model C 1 , directly extends to model C ′ 1 through the expression of the median dose in terms of µ n . While this proposition may bear resemblance"
"2404.00822v2.pdf","4.5. Models of type C ′ : Between-host heterogeneous infectivity and dose

Models of type C ′ incorporate the three types of heterogeneity described in Fig. 1. These models can either be regarded as extensions of models of type A ′ to incorporate heterogeneities of type I and II or extensions of models of type C to account for type III heterogeneity. Following this, the expected probability of infection for models of type C ′ can be calculated in several

equivalent ways:

P ( C ′ ) ( ξ , ξ C ) = ∑ n =1 p d ( n ; ξ ) ∫ 1 0 P ( A ) ( x, n ) ρ h ( x ; ξ C )d x , (45) = ∞ ∑ n =1 P ( C ) ( n, ξ C ) p d ( n ; ξ ) , (46) = ∫ 1 0 P ( A ′ ) ( x, ξ ) ρ h ( x ; ξ C )d x . (47)

∞

The general results for the expected probability of infection in the limit of small infectivity presented in Sec. 4.1 directly apply to models of type C ′ .

The next subsections present two models of type C ′ that have been proposed in previous works. Both assume beta-distributed infectivity (i.e., PDF given by Eq. (31)). As a consequence, both examples will exhibit the four regimes described in Sec. 4.4.1."
"2404.00822v2.pdf","Comparing the continuous and dashed lines in Fig. (5)(b) reveals that P ( ˜ C 1 ) offers a better approximation to P ( C 1 ) for small values of v x and µ x (compare the good agreement between the curves for small v x with the poorer agreement between the black curves for small v x ). In the limit of vanishing variance, the approximate probability approaches the value

lim v x ↘ 0 P ( ˜ C 1 ) = 1 -e -nµ x / (1 -µ x ) . (44)

This approximate value exceeds the exact probability P ( C 1 ) (see Eq. (38)) since e -µ x / (1 -µ x ) > 1 -µ x for any µ x ∈ (0 , 1).

Fig. (5)(b) also shows that the deviation of P ( ˜ C 1 ) from P ( C 1 ) worsens as v x increases. For given µ x , this deviation is more pronounced when v x approaches the maximal variance, v max ( µ x ). In such cases, P ( ˜ C 1 ) approaches zero and significantly deviates from the corresponding limit for P ( C 1 ) given by Eq. (39)."
"2404.00822v2.pdf","The median infectious dose corresponding to P ( ˜ C 1 ) = 1 / 2 is n 50 = β (2 1 /α -1) and this yields the following slope for the infection curve:

d P ( ˜ C 1 ) d n ∣ ∣ ∣ ∣ n = n 50 = α β 2 1 -1 /α . (41)

∣ Expressing the slope as a function of µ x and v x through Eqs. (33) and taking the binary logarithm gives

log 2 d P ( ˜ C 1 ) d n ∣ ∣ ∣ ∣ ∣ n = n 50 = f ( ˜ C 1 ) ( µ x , v x ) ≡ 1 + log 2 µ x 1 -µ x -v x µ x ( µ x (1 -µ x ) -v x ) . (42) Differentiating the logarithmic slope with respect to v x yields

∂f ( ˜ C 1 ) ( µ x , v x ) ∂v x = -(1 -µ x ) ( v x -µ x (1 -µ x )) 2 < 0 , (43)

which proves the proposition.

The approximate probability of infection P ( ˜ C 1 ) derived in the proof of Proposition 4.4 approaches zero at the boundaries µ ± x ( v x ) for the infectivity (see the dashed curves in Fig. (5)(a)). This significantly deviates from the behaviour of the exact probability P ( C 1 ) given by Eq. (5). This failure of the approximation is expected: On the one hand, the necessary condition µ x /lessmuch 1 for P ( ˜ C 1 ) to approximate P ( C 1 ) is not satisfied when µ x ↗ µ + x . On the other hand, the condition v x /lessmuch µ x is violated when µ x ↘ µ -x ."
"2404.00822v2.pdf","i.e. model A is recovered. In the limit of high variance, one can use Euler's infinite product formula for 1 / Γ( z ) [36] to show that

lim v x ↗ v max ( µ x ) P ( C 1 ) = µ x . (39)

This is graphically illustrated by the examples in Fig. 5(b) which show that the curves of P ( C 1 ) vs. v x end at the dotted line corresponding to v x ↗ v max ( µ x ).

The validity of Corollary 4.1.1 for model C 1 can be analytically studied for small and relatively homogeneous infectivity, as shown in Proposition 4.4.

Proposition 4.4. If the infectivity distribution satisfies µ x /lessmuch 1 and v x /lessmuch µ x , the slope of P ( C 1 ) ( α, β, n ) evaluated at the median dose decreases when increasing v x .

Proof. From Eq. (33), the conditions µ x /lessmuch 1 and v x /lessmuch µ x correspond to β /greatermuch α and β /greatermuch 1. Under these conditions, Stirling's formula for the gamma function, Γ( z ) ∼ e -z z z -1 / 2 √ 2 π , allows P ( C 1 ) to be approximated as

P ( C 1 ) ( α, β, n ) /similarequal P ( ˜ C 1 ) ( α, β, n ) ≡ 1 -( 1 + n β ) -α . (40)"
"2404.00822v2.pdf","In contrast, for sufficiently high values of µ x , P ( C 1 ) decreases. This might appear counterintuitive at first glance. However, this decrease is a consequence of keeping v x fixed. Indeed, when µ x becomes large enough, the system enters regime (i) for any v x > 0 (refer to Fig. 4). In this regime, the divergence of ρ ( C 1 ) h ( x ; α, β ) becomes increasingly pronounced at both x = 0 and x = 1 as µ x increases. The prominence of divergence at x = 0 is essential for maintaining the fixed value of v x . In more qualitative terms, as the mean infectivity increases, the likelihood of microbes having either high or low infectivity also rises.

The graphical representation of P ( C 1 ) vs. v x suggests that P ( C 1 ) monotonically decreases with increasing v x for any n and µ x (see the examples for two values of µ x shown by the continuous curves in Fig. 5(b)). The general decrease of P ( C 1 ) with v x predicted for small infectivities in Theorem 4.1 seems to hold for any mean infectivity in this example. In the limit of small variance for the infectivity,

lim v x ↘ 0 P ( C 1 ) = 1 -(1 -µ x ) n , (38)"
"2404.00822v2.pdf","A fully analytical study of the trends of the probability of infection P ( C 1 ) when varying µ x and v x is challenging and a graphical analysis will be presented instead. The continuous lines in Fig. 5(a) show the dependence of P ( C 1 ) on the mean infectivity for two values of the variance. For given v x , the condition (34) implies that P ( C 1 ) is only defined for µ x ∈ ( µ -x , µ + x ), where

µ ± x ( v x ) = (1 ± √ 1 -4 v x ) / 2 . (36)

At the boundaries µ ± x , the probability of infection satisfies

lim µ x → µ ± x P ( C 1 ) = µ ± x . (37)

Consequently, the endpoints of the curves for P ( C 1 ) versus µ x lie along a diagonal line with a slope of 1 in the ( µ x , P ( C 1 ) ) space (as indicated by the dotted line in Fig. 5(a)). When µ x takes relatively small values, the probability P ( C 1 ) increases with µ x for any fixed value of v x . This behavior aligns with our expectations based on Theorem 4.1, specifically Eq. (15) with v n = 0."
"2404.00822v2.pdf","Regime (ii) - High infectivity with intermediate heterogeneity: α > 1 and β < 1. The PDF ρ ( C 1 ) h is zero at x = 0 and monotonically increases with increasing x to exhibit a divergence at x = 1 (see Fig. 3(b)). The mean infectivity takes high values, µ x ∈ (1 / 2 , 1), and the variance takes intermediate values, v x ∈ ( b 2 ( µ x ) , b 1 ( µ x )) (Fig. 4).
Regime (iii) - Low infectivity with intermediate heterogeneity: α < 1 and β > 1. This regime is complementary to regime (ii) in the sense that ρ ( C 1 ) h diverges at x = 0 and monotonically decreases with increasing x until ρ ( C 1 ) h = 0 is reached at x = 1 (see Fig. 3(c)). This regime corresponds to situations with relatively small mean infectivity, µ x ∈ (0 , 1 / 2), and intermediate values of the variance, v x ∈ ( b 1 ( µ x ) , b 2 ( µ x )).
Regime (iv) - Low heterogeneity: α > 1 and β > 1. In this regime, ρ ( C 1 ) h is zero for x = 0 , 1 and takes positive values for any x ∈ (0 , 1) (see Fig. 3(d)). The mean infectivity can take any admissible value, µ x ∈ (0 , 1), and the variance takes low values, v x ∈ (0 , min { b 1 ( µ x ) , b 2 ( µ x ) } ).

In all regimes, the proportion of hosts at high risk of infection increases for decreasing β and increasing α ."
"2404.00822v2.pdf","Regime (i) - Highly heterogeneous infectivity: This regime corresponds to α, β < 1. The infectivity PDF ρ ( C 1 ) h diverges for x = 0 and x = 1 (see Fig. 3(a)). This describes populations of hosts that tend to have a bimodal distribution of infectivities: The microbe can be highly infective for some hosts whereas it tends to be harmless for others. The relative proportion of hosts at risk of infection is larger when β < α as this makes the divergence of ρ ( C 1 ) h at x = 1 dominant over the one at x = 0.

In this regime, µ x ∈ (0 , 1) and the variance takes relatively high values, v x ∈ (max { b 1 ( µ x ) , b 2 ( µ x ) } , v max ( µ x )) (see Fig. 4). Here,

b 1 ( µ x ) ≡ µ 2 x (1 -µ x ) 1 + µ x , b 2 ( µ x ) ≡ µ x (1 -µ x ) 2 2 -µ x , (35)

are boundary functions for v x corresponding to the conditions α = 1 and β = 1 (derived from Eqs. (33)). It is important to note that regime (i) is described as a high heterogeneity regime since it allows the largest possible values of the variance v max for given µ x . However, this does not imply that v x will necessarily take large values since, for instance, v max ( µ x ) tends to zero for µ x → 0 or µ x → 1."
"2404.00822v2.pdf","Introducing the PDF from Eq. (31) into Eq. (30), yields an expected probability of infection

P ( C 1 ) ( α, β, n ) = 1 -Γ( α + β )Γ( n + β ) Γ( β )Γ( n + α + β ) . (32)

Expressing ρ ( C 1 ) h ( x ; α, β ) and P ( C 1 ) ( α, β, n ) in terms of α and β is typical in dose-response studies assuming a beta-distributed infectivity. To understand the impact of heterogeneity, however, it is useful to express α and β as a function of the expected value, µ x , and variance, v x , of the infectivity as follows:

α = µ x ( µ x (1 -µ x ) v x -1 ) , β = (1 -µ x ) ( µ x (1 -µ x ) v x -1 ) . (33)

Note that the conditions α, β > 0 impose an upper bound for the variance:

v x < v max ( µ x ) ≡ µ x (1 -µ x ) . (34)

In particular, this implies an absolute upper bound for the variance: v x < 1 / 4.

Four regimes can be defined in terms of the dependence of ρ ( C 1 ) h ( x ; α, β ) on x (see Fig. 3). The regimes depend on whether each of the parameters α and β is larger or smaller than one:"
"2404.00822v2.pdf","An alternative family of models of type C could be defined by assuming that the parameters of the distribution of infectivity within hosts, ξ B , vary across different hosts instead of assuming a variation of x h . A formulation along these lines will be used in Sec. 5 to establish a link between singlehit dose-response models and microbial growth processes. From a practical viewpoint, however, assuming that the infectivity is a random variable as in Eq. (30) has proven useful for many applications of dose-response models and this is the option chosen to illustrate models of type C in the following example.

4.4.1. Example C 1 : Beta-distributed between-host infectivity

It is common to assume that the randomness of infectivity between hosts can be described with a beta distribution [27, 16], i.e. x ∼ Beta( α, β ), where α and β are positive parameters. The corresponding PDF is

ρ ( C 1 ) h ( x ; α, β ) = Γ( α + β ) Γ( α )Γ( β ) x α -1 (1 -x ) β -1 . (31)

The beta distribution has support in the interval x ∈ [0 , 1] and is therefore a mathematically reasonable description of the infectivity which is ultimately a probability."
"2404.00822v2.pdf","4.4. Models of type C : Heterogeneous infectivity between hosts and homogeneous dose

Models of type C represent an expansion of models of type B , introducing a host-dependent mean infectivity to accommodate heterogeneities of type I and II (see Figure 1). The expansion of model A to include heterogeneity of type II represents a specific case wherein all microbes within a host share the same infectivity, denoted as x i,h = x h for every microbe i , yielding µ m = x h . Within a set of H hosts, the mean infectivities, { x h } H h =1 , are regarded as iid random variables drawn from a distribution with probability density function (PDF) ρ h ( x ; ξ C ). The probability of infection for a randomly selected host is expressed as follows:

P C ( ξ C , n ) = ∫ 1 0 P ( A ) ( x, n ) ρ h ( x ; ξ C )d x . (30)

The general results presented in Sec. 4.1 for small infectivity hold for models of type C which are particular cases of the model in Sec. 4.1 with v n = 0."
"2404.00822v2.pdf","Interestingly, the expected probability P ( B ) depends solely on the infectivity parameter µ m ; the variability in x does not influence P ( B ) . In other words, when a set of hosts ingest doses with a mean infectivity of µ m , the mean probability of infection calculated across different hosts is solely determined by µ m . This contrasts with the probability that an individual host becomes infected, which, for a given mean infectivity ¯ x , increases with greater heterogeneity in infectivity (Theorem 2.2).

The relationship between P ( B ) and µ m mirrors the relationship between P ( A ) and x . Consequently, for models of type B , it can be inferred that the expected probability of infection for a dose of n microbes with iid random infectivities can effectively be represented by a set of n microbes with homogeneous infectivity µ m . Following this premise, the infectivity within hosts in models of type C and C ′ will be denoted as x , despite the possibility for such models to account for variability in infectivity within hosts by simply substituting x with µ m ."
"2404.00822v2.pdf","Proof. The first inequality trivially follows from the comparison of Eqs. (12) and (18) and the fact that e -xµ n ≥ (1 -x ) µ n for any µ n > 0. The second inequality follows from Propositions 4.1 and 4.2. Fig. 2 demonstrates the inequalities for particular values of µ n and v n .

4.3. Models of type B: Heterogeneous infectivity within hosts and homogeneous dose

Models of type B extend Model A to account for heterogeneity of type I, by assuming that the infectivity depends on the microbe type but not on the host (see Figure 1). Mathematically, this corresponds to x i,h = x i within any host, h . The infectivities { x i } n i =1 of the n microbes in a dose are described as iid random variables drawn from a distribution with probability density function (PDF) ρ m ( x ; ξ B ). Here, ξ B are the parameters of the distribution. The expected value of the probability of infection under these conditions is [35]:

P ( B ) ( µ m ( ξ B ) , n ) = n ∏ i =1 ∫ 1 0 P ( A ) ( x i , n ) ρ m ( x i ; ξ B )d x i = 1 -(1 -µ m ( ξ B )) n , (29)

where µ m ( ξ B ) = ∫ 1 0 xρ m ( x ; ξ B )d x is the expected value of the infectivity within a host."
"2404.00822v2.pdf","Proof. It is again convenient to use expression (22) for P ( A ′ 2 ) ( x ; µ n , r ). ( A ′ 2 )

The variation of P with v n at fixed µ n can be calculated as

∂P ( A ′ 2 ) ∂v n = ∂P ( A ′ 2 ) ∂r ∂r ∂v n . (25)

On the one hand, Lemma 4.2 ensures that

∂P ( A ′ 2 ) ∂r = -r r ( r + xµ n ) r +1 f ( xµ n , r ) ≥ 0 (26)

for any xµ n ≥ 0 and r > 0. On the other hand, the following inequality holds:

From Eq. (25), the inequalities (26) and (27) imply that ∂P ( A ′ 2 ) /∂v n < 0 and this proves the proposition.

∂r ∂v n = -µ 2 n ( v n -µ n ) 2 < 0 . (27)

The next proposition relates all the models of type A and A ′ and gives further evidence that increasing dose variability decreases the expected probability of infection for any given infectivity.

Proposition 4.3. The following inequalities hold for any infectivity x and dose distribution parameters µ n and v n > µ n :

P ( A ) ( x, µ n ) ≥ P ( A ′ 1 ) ( x, µ n ) ≥ P ( A ′ 2 ) ( x, µ n , v n ) . (28)"
"2404.00822v2.pdf","The decrease of the infection probability when increasing the variance v n , holds for P ( A ′ 2 ) ( x, r, p ) even without the small infectivity requirement of Theorem 4.1. This is shown in Proposition 4.2 after proving the following lemma:

Lemma 4.2. The function

f ( y, r ) = y +( r + y ) ln ( r r + y ) (24)

satisfies f ( y, r ) ≤ 0 for any y ≥ 0 and r > 0 .

Proof. This can be easily demonstrated by plotting f ( y, r ) as a function of y for different values of r . Alternatively, a rigorous proof for any r > 0 can be given from the following two facts:
(i) f ( y, r ) has only one zero and is located at y = 0 for any r > 0. To show this, it is convenient to define a new variable z = r + y er such that f ( y, r ) = 0 reduces to z ln z = -e -1 . The solution to this equation is z = e -1 which corresponds to y = 0.
(ii) f ( y, r ) is a decreasing function of y in the interval y > 0. Indeed, ∂f ( y, r ) /∂y = -ln ( r + y r ) < 0.

Following these results, f ( y, r ) must be non-positive for any y > 0 and r > 0.

Proposition 4.2. For a fixed mean dose, the expected probability of infection of model A ′ 2 is a decreasing function of the dose variance."
"2404.00822v2.pdf","Note that the condition r > 0 implies v n ≥ µ n for the negative binomial distribution. The smallest possible dispersion for a negative binomial distribution corresponds to v n = µ n which is the condition defining a Poisson distribution. The following proposition shows that the expected probability of infection in examples A ′ 1 and A ′ 2 are identical when v n = µ n .

Proposition 4.1. Model A ′ 2 reduces to model A ′ 1 when the variance of the dose approaches the mean from above (i.e. in the limit v n ↘ µ n ).

Proof. To prove the proposition, it is convenient to express the expected probability of infection in terms of r and µ n . Combining Eqs. (20) and (21), leads to

P ( A ′ 2 ) ( x, µ n , r ) = 1 -( r r + xµ n ) r . (22)

From Eq. (21), the limit v n ↘ µ n corresponds to r →∞ . Through simple algebraic manipulations, one obtains the probability (18) for r →∞ :

lim r →∞ P ( A ′ 2 ) ( x, µ n , r ) = 1 -lim r →∞ 1 + -xµ n r = 1 -e -xµ n .

( -) -r (23)"
"2404.00822v2.pdf","4.2.2. Example A ′ 2 : Negative binomial dose distribution

The Poisson distribution assumes µ n = v n and does not allow the effect of v n on the expected probability of infection to be independently analysed from µ n . In fact, doses can be characterised by a larger dispersion than that allowed by a Poisson distribution (i.e. v n > µ n ) [34, 35, 21]. Over-dispersion can be modelled by assuming a negative binomial distribution, n h ∼ NB( r, p ), with parameters r > 0 and p ∈ [0 , 1]. The corresponding probability function is

p d ( n h ; r, p ) = Γ( n h + r ) n h !Γ( r ) (1 -p ) n h p r , (19)

which, after introducing into (18), results in the following expected probability of infection:

P ( A ′ 2 ) ( x, r, p ) = 1 -( p p + x (1 -p ) ) r . (20)

The parameters r and p are related to the mean and variance of the dose, µ n and v n , as follows:

r = µ 2 n v n -µ n and p = µ n v n . (21)

Using these expressions in Eq. (20) allows the expected probability of infection to be written as a function P ( A ′ 2 ) ( x, µ n , v n ) of the mean and variance of the dose."
"2404.00822v2.pdf","P ( A ′ ) ( x, ξ ) = ∞ ∑ n =1 P ( A ) ( x, n ) p d ( n ; ξ ) . (17)

The subsequent part of this section illustrates the effect of heterogeneous doses on P ( A ′ ) ( x, ξ ) for two commonly assumed scenarios for p d ( n ; ξ ).

4.2.1. Example A ′ 1 : Poisson-distributed dose

Assuming that the number of particles ingested by a host is a Poisson distribution with mean µ n (i.e. n h ∼ Pois( µ n )) leads to the well-known exponential dose-response model for the probability of infection [17, 8]:

P ( A ′ 1 ) ( x, µ n ) = 1 -e -xµ n . (18)

This expression follows from Eq. (17) by using the probability mass function, p d ( n ; µ n ) = µ n n e -µ n /n !, for the Poisson distribution."
"2404.00822v2.pdf","Corollary 4.1.1. In the limit of small infectivity, the slope of ˆ P evaluated at the median dose-defined as the dose µ n = µ 50 for which the expected probability of infection is 50%-is an increasing function of µ x and a decreasing function of v x for any dose distribution.

Proof. The median dose, µ 50 , corresponds to ˆ P = 1 / 2 which, in the limit of small infectivity, reduces to f 1 ( µ x , v x , µ 50 , v n ) = 1 / 2 (cf. Eq. 15). From this condition, the rate of variation of ˆ P at µ n = µ 50 can be expressed as

d ˆ P d µ n ∣ ∣ ∣ ∣ µ n = µ 50 = µ x 2 ( 1 + µ x 2 ) -v x 2 ( µ 50 -1 2 ) . (16)

∣ This equation trivially proves the corollary for any reasonable median dose µ 50 > 1 / 2.

4.2. Models of type A ′ : Homogeneous infectivity and heterogenous dose

Models of type A ′ extend Model A to include heterogeneity of type III (see Figure 1). Specifically, it is posited that the doses ingested by different hosts are independent and identically distributed ( iid ) random variables drawn from a probability mass function p d n ( ξ ), where ξ are the distribution parameters. The expected probability of infection can then be expressed in terms of P ( A ) ( x, n ) as follows:"
"2404.00822v2.pdf","Here, the identities E x ( x 2 ) = v x + µ 2 x and E n ( n 2 ) = v n + µ 2 n have been used to express y as a function of expected values and variances of x and n .

It is now convenient to express the expected value in Eq. (13) as E x (E n ((1 -x ) n )) = exp(ln(1+ y )) and use the expansion ln (1 + y ) = y -y 2 / 2+ O ( y 3 ). After introducing the expression (14) into this expansion and neglecting O ( x 3 ) terms in the resulting function of x , one obtains the following approximation:

ˆ P /similarequal f 1 ( µ x , v x , µ n , v n ) ≡ 1 -exp ( -µ x µ n + µ 2 x 2 ( v n -µ n ) + v x 2 ( µ 2 n -µ n + v n ) ) . (15)

According to Eq. (15), ˆ P decreases with increasing v n for any µ x > 0. ˆ P also decreases with increasing v x since µ 2 n -µ n + v n ≥ 0 for any reasonable dose with µ n ≥ 1 and v n ≥ 0.

Corollary 4.1.1 establishes a general link between the slope of the doseresponse curve and the variance of the infectivity. This gives mathematical support to the ubiquitous flattening of the dose-response curve experimentally observed and modelled by assuming heterogeneous infectivity [16, 8]."
"2404.00822v2.pdf","Theorem 4.1. Let us suppose that the following conditions hold:
(a) The probability of infection for a given infectivity and dose is given by P ( A ) ( x, n ) (Eq. 12).
(b) The between-host variation of infectivity is described by a continuous random variable defined on [0 , 1] with expectation µ x and variance v x .
(c) The dose ingested by different hosts is a discrete random variable taking values in Z + (i.e., at least one microbe is ingested), with expectation µ n and variance v n .

Then, in the limit of small infectivity, the expected probability of infection, ˆ P , is a decreasing function of both v x and v n .

Proof. The proof essentially uses a cumulant expansion procedure [33]. From assumption (a), the expected probability of infection is given by

ˆ P = 1 -E x (E n ((1 -x ) n )) , (13)

where E x and E n are the expectations corresponding to infectivity and dose, respectively.

The binomial power in Eq. (13) can be expanded to give E x (E n ((1 -x ) n )) = 1 + y , where

y ≡ -( µ x + 1 2 ( v x + µ 2 x ) + O ( x 3 ) ) µ n + 1 2 ( v x + µ 2 x + O ( x 3 ))( v n + µ 2 n )+ O ( x 3 n 3 ) . (14)"
"2404.00822v2.pdf","and the number of infected hosts obeys a binomial distribution, I ∼ Bin( n, P ( A ) ).

Consistent with intuition, this model suggests that the probability of infection increases with both infectivity and dose.

4. Models for the expected value of the probability of infection

This section begins by presenting results for the expected value of the probability of infection, applicable in scenarios with small infectivities across any dose distribution. Subsequently, these findings will be demonstrated through specific models A ′ -C ′ introduced in subsections 4.2-4.5.

4.1. General results for the expected probability of infection

Theorem 4.1 gives a general result for the dependence of the expected probability of infection on the infectivity and/or dose variability across different hosts."
"2404.00822v2.pdf","The general model given by Eq. (1) is conceptually interesting. However, practical applications of dose-response models often deal with limited data consisting in a dose-response curve, i.e., the probability of infection estimated for a set of different doses. These data do not allow the parameters of the general model to be properly inferred (i.e. the infectivities for all microbes ingested by a host, { x i,h } n h i =1 ). It is more practically feasible to assume that the different sources of heterogeneity can be described in terms of a smaller number of parameters for the probability distribution of infectivity and dose. This motivates the adoption of models for the expected value of the probability of infection from a pragmatic standpoint. Such models are also crucial for comprehending the general effect of heterogeneities of types II and III, and will be utilised for this purpose in Sec. 4.

3. Model A : Homogeneous dose and infectivity

This model assumes that all hosts ingest the same number of microbes and that all microbes have the same infectivity within all hosts, i.e., n h = n and x i,h = x for any h and i .

Under these assumptions, Eq. (1) reduces to

P ( A ) ( x, n ) = 1 -(1 -x ) n , (12)"
"2404.00822v2.pdf","Here, the first equality follows from the series expansion ln(1 -z i ) = -∑ ∞ k =1 z k i , where z i = ( x i -¯ x ) / (1 -¯ x ).

Theorem 2.2. Assume that a host ingests a dose of n microbes with infectivities { x i,h } n i =1 and let ¯ x = n -1 ∑ n i x i,h be the mean infectivity. The probability of infection of such host is minimal when the infectivity is homogeneous, i.e., when all microbes have the same infectivity, x i,h = ¯ x .

Proof. The function ln(1 -z i ) is non-convex for any z i ≤ 1 so that, by Jensen's inequality [32], and this implies

1 n n ∑ i =1 ln(1 -z i ) ≤ ln ( 1 -1 n n ∑ i =1 z i ) , (8)

1 n n ∑ i =1 ln ( 1 -x i -¯ x 1 -¯ x ) ≤ 0 , (9)

-∞ ∑ k =1 M k k (1 -¯ x ) k ≤ 0 , (10)

if z i = ( x i -¯ x ) / (1 -¯ x ). From Eqs. (9) and (7), and, from Eq. (3), one obtains

P h ( { x i } n i =1 , n ) ≥ 1 -(1 -¯ x ) n . (11)

The theorem follows from Eq. (11). Indeed, the equality only holds for situations with homogeneous within-host infectivity such that M k = 0 for every k ≥ 2. The inequality holds strictly for any infection with heterogenous within-host infectivity with mean ¯ x ."
"2404.00822v2.pdf","Lemma 2.1. The probability of infection of a host that ingests a dose of n microbes with infectivities { x i } n i =1 can be expressed as in terms of the sample mean, ¯ x = n -1 ∑ n i =1 x i , and central moments, M k = n -1 ∑ n i =1 ( x i -¯ x ) k , of the infectivity. Here, the notation has been simplified by dropping the explicit dependence of infectivities and dose on the host h .

P h ( { x i } n i =1 , n ) = 1 -(1 -¯ x ) n exp ( -n ∞ ∑ k =1 M k k (1 -¯ x ) k ) , (3)

Proof. To derive Eq. (3), it is convenient to express Eq. (1) as

P h ( { x i } n i =1 , n ) = 1 -[ exp ( 1 n n ∑ i =1 ln(1 -x i ) )] n . (4)

The identity

ln(1 -x i ) = ln(1 -¯ x ) + ln ( 1 -x i -¯ x 1 -¯ x ) (5)

allows Eq. (4) to be written as

P h ( { x i } n i =1 , n ) = 1 -(1 -¯ x ) n [ exp ( 1 n n ∑ i =1 ln ( 1 -x i -¯ x 1 -¯ x ) )] n . (6)

The argument of the exponential function in Eq. (6) can be expressed as

1 n n ∑ i =1 ln ( 1 -x i -¯ x 1 -¯ x ) = -∞ ∑ k =1 1 n n ∑ i =1 ( x i -¯ x 1 -¯ x ) k k = -∞ ∑ k =1 M k k (1 -¯ x ) k . (7)

Introducing Eq. (7) into Eq. (6), leads to Eq. (3)."
"2404.00822v2.pdf","quantified by the probability x i,h that the microbe infects the host. From assumption 1 in the introduction, any microbe with x i,h > 0 can cause infection. Following assumption 2, the probability that a host is infected is

P h ( { x i,h } n h i =1 , n h ) = 1 -n h ∏ i =1 (1 -x i,h ) . (1)

Assuming that the infection of any host is independent of the rest of the hosts, the number of infected hosts obeys a Poisson-Binomial distribution, I ∼ PoissonBin( H, { P h } H h =1 ) [31]. The mean and variance of the number of infected individuals are then given by

E( I ) = H ∑ h =1 P h , Var( I ) = H ∑ h =1 P h (1 -P h ) . (2)

Within this model, type I heterogeneity is captured by the dependence of x i,h on the microbe i . Heterogeneity of type II is encoded by the dependence of x i,h on the host h . Heterogeneity of type III is accounted for by the dependence of n h on the host.

After deriving a useful formula for the probability of infection of a host in Lemma 2.1, a general result is proven in Theorem 2.2 for the effect of within-host heterogeneous infectivity on the probability of infection."
"2404.00822v2.pdf","The remaining of the paper is structured as follows: Section 2 introduces a general single-hit response model and provides general results for the probability of a host becoming infected by a dose of microbes with heterogeneous infectivity (i.e., heterogeneity of type I). A particular case of this model with homogeneous dose and infectivity is presented in Sec. 3. Subsequently, Section 4 gradually extends the homogeneous model to analyse the effect of all types of heterogeneity on the expected value of the probability of infection (see a schematic representation in Fig. 1). Well-known dose-response models like the exponential and beta-Poisson formulas [8, 28] are special cases of such models. Sec. 5 presents a population growth model for microbial infection, considering heterogeneous birth and death rates. Sec. 6 finalises the paper with a summary of the main findings, followed by a discussion on the scientific significance of experimentally validating the mathematical predictions in laboratory settings, along with the potential challenges involved.

2. General single-hit dose-response model

Let us assume a population of H hosts such that each host ingest (or is in contact with) n h pathogenic microbes. The infectivity of a microbe i is"
"2404.00822v2.pdf","Concerning the second direction mentioned above, the growth dynamics of microbes within a host have been described with birth-death models that have been related to dose-response models [29, 30]. However, heterogeneous infectivity was not incorporated into these models [28], and for instance, a mechanistic interpretation of the parameters α and β of the beta-Poisson model has not been provided.

Overall, the current understanding of how variability in dose and/or infectivity affects the probability of infection is limited, even for relatively simple models like the approximate beta-Poisson formula. This paper addresses this gap by presenting general results applicable to any single-hit dose-response model with heterogeneous dose and/or infectivity. These findings are then demonstrated using specific dose-response models."
"2404.00822v2.pdf","For instance, the exact beta-Poisson model or its widely-used approximation, the 'approximate' beta-Poisson formula, assume Poisson and beta distributions for the dose and infectivity, respectively [16, 18]. The shape parameters of the infectivity distribution, usually denoted as α and β , encode the dependence of the probability of infection on the variance of infectivity. However, the link between these parameters and the variance of infectivity has not been exploited to understand the effect of such variance on the expected probability of infection. The approximate beta-Poisson formula has also been used to mathematically justify an ubiquitous flattening of the

dose-response curve that cannot be explained assuming homogeneous infectivity [8]. However, an explicit link between the slope and the variance of infectivity was again not established. Indeed, the demonstration was based on the so-called median effective dose and parameter α in such a way that both the mean and variance of the infectivity vary simultaneously. A complete proof of whether the decrease of the slope is directly related to the infectivity variance is still lacking."
"2404.00822v2.pdf","To address the first point, two possible definitions of the probability of infection will be considered to address the first point: The probability that a given host becomes infected after ingesting a dose with specific infectivities and the average probability of infection for a set of hosts. Previous works have predominantly focused on the latter definition, as it is well-suited for interpreting experimental data. In such cases, variability has been addressed by treating infectivity and/or dose as random variables. This has led to dose-response formulas that map the expected value of the dose to the expected value of the probability of infection, as derived from infectivity and dose probability distributions. Despite the widespread use of this modeling approach, a comprehensive analysis of how the probability of infection varies with infectivity dispersion remains lacking."
"2404.00822v2.pdf","recognised by the scientific community employing dose-response models [27, 15, 16, 14]. Three sources of heterogeneity can be naturally considered:
(I) Within-host heterogeneous infectivity. If a host ingests several pathogenic microbes, the infectivity may be different for different microbes.
(II) Between-host heterogeneous infectivity. Two identical microbes may have different infectivity in different hosts.
(III) Between-host heterogeneous dose. The ingested dose may be different for different hosts.

The systematic investigation of whether each type of heterogeneity enhances or diminishes the probability of infection has not been systematically undertaken in previous studies. Furthermore, a link between heterogeneous infectivity and microbial infection mechanisms (e.g., microbial rates of birth and death) has yet to be established [28]. Advancing in these two directions constitutes the central motivation of the present work."
"2404.00822v2.pdf","Here, a general and mathematically rigorous analysis of the role of several types of heterogeneities on the probability of infection is presented within the context of dose-response models. These are mathematical functions that map a dose to the probability of infection [8]. Dose-response models have been effectively utilised in previous works to characterise the probability of infection across diverse microbial species and host populations [14, 15, 16, 17, 18, 19, 20, 21, 22, 23, 24, 25, 26].

Among several possible mechanistic approaches proposed to formulate dose-response relationshipts, the single-hit framework is the most widely used [17, 18, 8]. It is based on the following two assumptions:
Assumption 1. Ingestion of a single pathogenic microbe is sufficient to infect a host.
Assumption 2. If a host ingests a dose containing multiple pathogenic microbes, the event of one microbe causing infection is independent of the event of another microbe causing infection.

Acentral quantity of single-hit models is the infectivity, which denotes the probability that any microbe within an ingested dose will infect the host. The necessity to account for heterogeneity in infectivity and dose has long been"
"2404.00822v2.pdf","Estimating the probability of infection following exposure to a pathogenic microbe is a crucial step in quantitative microbial risk assessment [8]. Heterogeneity associated with the host-microbe interaction within hosts and differences between hosts in terms of the ingested dose and susceptibility, are expected to influence the chances of infection. However, a systematic understanding of the role of heterogeneity on infection is lacking. Interpreting infection as a biological invasion could guide intuition on the role of heterogeneity in the probability of infection. Different types of heterogeneity have been considered by ecological and epidemiological models for the probability of biological invasions [9, 10, 11, 12, 13]. Such models, however, suggest that depending on the type of heterogeneity, the probability of infection could either be enhanced of reduced."
"2404.00822v2.pdf","Keywords: Probability of infection, Heterogeneity, Dose-response models, Single-Hit Model, Within-host microbial infection dynamics

1. Introduction

A host exposed to a pathogenic microbe can become infected. However, infection is a complex process that depends on numerous factors, including

the number of microbes to which the host has been exposed (i.e. the dose), the virulence and genetic variability of the pathogens, as well as the susceptibility of the host to such pathogens [1, 2, 3, 4, 5, 6, 7]. Given the typical uncertainty about all these factors, it is useful to describe the occurrence of infection as a random event that can occur with certain probability."
"2404.00822v2.pdf","Abstract

The process of infection of a host is complex, influenced by factors such as microbial variation within and between hosts as well as differences in dose across hosts. This study uses dose-response and within-host microbial infection models to delve into the impact of these factors on infection probability. It is rigorously demonstrated that within-host heterogeneity in microbial infectivity enhances the probability of infection. The effect of infectivity and dose variation between hosts is studied in terms of the expected value of the probability of infection. General analytical findings, derived under the assumption of small infectivity, reveal that both types of heterogeneity reduce the expected infection probability. Interestingly, this trend appears consistent across specific dose-response models, suggesting a limited role for the small infectivity condition. Additionally, the vital dynamics behind heterogeneous infectivity are investigated with a within-host microbial growth model which enhances the biological significance of single-hit dose-response models. Testing these mathematical predictions inspire new and challenging laboratory experiments that could deepen our understanding of infections."
"2404.00822v2.pdf","Impact of heterogeneity on infection probability: Insights from single-hit dose-response models

Francisco J. P´ erez-Reche a a School For Natural and Computing Sciences, SUPA, University of Aberdeen, Aberdeen, AB24 3UE, United Kingdom"
"2406.17972v3.pdf","N.3 O*NET

The O*NET dataset is the main occupational information database in the United States, developed by the U.S. Department of Labor. For each occupation, it includes the following occupational characteristics, encoded as text: Tasks, Technology Skills, Tools Used, Work Activities, Detailed Work Activities, Work Context, Job Zone, Skills, Knowledge, Abilities, Interests, Work Values, Work Styles, Related Occupations. The O*NET data is publicly available and can be accessed at online."
"2406.17972v3.pdf","To combine the occupation, educational enrollment status, and employment status variables into our final processed occupation variable, we do the following for each individual-year observation: We use 'student' when educational enrollment status is enrolled. If not, we use 'out of labor force' or 'unemployed' if employment status is one of those values. If the occupation is still undecided, we use occupational code if it is specified. After combining occupation, educational enrollment status and employment

20 To have the right number of digits for the cross-walk, we divide each occupation code by ten.

status into our final occupation variable, we drop 30,885 individual-year observations with missing or invalid values for occupation."
"2406.17972v3.pdf","We again construct our main variable of interest, occupation, using the same preprocessing steps applied by Vafa et al. (2024) to facilitate comparisons, combining information from multiple variables recorded each survey year by the NLSY. For the occupation variable, we crosswalk individual-year observations from the 2000 census codes to 1990 census codes for consistency across datasets (Autor and Dorn (2013)). 20 There are many 'non enrolled' and 'enrolled' values for the educational enrollment status variables, which we aggregate.

As in the NLSY79, employment status is recorded on a weekly basis, with retrospective updating. To create employment status at the year level, we take the most frequent informative response (i.e., not the 'no information' or 'not working' status). We then collapse the employment status variable into three categories: 'employed' (defined as 'active miliary service,' 'associated with employment,' or any value that corresponds to a 'job number'), 'out of labor force' (defined as 'not associated with employment' or 'out of labor force') and 'unemployed.' All other original values that do not fit into these categories are treated as missing for employment status."
"2406.17972v3.pdf","The construction of the two dynamic variables, education level and occupation, for each individual-year observation also follows our process for NLSY79. Unlike the NLSY79, the education variable we use records highest degree achieved each survey year, so we do not need to convert years of education to degree. We do some aggregation to achieve the same levels as other datasets: 'less than high school' (defined as 'none' or 'GED'), 'high school,' 'some college,' 'college,' and 'any graduate' (defined as 'Master's,' 'PhD,' or 'Professional Degree'). As in the other datasets, we forward-fill education to replace missing values and impose the restriction that education level be non-decreasing. There are no individual-year observations that occur before the first non-missing observation of years of education and no individuals for whom we never observe years of education."
"2406.17972v3.pdf","region, and birth year. Personal id requires no processing. We use the main NLSY variables for gender, race/ethnicity, and birth year. There are no missing values for these variables and the only processing is descriptive labeling. Gender has two values: 'male' or 'female.' Differing from NLSY79, race/ethnicity has four values: 'Hispanic or Latino,' 'black or African-American,' 'mixed race non-Hispanic,' or 'non-Hispanic/non-black.' Birth year has five values from '1980' to '1984.'

As in the NLSY79, the region variable is recorded each survey year as one of four values: 'northeast,' 'south,' 'west,' and 'northcentral;' however, there are no missing values for the first year 1997, so we download only the variable for 1997 and use it as our static variable."
"2406.17972v3.pdf","NLSY97 The NLSY97 includes individuals born between 1980 and 1984 who were between 12 and 17 years old at the time data collection started in 1997. The original cohort contained 8,984 respondents. These individuals were interviewed annually from 1997 through 2011, and biennially thereafter. We use data from surveys conducted 1997 through 2021. To replicate the results in our study, researchers can download the the NLSY97 data file at https://www.nlsinfo.org/investigator/pages/search. After creating an account, the researcher can search and select the variables listed, and download the data file. One can find official tutorials of accessing NLSY data at https://www.nlsinfo.org/content/getting-started/introduction-to-the-nls/tutorialsand-videos. After the pre-processing described below, our resulting dataset, which we refer to as NLSY97, has 8,984 individuals and 148,795 total individual-year observations of occupations.

As in the other two datasets, we use five static covariates for each individual, dropping individuals for whom this information is missing: personal id, gender, race/ethnicity,"
"2406.17972v3.pdf","To combine the occupation, educational enrollment status, and employment status variables into our final processed occupation variable, we do the following for each individual-year observation: We use 'student' when educational enrollment status is yes. If not, we use 'out of labor force' or 'unemployed' if employment status is one of those values. If the occupation is still undecided, we use occupational code if it is specified. After combining occupation, educational enrollment status and employment status into our final occupation variable, we drop 108,034 individual-year observations with missing or invalid values for occupation."
"2406.17972v3.pdf","Employment status is recorded on a weekly basis, with retrospective updating. To create employment status at the year level, we take the most frequent informative response (i.e., not the 'no information' or 'not working' status, where the latter does not differentiate unemployed from out of labor force, or other missing values). We then collapse the employment status variable into three categories: 'employed' (defined as 'active miliary service,' 'associated with employment,' or any value that corresponds to a 'job number'), 'out of labor force' (defined as 'not associated with employment' or 'out of labor force') and 'unemployed.' All other original values that do not fit into these categories are treated as missing for employment status."
"2406.17972v3.pdf","drop 12 individual-year observations because of invalid skip and 12 individual-year observations because of non-interview that occur prior to the first valid observation of education for an individual. We also dropped x individuals for whom we never observe years of education.

We again construct our main variable of interest, occupation, using similar preprocessing steps applied by Vafa et al. (2024) to facilitate comparisons, combining information from multiple variables recorded each survey year by the NLSY. For the occupation variable, we crosswalk individual-year observations, which are recorded as either 1970 or 2000 census codes, to 1990 census codes for consistency across datasets (Autor andDorn(2013)). The educational enrollment status variable requires no processing beyonddescriptive labels and has two values: 'yes' or 'no,' where yes means the individual is a student that year."
"2406.17972v3.pdf","The region variable is recorded each survey year by the NLSY as one of four values: 'northeast,' 'south,' 'west,' and 'northcentral.' We take the first non-missing observation as our static variable. We drop 2 individuals with no region information in any year.

Weconstruct two dynamic variables for each individual-year observation, dropping observations for which either variable is missing: education level and occupation. We construct education level based on the years of education recorded each survey year in the NLSY through 2016. 19 For 2018 and 2020, we use the same educational level as in 2016. When we compare the highest degree obtained in 2016 to the highest degree ever obtained, we have a 99 . 59% match.

We categorize years of education into 'less than high school,' 'high school,' 'some college,' 'college,' and 'any graduate' each year, then forward-fill education to replace missing values and impose the restriction that education level be non-decreasing. We

19 This variable is labeled 'highest degree obtained' by NLSY, but captures years of education rather than just completed degrees."
"2406.17972v3.pdf","To replicate the results in our study, researchers can download the NLSY79 data file at https://www.nlsinfo.org/investigator/pages/search. After creating an account, the researcher can search and select the variables listed, and download the data file. After the pre-processing described below, our resulting dataset, which we refer to as NLSY79, has 12,479 individuals and 259,778 total individual-year observations of occupations.

As in the PSID81 dataset, we use five static covariates for each individual, dropping individuals for whom this information is missing: personal id, gender, race/ethnicity, region, and birth year. Personal id requires no processing. We use the main NLSY variables for gender, race/ethnicity, and birth year. There are no missing values for these variables and the only processing is descriptive labeling. Gender has two values: 'male' or 'female.' Race/ethnicity has three values: 'Hispanic,' 'black,' or 'non-Hispanic/nonblack.' Birth year has eight values from '1959' to '1964.'"
"2406.17972v3.pdf","individual-year observations) with no observation of family state (for the region variable), resulted in 31,056 individuals and 313,622 individual-year observations. After the processing above, we have no missing values for personal id or gender, or birth year, and race/ethnicity has no missing values by construction (other/unknown category). The sequential filtering steps lead to the final PSID81 dataset used in this study.

N.2 National Longitudinal Survey of Youth (NLSY)

The National Longitudinal Survey of Youth of 1979 (NLSY79) and 1997 (NLSY97) are two cohort-based surveys sponsored by the U.S. Bureau of Labor Statistics that follow individuals born in the United States.

NLSY79 The NLSY79 includes individuals born between 1957 and 1964 who were between 14 and 22 years old at the time data collection started in 1979. The original cohort contained 12,686 respondents. These individuals were interviewed annually from 1979 through 1994, and biennially thereafter. We use data from surveys conducted 1979 through 2020."
"2406.17972v3.pdf","We start with restricting our dataset to individual-year observations that have 'sequence number' values between 1 and 20, meaning the individual lives in the household, leading to 35,298 individuals and 352,191 individual-year observations. We then restrict individual-year observations with age between 18 and 80 (inclusive), resulting in 344,682 individual-year observations from 35,068 unique individuals. Then, we drop 2,999 individuals whose occupation status is not in the labor force across all years, resulted in 32,069 unique individuals and 323,420 individual-year observations. After combining occupation and employment status into our final occupation variable, we drop 5,037 individual-year observations with missing or invalid values for occupation, leading to 31,795 individuals and 318,383 individual-year observations. We drop 632 individuals with 4,512 individual-year observations with missing educational information even after the forward filling, which corresponds to individuals whom we never observe years of education and individual-year observations that occur before the first nonmissing observation of years of education. The filtering on educational level leads to 31,163 individuals and 313,871 individual-year observations. Finally, 107 individual (249"
"2406.17972v3.pdf","After constructing our dynamic variables of interest, we filter individuals and individual-year observations with invalid values for these variables. Our data filtering process starts with 35,516 individuals with 360,373 individual-year observations after the 1981 survey (inclusive), when the individual was either the household head or the spouse of the head."
"2406.17972v3.pdf","Weconstructourmainvariableofinterest, occupation, using the same pre-processing steps applied by Vafa et al. (2024) to facilitate comparisons, combining information from multiple variables recorded each survey year by the PSID81. First, we crosswalk individual-year observations of occupation that are recorded as either 1970 or 2000 census codes to the occ1990dd scheme for uniformity throughout the dataset (Autor and Dorn (2013)).

We then collapse the employment status variable into four categories: 'employed,' 'out of labor force' (defined as 'Retired,' 'Permanently disabled,' or 'Housewife'), 'unemployed' (defined as 'Only temporarily laid off' or 'Looking for work, unemployed'), and 'student.' All other original values that do not fit into these categories are treated as missing for employment status. Lastly, we replace individual-year observations of occupation with employment status when employment status is non-employed (out-oflabor-force, unemployed, or student). So employment status replaces missing values of occupation, but it also replaces valid occupation codes when employment status is one of the three non-employed statuses, meaning that non-employed statuses take priority over occupation."
"2406.17972v3.pdf","We construct birth year based on the age variable recorded each survey year by the PSID. To compute birth year, we take the mode of the difference between the survey year and the individual's age for each individual-year observation. When there is more than one mode, we take the average of the two most frequent birth years. Two modes, which we observe for 1,702 individuals, are likely the result of variation in the timing of

18 Race/ethnicity for spouse was collected by the PSID starting in 1985.

a survey within the calendar year. Three and four modes, which we observe for 32 and 3 individuals, respectively, are likely due to measurement error.

Weconstructtwodynamicvariablesforeachindividual-year observation in addition to the calendar year of survey: education level and occupation. We construct education level based on the years of education recorded each survey year in the PSID81. We categorize years of education into 'less than high school,' 'high school,' 'some college,' 'college,' and 'any graduate' each year, then forward-fill education to replace missing values and impose the restriction that education level be non-decreasing."
"2406.17972v3.pdf","Weuse five static covariates for each individual, dropping individuals for whom this information is missing: personal id, gender, race/ethnicity, region, and birth year. We construct each individual's personal id by combining the PSID identifiers for family and individual. We use the main PSID variable for gender, classifying individuals as 'male' or 'female.' Race/ethnicity is recorded each survey year by the PSID, with definitions varying slightly from year to year. 18 We collapse all definitions into either 'white' (consistent category across years), 'black,' or 'other/unknown.' Then, we take the first nonother/unknown observation of race/ethnicity for our static variable, or classify the individual as other/unknown if their race/ethnicity is never classified as white or black. We base the region variable on the state in which a family lives, which is recorded each survey year by the PSID. First, we construct region as a 4-category variable that takes the values 'northeast,' 'south,' 'west,' and 'northcentral' based on state. Then, we take the first non-missing observation as our static variable."
"2406.17972v3.pdf","In this project, we restrict our attention to survey years between 1981 and 2021 (inclusive) because occupation code was originally recorded with only one or two digits in 1979 and 1980, and retrospective updating to three-digit codes was missing for many individuals. We also restrict our sample to individual-year observations that are household heads or spouses because we observe occupation and race/ethnicity information only for these family members. After the pre-processing described below, our resulting final dataset, which we refer to as PSID81, has 31,056 individuals and 313,622 total individual-year observations of occupations."
"2406.17972v3.pdf","To replicate the results in our study, researchers can download the data file that we used from the PSID data center at https://simba.isr.umich.edu/DC/c.aspx. After creating an account, the researcher can use the 'Previous Cart' option, search for the email tianyudu@stanford.edu, and select Job '339649' The raw data file used for the analysis in this paper was created and downloaded on November 2 nd , 2024 at 10:52:52 PM. If the above dataset cannot be successfully retrieved, our replication notebook also provides a complete list of variables we used and the instruction to obtain these data from the PSID data server at https://simba.isr.umich.edu/DC/l.aspx."
"2406.17972v3.pdf","and their co-residents on an annual basis through 1997, then biennially starting in 1999. Each member of the original PSID study and their descendants continue to be surveyed, even after leaving the household of origin. This is true for children, other adult members, and ex-spouses forming new family units. The original PSID study was focused on the dynamics of poverty, so the 1968 wave oversampled low-income households and had a relatively large sub-sample of Black respondents. A representative sample of 2,043 Latino households (of Mexican, Cuban and Puerto Rican origin) was added in 1990, but was dropped by the PSID in 1995, so we drop this sample from our final dataset."
"2406.17972v3.pdf","pre-processing steps we took for each dataset. We also provide descriptive statistics on the static variables in this appendix, and describe the process of combining the datasets.

For each survey dataset, we construct a group of static and dynamic variables. Static variables that remain consistent over time are 'personal id,' 'gender,' 'birth year,' 'race/ethnicity,' and 'region.' We also construct two dynamic variables for each survey year, 'occupation' and 'education level,' that employ two input variables 'education enrollment status' (for NLSY datasets only) and 'employment status.' The sections below describe how the listed variables are constructed using each dataset.

N.1 The Panel Study of Income Dynamics (PSID81)

The Panel Study of Income Dynamics (PSID) is a longitudinal U.S. household survey tracking families and their individual members (Survey Research Center, Institute for Social Research, University of Michigan (2024)). The first annual wave from 1968 included approximately 4,800 households. Since then, the PSID has traced all individuals from those households and their descendants, collecting information on individuals"
"2406.17972v3.pdf","Then, we show the values of several features in each quintile, allowing us to understand the factors that vary systematically between higher and lower quintiles. The corresponding heat map is shown in Figure M; for example, Figure M shows that fine-tuned Llama-2-13B performs better for movers as the transition index increases and the similarity between y i,t -1 and y i,t decreases. This improvement can again be attributed to the attention mechanism and pre-training.

APPENDIX N: DATA APPENDIX

The paper uses three nationally representative survey datasets from the United States to assess the performance of occupation models in predicting career trajectories: the Panel Study of Income Dynamics (PSID81), the National Longitudinal Survey of Youth 1979 (NLSY79), and the National Longitudinal Survey of Youth 1997 (NLSY97). In addition, the paper uses occupational information from O*Net to create a job similarity feature in the data. This data appendix details each data source, how it was retrieved, and the data

Note : Each cell depicts the corresponding feature's values for each quintile by the estimated difference. Standard errors of feature values are shown in parentheses."
"2406.17972v3.pdf","TABLE M.2. Description of features used in the heterogeneous advantage analysis. (cd.)

Feature | Description
Transition index | Thetransition index t of the job y i,t , whichis the numberofpriorobservations in the dataset. With a higher t , the models have access to a longer career history while making the predic- tion.
Occupational Similarity basedonO*NET | We compute cosine similarities between job y i,t - 1 and y i,t on eight aspects in the O*NET dataset: 'Abilities', 'Composite Attributes', 'Interests', 'Knowledge', 'Skills', 'Work Activi- ties', 'Work Styles', and 'Work Values', separately; then, include the average cosine similar- ity.
Similarity between job titles | Cosine similarity of embeddings for job titles y i,t - 1 and y i,t , generated using the off-the- shelf Llama-2-7B.
Embedding of career history TMPL ( x i, ≤ t ,y i,<t ) | Embedding of text representation TMPL ( x i, ≤ t ,y i,<t ) generated using the off-the-shelf Llama-2-13B model. The embedding space is reduced from 5,120 to 32 dimensions via PCA for faster GRF estimation."
"2406.17972v3.pdf","TABLE M.2. Description of features used in the heterogeneous advantage analysis. (cd.)

Feature | Description
Transition index | Thetransition index t of the job y i,t , whichis the numberofpriorobservations in the dataset. With a higher t , the models have access to a longer career history while making the predic- tion.
SameSOCgroup | The number of tokens in the previous job title y i,t - 1 . Using the SOC hierarchy to cluster y i,t - 1 and y i,t into SOC-group ( y i,t - 1 ) and SOC-group ( y i,t ) . Indicators measure the magnitude of job transition: 1 { SOC-group ( y i,t - 1 )= SOC-group ( y i,t ) } .
Samedetailed SOCgroup | Using the SOC hierarchy to cluster y i,t - 1 and y i,t into SOC-detailed-group ( y i,t - 1 ) and SOC-detailed-group ( y i,t ) . Indicators measure the magnitude of job transition: 1 { SOC-detailed-group ( y )= SOC-detailed-group ( y ) } ."
"2406.17972v3.pdf","TABLE M.2. Description of features used in the heterogeneous advantage analysis.

Feature | Description
Transition index | Thetransition index t of the job y i,t , whichis the numberofpriorobservations in the dataset. With a higher t , the models have access to a longer career history while making the predic- tion.
(Logged) job frequency | The number of occurrences of occupation y i,t in the dataset.
(Logged) previous job frequency | The number of occurrences of occupation y i,t - 1 in the dataset.
(Logged) empirical transition frequency | The empirical number of transitions y i,t - 1 → y i,t , calculated as # (train) { y i,t - 1 → y i,t } .
(Logged) empirical transition probability | The empirical probability of transition y i,t - 1 → y i,t , calculated as # (train) { y i,t - 1 → y i,t } # (train) { y i,t - 1 } .
(Logged) number of tokens in job title (Logged) number of tokens in previous job title | The number of tokens in the job title of occupation y i,t ."
"2406.17972v3.pdf","where ∆ ˆ P job quantifies the improvement of FT-13B over the CAREER model for a particular transition ( i, t ) (i.e., individual-year observation).

We build a predictive generalized random forest (which embeds sample splitting to avoid overfitting as described in Athey et al. (2018)) to predict this difference using as covariates the variables in Table M.2. We assign each realization of covariates to a quintile based on the resulting estimates of the difference between the models (i.e., ∆ ˆ P job ). The presence of heterogeneity in the quintile-level test set mean differences in log-likelihood indicates that the intensity of differences in performance between FT13B and CAREER vary as a function of the features of the individual-year observation, denoted Φ i,t ( y i,t , x i, ≤ t , y i,<t ) . Note that logged variables are computed as log( x +1) to avoid log(0) ."
"2406.17972v3.pdf","TABLE M.1. Test-set accuracy of predicting correct SOC-group given embeddings.

Embedding Method | Test Set Accuracy
FT-7B | 78.21% (0.066)
CAREER | 76.32% (0.038)
OTS Llama-2-7B | 75.82% (0.049)

Note : Test-set-bootstrap standard errors are in parentheses. All models are PCA-ed to 32 dimensions.

Second, we report the details of our analysis to learn for which types of transitions FT-13B outperforms CAREER in predicting whether an individual 'moves' jobs.

Specifically, we ask the question: for what kind of mover observations ( i, t ) with characteristics ( y i,t , x i, ≤ t , y i,<t ) do language models outperform the previous specialized transformer? We focus on 'mover' transitions in the test split of the PSID81 dataset since it is our largest dataset.

To begin, we define our prediction target as the difference in the log-likelihood of the ground truth between predictions from FT-13B and CAREER, as follows:

̸

∆ ˆ P job =log ˆ P LLM ( y i,t | y i,t = y i -1 ,t , x i, ≤ t , y i,<t ) -log ˆ P CAREER ( y i,t | y i,t = y i -1 ,t , x i, ≤ t , y i,<t ) (8)

̸"
"2406.17972v3.pdf","Specifically, we use different transformer models to generate embedding vectors for all occupations y ∈ Y , and set up a prediction task to explore how much SOC occupational hierarchy these embeddings encode. Since we only have around 300 occupations and embedding dimensions are much higher (e.g., 4,096), we apply PCA dimension reduction to reduce all embeddings to 32 dimensions. Then, we build a multinomial logistic regression (with an elastic-net regularization) to predict which of the following six SOC groups an occupation belongs to: 'Alternate aggregations', 'Management, Business, Science, and Arts Occupations', 'Service Occupations', 'Sales and Office Occupations', 'Natural Resources, Construction, and Maintenance Occupations Production, Transportation, and Material Moving Occupations', and 'Military Specific Occupations'. Weregularize the multinomial regression using a convex combination of L1 and L2 regularization (i.e., the elastic-net, α || β || 1 +(1 -α ) || β || 2 C ); and we use five-fold cross-validation to choose the best regularization strength C and weight α .

Table M.1 shows that LLM embeddings can capture meaningful patterns in occupational hierarchies, highlighting the importance of prior knowledge in the predictions."
"2406.17972v3.pdf","We evaluate our models using the prompt-label pair in each ˜ S (test) t min <t ≤ t min +5 ,k separately . Within each ˜ S group, we query the likelihood that the language model assigns to the ground truth job title as the continuation of the text prompt, ˆ P LLM ( TITLE ( y i,t ) | TMPL ( x i , { x i,τ } t τ = t -k , { y i,τ } t -1 τ = t -k )) , and compute the perplexity using all predictions within that ˜ S . Finally, we build a matrix of perplexity metrics assessing model's performance under different levels of exposure to past information, the results of which are reported in Table 13 in the main text.

APPENDIX M: DETAILS FOR ADDITIONAL ANALYSES

In this appendix, we provide additional details on the two exercises we perform in Section 10.4. First, we report the details of our analysis to learn the extent to which the embeddings created by FT-7B incorporate information about the meaning of job titles by assessing the predictive power of these embeddings on a task related to the interpretation of job titles."
"2406.17972v3.pdf","The NLSY97 dataset covers a shorter time span, therefore, S (test) 20 <t ≤ 25 and S (test) 25 <t ≤ 30 are defined as empty sets for NLSY97.

Given a S (test) t min <t ≤ min +5 , for each observation ( i, t ) ∈ S (test) t min <t ≤ min +5 , we create a text templates consisting of only k most recent observations of individual i prior to her t th observation: TMPL ( x i , { x i,τ } t τ = t -k , { y i,τ } t -1 τ = t -k ) for various values of k . Specifically,

· k ∈{ 5 } if t min =5 .
· k ∈{ 5 , 10 } if t min =10 .
· k ∈{ 5 , 10 , 15 } if t min =15 .
· k ∈{ 5 , 10 , 15 , 20 } if t min =20 .
· k ∈{ 5 , 10 , 15 , 20 , 25 } if t min =25 .

After this procedure, we create an array of prediction tasks (i.e., pairs of text prompt and ground truth job) with different combinations of t min and k :

˜ S (test) t min <t ≤ t min +5 ,k = { TMPL ( ( x i , { x i,τ } t τ = t -k , { y i,τ } t -1 τ = t -k ) , y i,t ) } ( i,t ) ∈ S (test) t min <t ≤ min +5

where each element of ˜ S (test) t min <t ≤ t min +5 ,k is an pair of (1) a prompt containing k past observations prior to the t th record of individual i and (2) the ground truth occupation individual i has in her t th record (i.e., the label)."
"2406.17972v3.pdf","If we set k =2 most recent previous observations, we would drop the first two observations in the years 2007 and 2009 and feed the following prompt into the LLM to predict the fifth occupation using only the two most recent observations instead of the full prompt above.

<A worker from the PSID dataset> The following information is available about the work history of a female white US worker residing in the west region. ↪ → The worker was born in 1985.

The worker has the following records of work experience, one entry per line, including year, eaducation level, and the job title: ↪ → 2011 (college): Education administrators 2013 (college): Child care workers 2015 (college):

Formally, define the following non-overlapping subsets of individual-year observations from the test set:
· S (test) 5 <t ≤ 10 = { ( i, t ) ∈D (test) | 5 <t ≤ 10 } ,

· S (test) 10 <t ≤ 15 = { ( i, t ) ∈D (test) | 10 <t ≤ 15 } ,

· S (test) 15 <t ≤ 20 = { ( i, t ) ∈D (test) | 15 <t ≤ 20 } ,

· S (test) 20 <t ≤ 25 = { ( i, t ) ∈D (test) | 20 <t ≤ 25 } ,

· S (test) 25 <t ≤ 30 = { ( i, t ) ∈D (test) | 25 <t ≤ 30 } ."
"2406.17972v3.pdf","Test-set-bootstrap standard errors are in parentheses.

In this appendix, we provide additional details on our experiment evaluating the value of longer career histories in Section 10.3.

For this experiment, we limit the length of career history to the k most recent observations of { x i,τ } t τ = t -k , which includes both time-varying and time-invariant covariates, and { y i,τ } t -1 τ = t -k , P ( y i,t | { x i,τ } t τ = t -k , { y i,τ } t -1 τ = t -k ) . When k = ∞ (equivalently, k = t -1 ) the model has access to all previous observations. Consider the following prompt that would be fed into the LLM to predict the fifth occupation using the first four observations.

<A worker from the PSID dataset> The following information is available about the work history of a female white US worker residing in the west region. ↪ → The worker was born in 1985. The worker has the following records of work experience, one entry per line, including year, education level, and the job title: ↪ → 2007 (college): Postmasters and mail superintendents 2009 (college): Athletes, coaches, umpires, and related workers 2011 (college): Education administrators 2013 (college): Child care workers 2015 (college):"
"2406.17972v3.pdf","Table K.1 summarizes the performance of these models fine-tuned with additional training data; adding sufficient non-representative data leads to improvements over the models fine-tuned with only data representative of the test set.

TABLE K.1. Test-set perplexity of fine-tuning model on full training split plus P % training data from other sources.

Evaluation Dataset Numberof Transitions (∑ i ∈ test T i ) | PSID81 61,772 | NLSY79 51,593 | NLSY97 29,951
Perplexity |  |  | 
FT-7B with P =0 | 8.184 (0.126) | 8.329 (0.147) | 6.350 (0.101)
FT-13B with P =0 | 8.140 (0.126) | 8.282 (0.145) | 6.326 (0.100)
FT-7B with P =10 | 8.179 (0.127) | 8.315 (0.147) | 6.333 (0.099)
FT-7B with P =30 | 8.109 (0.124) | 8.293 (0.147) | 6.293 (0.099)
FT-7B with P =50 | 8.094 (0.123) | 8.281 (0.148) | 6.278 (0.098)
FT-7B with P =70 | 8.087 (0.124) | 8.266 (0.146) | 6.260 (0.099)
Perplexity Improvement |  |  | 
PPL(FT-13B)-PPL(FT-7B with P =10 ) | -0.039 (0.014) | -0.033 (0.013) | -0.007 (0.010)
PPL(FT-13B)-PPL(FT-7B with P =30 ) | 0.030 (0.014) | -0.011 (0.012) | 0.033 (0.010)
PPL(FT-13B)-PPL(FT-7B with P =50 ) | 0.045 (0.013) | 0.001 (0.013) | 0.047 (0.010)
PPL(FT-13B)-PPL(FT-7B with P =70 ) | 0.053 (0.014) | 0.017 (0.013) | 0.065 (0.010)

Note :"
"2406.17972v3.pdf","Computing the compound prediction for a single transition requires approximately 2 × |Y| ≈ 700 model inferences, making this experiment computationally expensive.

Finally, we compare the agreement between the direct prediction and the compound prediction using the 1,500 transitions; the log probabilities are found to be highly correlated, with a correlation coefficient of 0 . 93 .

APPENDIX K: ADDITIONAL RESULTS FOR THE VALUE OF INFORMATION

In this section, we report on a complementary exercise to that conducted in Table 9 of the main paper. Instead of either fine-tuning on a single dataset or the union of all datasets, we start from each baseline survey training dataset and create new training datasets that mix in additional data from the other two surveys. Specifically, we take the training split of dataset ω , D (train) ω and mix it with P % ×|D (train) ω | additional training samples from training splits of the other two datasets D (train) ω ′ ∪D (train) ω ′′ . We fine-tune Llama2-7B models using the merged training data, and then evaluate the model's performance on the test split D (test) ω ."
"2406.17972v3.pdf","LABOR-LLM: Language-Based Occupational Representations with Large Language Models

SUSAN ATHEY Graduate School of Business, Stanford University

HERMAN BRUNBORG Institute for Computational and Mathematical Engineering, Stanford University

TIANYU DU

Institute for Computational and Mathematical Engineering, Stanford University

AYUSH KANODIA Independent Researcher

KEYON VAFA Harvard Data Science Initiative, Harvard University"
"2406.17972v3.pdf","Vafa et al. (2024) introduced a transformer-based econometric model, CAREER, that predicts a worker's next job as a function of career history (an 'occupation model'). CAREER was initially estimated ('pre-trained') using a large, unrepresentative resume dataset, which served as a 'foundation model,' and parameter estimation was continued ('fine-tuned') using data from a representative survey. CAREERhadbetter predictive performance than benchmarks. This paper considers an alternative where the resume-based foundation model is replaced by a large language model (LLM). We convert tabular data from the survey into text files that resemble resumes and fine-tune the LLMs using these text files with the objective to predict the next token (word). The resulting fine-tuned LLM is used as an input to an occupation model. Its predictive performance surpasses all prior models. We demonstrate the value of fine-tuning and further show that by adding more career data from a different population, fine-tuning smaller LLMs surpasses the performance of fine-tuning larger models.

KEYWORDS. Occupation Transitions, Large Language Model, Foundation Model. JEL CLASSIFICATION. J24, J62, C55.

Susan Athey: athey@stanford.edu"
"2406.17972v3.pdf","Herman Brunborg: brunborg@stanford.edu

Tianyu Du: tianyudu@stanford.edu

Ayush Kanodia: akanodia@stanford.edu

Keyon Vafa: kvafa@g.harvard.edu

We gratefully acknowledge financial support from the Golub Capital Social Impact Lab, the Stanford Institute for Human-Centered Artificial Intelligence, and the Business, Governance, and Society Initiative at Stanford's Graduate School of Business. Herman Brunborg thanks Aker Scholarship Foundation for financial support. Author order is alphabetical. Tianyu Du was the student leading the project and would be considered first author in the engineering tradition."
"2406.17972v3.pdf","1. INTRODUCTION

This paper introduces a new approach to making predictions about the evolution of worker careers that builds on the 'foundation model' approach recently popularized in generative artificial intelligence. The application we focus on is the problem of predicting a worker's next job as a function of the worker's prior history. This problem is challenging because of the high dimensionality of the feature space: When there are 335 possible occupations, there are 335 t possible sequences of occupations in t periods of observation. In addition, the prediction space is large. Given a history of jobs, a predictive model produces 335 probabilities corresponding to the possible next jobs."
"2406.17972v3.pdf","Historically, the economics literature has addressed these challenges in a few ways. In terms of simplifying the outcomes, the literature has typically collapsed the space of occupations into a much smaller number of high level categories (Boskin (1974)), or it has taken a 'hedonic' approach, describing jobs by their characteristics, such as skills requirements (e.g., Cortes (2016)). 1 In terms of reducing the dimensionality of the covariates, economic models typically use heuristic approaches such as focusing on the most recent previous job and summary statistics that describe the rest of history, such as years of experience (e.g., Hall et al. (1972)). However, we will show in this paper that these approaches have limitations: using heuristics to reduce dimensionality limits the set of applications of the model and hurts predictive power. For example, we might wish to characterize job transitions granularly in order to identify those that have become less commonover time, or transitions that are particularly likely after layoffs; an occupation model that incorporates career history may also contribute to analyses of transitions in and out of the labor force, or in and out of poverty (e.g., Stevens (1994)). Accurate predictions often play a supporting role in answering causal economic questions; predictive models are used to estimate counterfactual outcomes that would occur in the absence of treatment, and predictive models must account for covariates (here, history) that may be correlated with treatment assignment to avoid omitted variable bias. Predictive models also play a supporting role in estimating treatment effect heterogeneity (Athey et al. (2023)). In the context of recommendation systems or automated job advice (de Ruijt and Bhulai (2021)), accurate estimates of conditional transition probabilities may be a key building block."
"2406.17972v3.pdf","In this paper, we develop a novel approach to this problem where dimensionality reduction of outcomes (the next job) and career history is data-driven. Our approach improves upon previous approaches in terms of predictive power in held-out data. We start from the observation that the problem of predicting the next job in a worker's career is analogous to the problem of predicting the next word in a sequence of text, suggesting that approaches that have recently been highly successful for predicting the next word may also be applicable here. Previous research (Vafa et al. (2024)) took language modeling as an inspiration and built a custom model for occupation prediction; in this paper, we introduce an approach that directly uses the next-word probability models associated with popular open source Large Language Models (LLMs).

1 The hedonic approach has also been used in related literature in industrial organization where consumers select among many products."
"2406.17972v3.pdf","To understand how we use LLMs for the discrete choice problem of predicting job transitions, consider how LLMs are commonly developed and used today. The empirical model (most commonly, a transformer neural network) reduces the dimensionality of covariates through the use of 'embeddings' or 'representations' which are lowerdimensional latent variables estimated from data. In the case of text, an embedding function is an (estimated) mapping from a sequence of words into a real-valued vector. Estimation of the model makes use of variants of stochastic gradient descent, where each observation (instance of a next-word prediction) is ordered randomly and then observations are processed sequentially. The parameters of the model are updated in the direction of the gradient of the objective function evaluated at the relevant observation. Stochastic gradient descent is applied to two distinct datasets in sequence. The first dataset is usually very large and may not be representative of the population of interest, andestimation of model parameters on this dataset is referred to as 'pre-training,' while the resulting estimated model is referred to as a 'foundation model' (Bommasani et al. (2022)). For some applications, the foundation model is used 'off-the-shelf' and estimation ends at this step, but in other applications a second dataset is used. The second dataset is usually a randomly selected 'training' subsample of the dataset of primary interest, and it is usually much smaller than the first dataset. Estimation of model parameters using stochastic gradient descent picks up where the pre-training left off, processing only observations from the training dataset."
"2406.17972v3.pdf","Several observations about the approach of pre-training and fine-tuning shed light on why it can be effective. First, the pre-training step may identify structure in the prediction problem (in the case of language, the meaning of words, grammar, and facts) that may be relevant across different contexts. With a very large pre-training corpus, it is possible to estimate a large number of parameters (generally billions or more), enabling a substantial amount of information to be encoded in the model. Second, it is not necessary to have access to the pre-training dataset in order to carry out the fine-tuning step. All that is needed is access to the model parameters and an understanding of the functional form of the embedding function. A third advantage that we will not fully exploit in this paper is that the objective can be modified (e.g., predict a different outcome variable) in fine-tuning. See, e.g., Bommasani et al. (2022) for further discussion."
"2406.17972v3.pdf","An open question about the fine-tuning approach is whether the fact that the pretraining dataset is not representative of the target implies that the final estimated model will exhibit bias relative to the true conditional transition probabilities in the population of interest. There may be a tradeoff between using a large, non-representative dataset to better learn underlying structure (e.g. meaning of language), and getting a model that makes conditional predictions that are representative of a target dataset of interest. In this paper, we show that if such biases are important, the advantages of the foundation model approach outweigh them in our application.

The foundation model approach has been applied in many settings beyond text (Savcisens et al. (2024), Wu et al. (2021), Radford et al. (2021)). For the problem of nextjob prediction, Vafa et al. (2024) built CAREER. CAREER relies on a 'custom' econometric model based on the same transformer architecture popular in LLMs, but modified so that the vocabulary of the transformer is limited to the space of jobs, and customized"
"2406.17972v3.pdf","to give special treatment to staying in a job. The pre-training data was a set of about 23 million resumes of U.S. workers acquired from Zippia, Inc., where the resumes are not representative of the U.S. population. Vafa et al. (2024) then fine-tuned the model using data from U.S. government surveys (the Panel Study of Income Dynamics (PSID) (Survey Research Center, Institute for Social Research, University of Michigan (2024)) and two cohorts from the National Longitudinal Survey of Youth (NLSY79 and NLSY97) (Bureau of Labor Statistics, U.S. Department of Labor (2023, 2024)), showing that predictive performance was significantly better than existing benchmarks from the literature. Further, the paper shows that the underlying structure identified by the foundation model has predictive power for related tasks; when the model is fine-tuned to predict wages, which are not available in the pre-training resume dataset, it improves the predictive power for wages above popular regression models relied upon in labor economics. CAREERusedanembeddingspaceof768dimensions,andthemodelhadabout5.6million parameters."
"2406.17972v3.pdf","In this paper, we propose an alternative to CAREER, which we refer to as the LA nguageB ased O ccupational R epresentations with L arge L anguage M odels (LABORLLM) framework. This framework incorporates several approaches to leveraging LLMs for modeling labor market data and producing representative predictions. LABOR-LLM uses a similar approach to CAREER with several modifications. Most importantly, the foundation model we use is an LLM, so it is trained on natural language. We focus on Llama-2, the open-weight model provided by Meta. Second, in our preferred LABORLLM approach, which we call Fine-Tuned LABOR-LLM or FT-LABOR-LLM, instead of fine-tuning the model on tabular data as constructed from government surveys, we finetune it on a textual version of the government survey (or combinations of government surveys). In particular, we transform the survey data into what we call a 'text template' that looks similar to the text of a resume, and fine-tune the language model on a dataset consisting of one document (sequence of words resembling a resume) for each worker in a government survey dataset. The objective of the fine-tuning is next-word prediction for the text resume."
"2406.17972v3.pdf","The fine-tuned model can, in principle, be used in a variety of ways. One approach would be to use it to create data-driven low-dimensional embeddings of history, and use those embeddings as if they were observed covariates in a predictive model such as a multinomial logistic regression. We explore such an approach in the paper, but we show that it does not work as well as FT-LABOR-LLM.

The FT-LABOR-LLM approach involves adapting an LLM that generates an estimate of the probability of the next word (conditional on that word being preceded by a particular sequence of words) to an occupation model that predicts the job in a particular year as a function of career history. To do so, we use the probability model associated with the fine-tuned LLM to evaluate the probability that the next text in our text template is the text corresponding to a particular job, conditional on the preceding text being equal to the text of the text template truncated at the year of interest, recalling that the text template was automatically generated from the worker's history recorded in the tabular survey data."
"2406.17972v3.pdf","We show that the performance of FT-LABOR-LLM is better than that of CAREER, despite CAREER being custom-designed for the problem and pre-trained on a very relevant corpus of documents, resumes of U.S. workers. Recalling that CAREER in turn substantially outperformed alternatives from the literature, FT-LABOR-LLM is established to be the state of the art in terms of predictive performance. We highlight the importance of the fine-tuning step by showing that, without fine-tuning, off-the-shelf Llama2 makes plausible-sounding predictions of jobs, but it is not as accurate in terms of the next job probability distributions conditional on history, and it 'hallucinates' invalid job titles because it is not fine-tuned exclusively on labor sequence data. The latest LLM available from OpenAI has similar challenges."
"2406.17972v3.pdf","In the remainder of the paper, we assess the sources of the performance benefits. We begin by assessing the role of model size (number of parameters) and the volume of data. We show that using a larger LLM as the foundation model, in particular the version of Llama-2 with 13 billion parameters rather than the version with 7 billion parameters, improves predictive performance. However, we show that adding in data from different government surveys (even though they are drawn from different time periods) quickly improves the performance of the smaller model, matching and then surpassing the performance of the larger model. Thus, data is a substitute for model size. 2 Since smaller models are less expensive to estimate, and especially cheaper to make predictions from, working with a smaller model has distinct advantages."
"2406.17972v3.pdf","We next assess whether FT-LABOR-LLM is making use of information embedded in the text of the job title. To do so, we replace the job titles with numeric codes in the training data and show that this approach degrades predictive performance substantially. We further establish that demographics, most notably gender, but also the interaction of gender, ethnicity, and region, play an important role in predicting job transitions. Finally, we show that predictive performance is degraded unless at least 10 periods of worker history is included; truncating the history degrades performance.

Overall, the success of FT-LABOR-LLM provides an example of how LLMs can be used as foundation models for an economic problem that was traditionally studied using categorical, discrete-choice prediction models. In addition to providing superior predictive performance, the LABOR-LLM approach has some advantages because the pre-training step does not have to be carried out by the individual researcher; rather open, general purpose LLMs can be used (or closed models can be used through paid API access, although with less control on the part of the analyst)."
"2406.17972v3.pdf","2. RELATED WORK

Career Trajectory Modeling and Next Job Prediction In the economics literature, when studies of worker transitions analyze the relationship between worker characteristics and career histories to career transitions, they have traditionally relied on fairly simple predictive models and considered only a few occupation categories. For example,

2 Other papers have shown that more data improves model performance for both pre-training (Vafa et al. (2024), Kaplan et al. (2020)) and fine-tuning (Dong et al. (2023), Bucher and Martini (2024)) data."
"2406.17972v3.pdf","Boskin (1974) use a conditional logistic regression model to analyze the factors affecting workers' transitions among 11 occupational groups, where the factors included estimated earnings, training expenses, and costs due to unemployment. Schmidt and Strauss (1975) use a multinomial logistic regression to analyze the impact of race, sex, educational attainment, and labor market experience on the probability that individuals transition into one of five different occupational categories, revealing significant effects of these variables on occupational outcomes. Hall et al. (1972) examine the dynamics of labor force turnover in the U.S., analyzing the influences of demographic factors, labor demand fluctuations, and job stability on unemployment. To study turnover, the authors consider factors such as race, counts and ages of children, estimated wage, income,age, marital status, location, and employment category (including private wage or salary, government roles, self-employment, and unpaid family work). Blau and Riphahn (1999) model labor force transitions among older married couples, showing that one spouse's employment status significantly impacts the employment status of the other, with financial incentives and preferences for shared leisure influencing these transitions. In addition to demographic characteristics, the authors incorporate human capital and education variables, including the tenure on the current job and retirement benefits in their models."
"2406.17972v3.pdf","Machine Learning Methods for Next Job Prediction For the problem of predicting worker job transitions, our paper is the first to use LLMs as a foundation model. As discussed in the introduction, the most closely related paper to ours is Vafa et al. (2024), which builds CAREER, a custom foundation model that is a modified version of the transformer models used in language models, and restricts attention to predicting numerically encoded jobs. CAREER has fewer parameters than FT-LABOR-LLM, and the pre-training dataset, while highly relevant, is much smaller than the corpus used for Llama-2. CAREER does not make use of the textual descriptions of job titles."
"2406.17972v3.pdf","Prior to CAREER, other authors (e.g., Li et al. (2017), Meng et al. (2019), Zhang et al. (2021)) made use of various versions of neural networks for the next job prediction problem, sometimes training on large datasets. For example, Li et al. (2017) use a Long ShortTerm Memory (LSTM) neural network to predict job transitions, where the embedding dimension is 200, and the training set incorporates more than a million individuals. He et al. (2021) build a model to predict the next job position out of 32 frequent position names, as well as job salary and firm size for that position, using a dataset of 70,000 resumes. These papers do not make use of foundation models.

Another approach taken by Zhang et al. (2019) seeks to predict aggregate transition probabilities between pairs of job titles within the same firm. Their approach, which generates embeddings for each job title, does not attempt to condition on individual worker history."
"2406.17972v3.pdf","Adapting LLMs to Build Domain-Specific Models Adapting pre-trained models to specific domains via fine-tuning has become a prevalent approach for improving the performance of LLMs for specific tasks. The (full parameter) fine-tuning approach involves further updating all weights of a pre-trained model using domain-specific data and optimization techniques such as gradient descent (Wei et al. (2022)). The pre-training and

fine-tuning paradigm has produced state-of-the-art models for dialogue systems (Yi et al. (2024)), code generation (Chen et al. (2021)), music generation (Agostinelli et al. (2023)), scientific knowledge (Taylor et al. (2022)), protein structure prediction (Rives et al. (2021)), chemistry (Zhang et al. (2024)), medicine (Singhal et al. (2022)), and other settings. The literature on the adaptation of LLMs for recommendation systems is also closely related. Geng et al. (2022) introduce a general paradigm to adapt the recommendation task to language processing."
"2406.17972v3.pdf","Our paper compares our fine-tuning approach to one where LLM embeddings are extracted and treated as covariates in a multinomial logistic regression. This type of approach has been popular in language analysis for a long time; for example, it is used by sentiment classifiers (Reimers and Gurevych (2019))."
"2406.17972v3.pdf","Finally, prompt engineering and in-context learning are alternative approaches to fine-tuning LLMs that require minimal computation and avoid the need for direct model access (Brown et al. (2020)). Prompt engineering involves designing specific queries, instructions, or examples within the prompt to direct the model's response. By tuning the language and structure of prompts, researchers can shape the model's output for different applications (Maharjan et al. (2024)). Researchers can also use in-context learning by providing relevant example data within the prompt itself, priming the model to continue the pattern and apply similar logic to new inputs (Yin et al. (2024), Bao et al. (2023)). In this paper, we consider an approach in which we prompt off-the-shelf LLMs for a prediction of the next job using a textual representation of worker career history as the prompt. We show that including example resumes in the prompt helps improve performance of off-the-shelf pre-trained LLMs, although performance is still worse than FT-LABOR-LLM."
"2406.17972v3.pdf","Other Applications of LLMs to Sequential Prediction Problems in Economics LLMshave also been used to model time series data (Jin et al. (2024)) and in forecasting. For instance, Faria-e Castro and Leibovici (2024) investigate the ability of LLMs to produce in-sample conditional inflation forecasts during the 2019-2023 period.

The Biases and Representativeness of LLMs A recent literature has emerged that aims to assess whether the outputs of foundation models are representative of larger populations, for example, whether the answers to opinion survey questions are representative of the population (Santurkar et al. (2023), Argyle et al. (2023)). One proposed approach is to query LLMs with survey responses from long-standing opinion surveys and see how aligned their responses are with the survey average. Our question differs in that we want to know whether the (fine-tuned) LLM can make predictions about job transitions that are representative of real-world transitions, conditional on history, which is a more complicated question to answer, as the population conditional probabilities are unknown due to the high dimensional space of potential histories."
"2406.17972v3.pdf","3. OCCUPATION MODELS

3.1 Notation for Occupation Models.

We refer to a model that predicts an individual's next occupation as a function of career history and other individual characteristics as an occupation model . Our paper focuses

on a specific type of occupation model, which predicts the occupation in the next time period conditional on the previous occupations and covariates."
"2406.17972v3.pdf","In this section, we develop notation for occupation models. Let t ∈ { 1 , .., T i } correspond to a year in which an individual i was surveyed and otherwise met our filtering requirements, where T i denotes the total number of individual-year observations of this individual. Note that our cleaned survey datasets do not, in general, have observations in every calendar year. We refer to an observation of an individual's occupation as a 'transition,' with some abuse of terminology since we use the term for the first observation and also even when the individual stays in the same occupation. Let year i,t denote the calendar year corresponding to transition t for individual i . We represent occupations as discrete variables, in particular following the occ1990dd , a variant of the OCC occupational classification system of Autor and Dorn (2013), as described in Appendix N. Let Y denote the set of all occupations, and let y i,t ∈ Y represent the occupation that an individual i has at transition index t . We let y i,<t =( y i, 1 , . . . , y i,t -1 ) denote an individual's job sequence prior to their t 'th observation (for t =1 , define y i,<t = ∅ ). Let X inv be the support of time-invariant covariates (in our application, gender, race/ethnicity, region, and sometimes birth year, denoted by x i ), while X var is the support of timevarying covariates (in our application, education and calendar year, denoted by x i,t ). Let x i, ≤ t =( x i , x i, 1 , . . . , x i,t ) ∈X inv ×X t var denote the time-invariant covariates and timevarying covariates up to and including t . We refer to ( x i, ≤ t , y i,<t , ) as the worker's career history at transition t ."
"2406.17972v3.pdf","The probability that the worker's next job is y i,t , conditional on the worker's history, is written P ( y i,t | x i, ≤ t , y i,<t ) .

3.2 Assessing Predictive Performance of Occupation Models

We evaluate an occupation model's performance by comparing its predictions of an individual's next job to their actual next job. Specifically, we evaluate models by computing their perplexity, a commonly used metric in Natural Language Processing (NLP). The perplexity is a negative monotonic transformation of the sample log-likelihood, with lower perplexity indicating that a model's predictions are more accurate. Formally, the perplexity of an occupation model ˆ P on a set of transitions (individual-year observations) for units i =1 , .., I is given by

perplexity =exp        -1 ∑ i T i I ∑ i =1 T i ∑ t =1 w it [ log ˆ P ( y i,t | x i, ≤ t , y i,<t ) ]        ,"
"2406.17972v3.pdf","where w it denotes the sampling weight for the individual relative to a population of interest. In this paper, for simplicity, we set w it =1 . Note that a completely uninformative model that assigns uniform mass to each possible occupation would achieve a perplexity of |Y| . We consider additional evaluation metrics (such as calibration) in Section 10.

3.3 Quantifying Uncertainty in Performance Metrics

When comparing the performance of alternative occupation models, we wish to quantify the uncertainty about estimates of performance. The randomness in measured perplexity for a given model arises from several sources: sampling variation in the training data, randomness in the fine-tuning pipeline (e.g., data shuffling for a stochastic gradient descent optimizer), and sampling variation of the test data.

Toestimate the uncertainty arising from the first two sources, we bootstrap the training set used for fine-tuning (sampling at the individual level) and estimate the variation in measures of the performance of models across bootstrap samples. We refer to the resulting standard errors as 'training-set-bootstrapped.' To capture sampling variation of the training set, we sample with replacement."
"2406.17972v3.pdf","According to the support team of Together AI, the platform we use to fine-tune LLMs, the randomness in their fine-tuning process arises mainly from randomizing the order of observations in the process of optimizing via stochastic gradient descent; each instance of re-tuning a bootstrap sample will include randomization of this type. 3 Because fine-tuning is very expensive to carry out, we conduct an experiment for three of the models, as described below in Section 8.2 and Appendix A.

To estimate the uncertainty arising from sampling variation in the test set, we bootstrap the test set and refer to the resulting standard errors as 'test-set-bootstrap.' We sample at the individual level with replacement and, in the analysis we report below, use 100 bootstrap replications.

We employ a similar bootstrapping approach to calculate the test-set-bootstrap standard errors for the differences in perplexities between the two models. We select bootstrap samples at the individual level, compute the perplexities for both models on the bootstrap sample, and calculate the standard deviation of the difference in perplexities. See Appendix A for more details on both the training- and test-set-bootstrap standard errors."
"2406.17972v3.pdf","4. LARGE LANGUAGE MODELS AS FOUNDATION MODELS

4.1 LLMNotation

TheLLMsweuseinthispaperaretrainedtoperformnext-wordprediction. Let W bethe allowable set of words and punctuation, while ∪ ∞ j =1 W j is the set of sequences of words.

In practice LLMs work in the space of 'tokens,' where words can be transformed into a sequence of tokens using a process called 'tokenization.' We let V LLM be the set of all possible tokens (also known as the vocabulary set) for a particular LLM. Popular commercial-scale LLMs typically use vocabulary sets with 10,000 to 100,000 tokens; for example, |V Llama-2 | =32 , 000 . Let TOK : ∪ ∞ j =1 W j →∪ ∞ j =1 V j denote the function mapping a sequence of words to a sequence of tokens.

3 Unfortunately, at the time of this writing, there is no way to specify the random seed for reproducibility. The support team also mentioned 'adapter weight initialization' as another source of randomness in the fine-tuning pipeline, which is only relevant if one is fine-tuning using the Low-Rank Adaptation (LoRA) technique. We are doing full-parameter fine-tuning instead."
"2406.17972v3.pdf","The LLMs we consider can be viewed as estimating the probability that the next token equals v k +1 , conditional on a sequence of k tokens (i.e., the prompt). LLMs also impose restrictions on the 'context length,' or the maximum length of a sequence that can be conditioned on, which we denote C , with particular values C LLM imposed by different LLMs. Then, we let ˆ P V LLM : V LLM ×∪ k ≤ C LLM V k LLM → [0 , 1] denote the LLM's estimate of the probability of the next token conditional on the input sequence, which for particular values of v 1 , . . . , v k +1 is written ˆ P V LLM ( v k +1 | v 1 , . . . , v k ) .

The conditional probability ˆ P V LLM ( v k +1 , . . . , v k + k ′ | v 1 , . . . , v k ) for k + k ′ ≤ C LLM + 1 can be derived from individual next-token predictions using the chain rule.

4.2 Text Templates

In this section, we describe the text template function we use to convert a worker's history of jobs and covariates into a sequence of words and punctuation. This text template can be combined with a tokenizer and an LLM to make next job predictions, as described in the next section."
"2406.17972v3.pdf","We let TITLE : Y → ∪ ∞ j =1 W j denote the mapping from an occupation to its Englishlanguage title. Note that this mapping should be bijective (one-to-one). For example, the title of the occupation with occ1990dd code 95 is 'nurse practitioners.' 4 The number of tokens needed to represent a job title depends on the tokenizer; using the Llama-2 tokenizer, the number ranges from 2 to 28 in the survey datasets we analyze, with an average length of 8.3 tokens (and a standard deviation of 4.8). 5

To represent covariates as text, we express an individual's educational status using values such as graduate degree . Online Appendix A provides the full mapping between occ1990dd codes and their job titles.

Building on this strategy, we define a text template function, TMPL ( x i, ≤ t , y i,<t ) , that transforms an individual's career history into a textual summary. The text template incorporates additional punctuation, line breaks, and meta-data, as detailed in Appendix C, and illustrated in the following example."
"2406.17972v3.pdf","<A worker from the PSID dataset> The following information is available about the work history of a female black or african american US worker residing in the south region. ↪ → The worker was born in 1963. The worker has the following records of work experience, one entry per line, including year, education level, and the job title: ↪ → 1984 (some college): Cooks 1985 (some college): Cooks 1987 (some college): Food servers, nonrestaurant 1989 (some college): Cleaners of vehicles and equipment <END OF DATA>

4 Even though the occ1990dd system does not include job titles directly, one can cross-walk it to, for example, the Standard Occupational Classification (SOC) system, and use the list of job titles attached to each SOC code provided by the Bureau of Labor Statistics (https://www.bls.gov/OES/CURRENT/oes_stru.htm).

5 'Grinding, Lapping, Polishing, and Buffing Machine Tool Setters, Operators, and Tenders, Metal and Plastic' (28 tokens) and 'Cutting, punching, and press machine setters, operators, and tenders, metal and plastic' (24 tokens) are the two longest job titles. The shortest job tiles include 'Cooks', 'Bakers', 'Tellers', and 'Designers'."
"2406.17972v3.pdf","The example above is defined as the text representation of the complete career history of the individual, denoted TMPL ( x i, ≤ t , y i, ≤ T i ) , where T i represents the number of transitions for individual i . These complete career histories are used for model finetuning, as discussed in Section 8.

Note that the individual can stay in the same job for multiple records (e.g., 1984 and 1985 in the example); the text representation explicitly reflects this information. Additionally, the dataset could miss an individual for certain years in her career trajectory; in this case, the text template will skip those years (e.g., 1987 and 1995 in the example)."
"2406.17972v3.pdf","We also create the text representation of the career history of the same individual prior to the t th job, denoted TMPL ( x i, ≤ t , y i,<t ) , by truncating the complete career history. For example, to obtain an LLM's predictions of an individual's job in 1989 given the covariates and job history, we would use as input the text above, removing the text 'Cleaners of vehicles and equipment"" and everything afterward (i.e., the underlined part in the example). That is, we apply the text template function to all previous job and covariate information, and conclude with a partial row for the occupation to be predicted.

On average in the survey datasets we consider, the text representation of workers' complete career histories contains around 250 to 500 tokens using the Llama2 tokenizer, which fits well within the context window of Llama-2 models for finetuning. For inference tasks, the prompt encoding of an individual's career history, i.e., TOK ( TMPL ( x i, ≤ t , y i,<t )) , consists of 200 to 300 tokens on average. Detailed summary statistics on the number of tokens can be found in Online Appendix B."
"2406.17972v3.pdf","4.3 Using LLMs for Occupation Modeling

In this paper, we use LLMs in three ways. First, we use an LLM to directly produce a 'predicted job' in response to a 'prompt.' More precisely, if we first map job codes to text (the English language job title) using the text template function described in the previous subsection, and then use a tokenizer to translate the resulting sequences of past jobs into a sequence of tokens, an LLM will produce a textual 'response' that is a sequence of tokens. That sequence may or may not correspond to a valid occupation, but we can, in principle, further transform the output in various ways to interpret it as an occupation. Of course, a textual response or a single predicted occupation is not an estimate of the probability of a sequence of tokens. Some commercial LLMs allow the user to set a 'temperature' parameter when submitting a prompt, where a particular setting is designed to approximate sampling from the distribution of responses. Probabilities can then be estimated by repeatedly prompting the LLM. We do not follow this approach in this paper; instead, we restrict attention to LLMs where probabilities (or, where relevant, embeddings) can be directly obtained by the analyst."
"2406.17972v3.pdf","Second, for those LLMs for which it is possible, we directly obtain the probability assigned to a given token. This functionality may be enabled in the setup of an open model such as Llama-2, or it may be exposed through an API in the case of a closed model such as ChatGPT-4. 6 For example, for the LLM Llama-2 7 billion param-

6 For example, https://cookbook.openai.com/examples/using_logprobs explains how to use the logprobs parameter in OpenAI API requests to evaluate token probabilities, allowing analysis of model confidence and alternative predictions for improved understanding of text generation."
"2406.17972v3.pdf","eter model, denoted Llama-2-7B, the estimated probability that 'Engineer' follows the single-token sequence 'Software' is written ˆ P V Llama-2-7B ( ""Engineer"" | ""Software"" ) . To obtain the probability of the next job given a sequence of prior jobs, we first use the text template function and the tokenizer to translate the job history into a sequence of tokens; similarly, we translate the title of a particular next job y i,t +1 into a sequence of tokens. The estimated next-token probability model associated with the LLM, denoted by ˆ P V LLM ( · | v 1 , . . . , v k ) : V LLM → [0 , 1] , can be applied several times to determine (using the chain rule of probability) an estimate of the probability that the sequence of tokens induced by y i,t +1 follows the sequence of tokens induced by ( y i, 1 , . . . , y i,t ) . A languagebased next-token prediction model thus induces an associated occupation model, as follows:

ˆ P LLM ( y i,t | x i, ≤ t , y i,<t ) def = ˆ P V LLM ( TOK ( TITLE ( y i,t )) | TOK ( TMPL ( x i, ≤ t , y i,<t ))) . (1)

More details are discussed in Appendix D."
"2406.17972v3.pdf","Third, some LLMs make it possible to extract a lower-dimensional 'embedding' or 'representation' of text, where any sequence of tokens is associated with a realvalued vector. For example, for the Llama-2-7BLLM that we use in this paper, input text is represented as a vector of 4,096 floating point numbers. Formally, we let E LLM : ∪ j ≤ C LLM V j LLM → R d LLM be the 'embedding function', where d LLM denotes embedding dimension. The composite function E LLM ◦ TOK generates the embedding of any input string of words (i.e., the 'prompt').

5. BENCHMARK OCCUPATION MODELS

5.1 Empirical Transition Frequencies

The empirical transition frequency is a simple baseline. Let # (train) { y } denote the number of times occupation y appears in the training data, and # (train) { y → y ′ } denote the number of times the transition from occupation y to y ′ appears in the training data. In order to avoid the challenge of dividing by 0, we add a constant (here, 1) to each occupation and each transition. The model then estimates the probability of transitioning from occupation y to y ′ (where all individuals are in the 'null' occupation when t =0 ) as"
"2406.17972v3.pdf","ˆ P Empirical ( y i,t | x i, ≤ t , y i,<t ) = # (train) { y i,t -1 → y i,t } +1 # (train) { y i,t -1 } +1 .

The empirical model does not use any covariates or other information beyond the immediately preceding occupation to make predictions.

5.2 Multinomial Logistic Regression

Another natural approach to occupational modeling is to build a multinomial logistic regression model, where Y is the set of alternatives. Researchers often use a fixed number of covariates summarizing information in ( x i, ≤ t , y i,<t ) as features. Formally, we let"
"2406.17972v3.pdf","z i,t = g ( x i, ≤ t , y i,<t ) be the vector of covariates for predicting y i,t , where the length of z i,t is fixed for all ( i, t ) . For example, g might map history into a set of indicator variables for whether the previous occupation y i,t -1 is equal to each possible occupation, and then build a multinomial logistic regression model on top of that; in this case, z i,t is a vector of length |Y| with a single non-zero entry. With such a specification, the multinomial logistic regression model reduces to the model using empirical transition frequencies. For each occupation y ∈ Y , the logistic regression model estimates a parameter β y with the same length as z i,t , and the conditional distribution of next occupation is given by

ˆ P MNL ( y i,t | x i, ≤ t , y i,<t ) = exp( z ⊤ i,t β y i,t ) ∑ y ′ ∈Y exp( z ⊤ i,t β y ′ ) . (2)

The set of parameters { β y } y ∈Y is estimated using maximum likelihood estimation, with optional regularization.

In our paper, we use LLMs to build an embedding vector of the career history x i, ≤ t , y i,<t and use it as the vector of covariates in the logistic regression. We discuss more details in Section 7.1."
"2406.17972v3.pdf","5.3 CAREER

Researchers have also proposed using transformer-based models to predict the next occupation of an individual given their covariates and history (Vafa et al. (2024)). CAREER by Vafa et al. (2024) is a transformer-based model that is trained to predict the next occupation of an individual given their covariates and history; that is, the prediction space is Y . Compared to empirical transition frequency models and multinomial logistic regression, the CAREER model has two key differences. First, it builds a much richer functional form mapping history to predictions, making use of a custom-designed transformer neural network. Second, the model is estimated sequentially on two data sets, following the foundation model and fine-tuning approach described in the introduction. That is, first the model is pre-trained on large-scale resume data, and subsequently it is fine-tuned using representative survey data."
"2406.17972v3.pdf","Consider the t th record of worker i with ( x i, ≤ t , y i,<t ) as predictors and y i,t as the ground truth next occupation. CAREER estimates an embedding function E CAREER : X inv × X t var × Y t -1 → R d CAREER , where the value of the embedding is denoted h i,t and d CAREER denotes the embedding dimension. The embedding function is parameterized by an L -layer transformer neural network, where each layer processes the previous one to generate increasingly complex representations. Here, we provide a slightly simplified description of the transformer architecture; see Vafa et al. (2024) for more details. The first layer embedding, denoted by h (1) i,t ∈ R d CAREER , only incorporates an individual's most recent job and covariates:

h (1) i,t = e occupation ( y i,t -1 ) + e static ( x i ) + e dynamic ( x i,t ) + e time ( t ) ,

where each e is an embedding function with output in R d CAREER . Then, CAREER constructs subsequent layers h ( ℓ ) i,t as described in Equation (3); for simplicity, the notation omits the dependencies on covariates and previous occupations in h i,t ."
"2406.17972v3.pdf","π ( ℓ ) i,t,t ′ ∝ exp { ( h ( ℓ ) i,t ) ⊤ W ( ℓ ) h ( ℓ ) i,t ′ } for all t ′ ≤ t ˜ h ( ℓ ) i,t = h ( ℓ ) i,t + t ∑ t ′ =1 π ( ℓ ) i,t,t ′ ∗ h ( ℓ ) i,t ′ h ( ℓ +1) i,t =FFN ( ℓ ) ( ˜ h ( ℓ ) i,t ) , (3)

where W ℓ ∈ R d CAREER × d CAREER is a trainable model parameter and FFN ( ℓ ) : R d CAREER → R d CAREER is a two-layer feed-forward network specific to the ℓ th layer. The final layer h ( L ) i,t ( x i, ≤ t , y i,<t ) ∈ R d CAREER is a fixed-length representation summarizing the individual's career history up to the t th observation.

Because many individuals do not change their occupation from time t to t +1 , CAREER is designed as a two-stage model that first predicts whether an individual will switch occupations and, if so, the probability that they will switch to each occupation. It uses the representation h ( L ) i,t to make this two-stage prediction:

Stage 1. Letting η ∈ R d CAREER be a vector of regression coefficients:

ˆ P CAREER ( move i,t | x i, ≤ t , y i,<t ) = 1 1 + exp( -η · h ( L ) i,t ( x i, ≤ t , y i,<t )) ,

Stage 2. Letting β ∈ R d CAREER be a matrix of regression coefficients:

̸"
"2406.17972v3.pdf","ˆ P CAREER ( y i,t | x i, ≤ t , y i,<t , move i,t =1) = exp { β y i,t · h ( L ) i,t ( x i, ≤ t , y i,<t )) } ∑ y ′ = y i,t -1 exp { β y ′ · h ( L ) i,t ( x i, ≤ t , y i,<t )) } ,

ˆ P CAREER ( y | x i, ≤ t , y i,<t , move i,t =0) = 1 { y = y i,t -1 } .

Finally, the ˆ P CAREER ( y | x i, ≤ t , y i,<t ) can be computed using quantities above.

̸

ˆ P CAREER ( y | x i, ≤ t , y i,<t ) = { 1 -ˆ P CAREER ( move i,t | x i, ≤ t , y i,<t ) if y = y i,t -1 ˆ P CAREER ( move i,t | x i, ≤ t , y i,<t ) ˆ P CAREER ( y | x i, ≤ t , y i,<t , move i,t =1) if y = y i,t -1 .

In practice, the CAREER model makes predictions by marginalizing over the latent variable in the first stage.

To estimate the parameters of the model, the CAREER model is first pre-trained using 24 million career trajectories from a large dataset of resumes. Then, the pre-trained model weights are further updated in the fine-tuning step, but the gradient is computed

using career trajectories from survey datasets of interest. Additional details on the CAREER model are provided in Appendix B."
"2406.17972v3.pdf","6. DATA

6.1 Representative Survey Datasets.

In this paper, our primary sources of data are three surveys of workers in the U.S. population. These surveys follow samples of individual workers, where workers are interviewed at regular intervals. The survey samples are constructed to be representative of the U.S. population at particular points in time.

The first dataset we consider is the Panel Study of Income Dynamics (PSID), which began in 1968. The sample of this dataset is intended to be representative of the United States as a whole, and new participants are added to the sample over time. Occupation information is consistently available starting in 1981, so we restrict our attention to survey years starting then. We further analyze data from two waves of the National Longitudinal Survey of Youth (NLSY). The NLSY 1979 follows a cohort of people aged 14-22 in 1979 throughout these workers' careers. The NLSY 1997 began in 1997 and followed a cohort of individuals aged 12-16 at that time throughout their careers. We use extracts from these surveys to build longitudinal datasets for individual workers. Details of our dataset construction are reported in Appendix N."
"2406.17972v3.pdf","We encode occupations using the occ1990dd system (Autor and Dorn (2013)) to mapdifferent versions of Census OCC occupational codes to a harmonized set of codes. In addition to the 331 occupations from the occ1990dd taxonomy, we include three special categories: 'education,' 'out of labor force,' and 'unemployed.' We extract demographic characteristics, specifically gender, ethnicity, region of the country, and sometimes birth year. To simplify our analysis, we assign each worker a single, unchanging value for each demographic characteristic, typically the first valid value, and we do not allow it to change even if the original survey specifies different values in different survey years. We do not impute occupations for years without survey responses and focus on a single main occupation reported by the subject."
"2406.17972v3.pdf","Werefer to the cleaned versions of the three survey datasets as PSID81, NLSY79, and NLSY97. Table 1 summarizes the total number of workers and transitions (individualyear survey observations, denoted by ∑ i T i ) in each survey dataset. The PSID81 dataset has 10.1 transitions per individual on average (median is 8 and maximum is 29), and the NLSY79 and NLSY97 track relatively fewer workers but have more transitions per individual, with 20.82 (median is 25 and maximum is 29) and 16.56 (median is 19 and maximum is 20), respectively, observations per worker on average.

As previously discussed, we convert individuals' complete career trajectories into natural language paragraphs using a text template. The total number of tokens ranges from 3.1 million to 7.9 million. The average length of career history TMPL ( x i, ≤ t , y i,<t ) ranges from 210 to 280 tokens depending on the dataset, while the average length of complete career history TMPL ( x i, ≤ T i , y i, ≤ T i ) ranges from 250 tokens to 430 tokens; all of these templates fit well within Llama-2 model's context window of 4,096 tokens.

̸"
"2406.17972v3.pdf","Transitions between two observations can be categorized into three types: first observation , moving (i.e., the current occupation is different from the occupation reported in the previous observation), and staying (i.e., the current occupation is the same as the occupation reported in the previous observation). Table 1 shows the number of transitions by transition type, highlighting that between 50% and 60% of transitions involve staying in the same occupation.

We divide each of the three survey datasets into training (70%), validation (10%), and test (20%) samples, where the allocation is performed at the individual level so that all of an individual's transitions are in the same set. All results in this paper about the performance of models are presented for the test set. Online Appendix C provides more details about each dataset, while Appendix Table N.1 provides summary statistics by dataset for the demographic variables we consider."
"2406.17972v3.pdf","| PSID81 | NLSY79 | NLSY97
Number of Individuals | 31,056 | 12,479 | 8,984
Tokens in ∪ i TMPL ( x i, ≤ T i ,y i, ≤ T i ) | 7,902,511 | 5,406,412 | 3,135,367
Number of Transitions ∑ i T i | 313,622 | 259,778 | 148,795
Tokens in ∪ i ∪ 1 ≤ t ≤ T i TMPL ( x i, ≤ t ,y i,<t ) | 69,139,450 | 72,639,496 | 32,368,253
'First observation' transitions t =1 | 9.9% | 4.8% | 6.0%
'Moving' transitions with y i,t - 1 = y i,t | 38.5% | 44.5% | 37.0%
'Staying' transitions with y i,t - 1 = y i,t | 51.6% | 50.6% | 57.0%

Note : The top panel reports counts of individuals, transitions, and tokens. Token counts are reported separately for text representations used in fine-tuning TMPL ( x i, ≤ T i , y i, ≤ T i ) and text representations used for inference TMPL ( x i, ≤ t , y i,<t ) . The bottom panel reports the proportion of transitions corresponding to three transition types: first observation, moving, and staying."
"2406.17972v3.pdf","Birth cohort is an important factor affecting workers' career trajectories (Wachter (2020), Lersch et al. (2020)); however, neither birth year nor age information was used in the CAREER model. When comparing our models to CAREER, we present results about models trained without incorporating birth year, but we include this valuable information when training models for comparisons that do not involve CAREER. Figure 1 shows distributions of individuals' birth years in each of the three survey datasets. While birth years of PSID81 individuals span the range covered by NLSY79 and NLSY97, birth years of NLSY individuals are clustered within a small range due to the design of NLSY surveys.

Table 2 presents the top ten occupations in each dataset, highlighting commonalities and variations across datasets. Notable trends include 'Not in labor force' ranking highest in all datasets, while occupations like 'In education' show substantial variation, ranking 9 th in PSID but 2 nd and 1 st in NLSY79 and NLSY97, respectively."
"2406.17972v3.pdf","Figure 2 illustrates the distribution of individual ages across calendar years for each dataset. In the NLSY datasets, the age distribution increases steadily over time, reflecting the longitudinal design that follows the same cohort of individuals. In contrast, the PSID dataset allows for dynamic changes in its subject pool, with individuals entering (e.g., upon becoming the head of a household) and exiting the study. Consequently, the PSID81 dataset exhibits a broader but more temporally stable age distribution. This fig-"
"2406.17972v3.pdf","TABLE 2. Top occupations by dataset.

Occupation | PSID81.Proportion | PSID81.Rank | NLSY79.Proportion | NLSY79.Rank | NLSY97.Proportion | NLSY97.Rank
Not in labor force | 0.192 | 1 | 0.177 | 1 | 0.122 | 2
Unemployed | 0.067 | 2 | 0.040 | 4 | 0.034 | 3
Postmasters and mail superintendents | 0.058 | 3 | 0.045 | 3 | 0.019 | 5
Coin, vending, and amusement machine servicers and repairers | 0.025 | 4 | 0.025 | 5 | 0.013 | 9
Secretaries and administrative assistants | 0.022 | 5 | 0.020 | 6 | 0.008 | 16
Phlebotomists | 0.021 | 6 | 0.017 | 8 | 0.020 | 4
Telemarketers | 0.016 | 7 | 0.005 | 41 | 0.016 | 7
Maids and housekeeping cleaners | 0.014 | 8 | 0.011 | 13 | 0.004 | 31
In education | 0.013 | 9 | 0.136 | 2 | 0.343 | 1
Elementary and middle school teachers | 0.013 | 10 | 0.008 | 25 | 0.007 | 19
Painting workers | 0.013 | 11 | 0.015 | 10 | 0.005 | 28
Sales Representatives Services All Other | 0.011 | 13 | 0.017 | 9 | 0.006 | 25
Septic tank servicers and sewer pipe cleaners | 0.010 | 15 | 0.018 | 7 | 0.012 | 10
Cashiers | 0.009 | 21 | 0.011 | 11 | 0.018 | 6
First-line supervisors/managers of retail sales workers | 0.008 | 28 | 0.005 | 40 | 0.014 | 8"
"2406.17972v3.pdf","Note : We take the union of the top ten occupations from each dataset separately (15 occupations in total) and report the proportion of transitions to each occupation in each dataset, as well as the rank of the proportion compared to other occupations in the same dataset. Readers can refer to Appendix Figure N.1 for a word cloud of job titles.

ure highlights the degree of overlap in age distributions across the three datasets, suggesting potential opportunities for transfer learning between them."
"2406.17972v3.pdf","6.2 Large-Scale Resume Data

In this paper, we re-implement the full pre-training and fine-tuning pipeline of the CAREER model so that we can carry out the fine-tuning step on identical survey datasets. Pre-training CAREER involves using a proprietary resume dataset of 23.7 million resumes acquired from Zippa Inc. 7 As described in Appendix B, we follow the approach of Vafa et al. (2024) to prepare and clean the data from Zippia Inc. This pre-training resume data represents resumes from the Zippia data as annual sequences of occ1990dd occupations, with tie-breaking rules for multiple jobs per year. Covariates include the year of each job, last educational degree, and location, standardized following the approach we use for cleaning the survey datasets. Missing covariates are replaced by a special token, and missing occupational years are dropped. The final dataset comprises 245 million transitions (that is, individual-year observations).

7. COMPARING PERFORMANCE OF OCCUPATION MODELS

In this section, we explore different approaches to leveraging LLMs to build occupation models, comparing the performance of each to CAREER."
"2406.17972v3.pdf","7.1 LLMEmbeddings as Features in Multinomial Logistic Regression Models

This section implements and evaluates the embedding-based approach introduced in Section 4.3 to exploit LLMs for occupational modeling.. To predict an individual's next job from their embedding, we train a multinomial logistic regression model, where the outcome is the occupation codes, as described in Section 5.2.

We first convert the career history ( x i, ≤ t , y i,<t ) to natural language using the text template described in Section 4.2. We then pass the text to an LLM and extract the model's embedding, E LLM ( TMPL ( x i, ≤ t , y i,<t )) ∈ R d LLM . This approach requires that the researcher has access to the embeddings from the LLM either through an API or by using an open-weight model. We consider a wide range of off-the-shelf models to embed career histories into embedding vectors, including Llama-2-7B/13B, Llama-3.1-8B, Llama3.2-1B/3B, as well as the latest text-embedding-3-large text embedding model provided by OpenAI. We then train a multinomial logistic regression on top of these embeddings for the next occupation prediction task. 8 Appendix E provides additional technical details on our embeddings-based approach."
"2406.17972v3.pdf","7 Zippia is a data-driven career intelligence platform that leverages analytics to provide personalized job recommendations, salary insights, and career development resources. The company aggregates labor market data to offer tailored guidance for job seekers, aiming to optimize their career decisions and employability. Other vendors providing similar data include Kaggle https://www.kaggle.com/datasets/ snehaanbhawal/resume-dataset and Revelio https://www.data-dictionary.reveliolabs.com/index.html."
"2406.17972v3.pdf","8 Note that the embedding-based approach cannot predict occupations that are not in the training set; therefore, we drop transitions of occupations that are present in the test set, but not the training set in Table 3. The train/test split that we use to report results in this paper has 13 transitions in the test set for PSID81 and two for NLSY97 that are dropped due to having occupation codes that are not in the training set. These few observations have a negligible impact on our perplexity metric, as it is inherently robust to individual data points. The language model-based approach addresses this issue by producing predictive probabilities that are inherently valid for all job titles, including those not represented in the training set. In later tables, there will be 13 more transitions in the PSID81 and two more transitions in NLSY97."
"2406.17972v3.pdf","Table 3 compares performance across models. The previous state-of-the-art CAREER model outperforms the embedding-based multinomial logistic regression approach. 9 The embeddings in Table 3 are constructed using text templates that incorporate birth year information, whereas the CAREER model does not utilize birth year information, meaning that the CAREER model outperformed these embedding-based approaches in predictive performance despite relying on less information.

TABLE 3. Test set perplexity for embedding-based approaches vs. CAREER.

Model | Dataset Numberof Transitions (∑ i ∈ test T i ).Embedding Dimension d LLM | PSID81 61,759. | NLSY79 51,593. | NLSY97 29,949.
OpenAI Text Embedding | 3,072 | 11.176 (0.191) | 12.065 (0.245) | 9.278 (0.189)
OTS Llama-2-7B | 4,096 | 10.184 (0.169) | 10.764 (0.216) | 8.216 (0.164)
OTS Llama-2-13B | 5,120 | 10.167 (0.169) | 10.704 (0.203) | 7.995 (0.152)
OTS Llama-3.1-8B | 4,096 | 9.916 (0.162) | 10.517 (0.203) | 7.890 (0.151)
OTS Llama-3.2-1B | 2,048 | 9.919 (0.164) | 10.378 (0.200) | 7.875 (0.146)
OTS Llama-3.2-3B | 3,072 | 9.789 (0.156) | 10.283 (0.199) | 7.663 (0.141)
CAREER (Vafa et al. (2024)) | - | 8.617 (0.132) | 8.609 (0.157) | 6.393 (0.099)"
"2406.17972v3.pdf","Note : Test-set-bootstrap standard errors are reported in parentheses.

7.2 Using Off-The-Shelf Large Language Models as Occupation Models

In this section, we report results about the performance of occupation models based on off-the-shelf LLMs, applying Equation (1) to estimate ˆ P LLM for several alternative LLMs. 10 Because evaluating perplexity requires accessing a model's assigned probabilities, we restrict attention to open-source LLMs where it is possible to obtain predicted probabilities directly, with the exception of Section 7.4, where we evaluate the ability of OpenAI gpt-4o-mini to produce valid job titles in response to a prompt.

In particular, we study open-source LLMs from the Llama family of models: Llama2, Llama-3.1, and Llama-3.2. For example, Llama-2 models were trained by Meta on approximately 2 trillion tokens of text, much of it from the Internet, and are among the most capable open-source LLMs currently available (Touvron et al. (2023)). We do not study bigger models such as Llama-2-70B and Llama-3.1-405B because fine-tuning and evaluating this model across many variations requires substantial cost and computational resources."
"2406.17972v3.pdf","Table 4 contains the perplexity of off-the-shelf LLMs. As a comparison, we also include the perplexity of CAREER by Vafa et al. (2024), a non-language model developed solely to predict nationally representative occupational trajectories. For a fair comparison to CAREER, we do not include the birth year information in LLMs' prompt

9 For CAREER, predictions were made directly; we do not use CAREER as an embedding engine and build multinominal logistic regression on top of the embeddings.

10 To improve computational efficiency for prediction, we quantize all LLMs in this paper to 8-bit precision while running model inference. We perform full-precision inference on a subset of our experiments, andthedifference in performance was small. See Appendix F for more details on full-precision versus quantized model experiments."
"2406.17972v3.pdf","TABLE 4. Test-set perplexity for off-the-shelf LLMs vs. CAREER.

Dataset Numberof Transitions (∑ i ∈ test T i ) | PSID81 61,772 | NLSY79 51,593 | NLSY97 29,951
Model |  |  | 
OTS Llama-2-7B | 361.742 (12.615) | 292.345 (9.179) | 219.562 (6.686)
OTS Llama-2-13B | 149.859 (5.333) | 133.321 (4.738) | 113.771 (3.539)
OTS Llama-3.1-8B | 140.087 (5.083) | 116.448 (4.227) | 93.726 (2.913)
OTS Llama-3.2-1B | 475.255 (22.660) | 404.735 (19.807) | 258.654 (11.283)
OTS Llama-3.2-3B | 180.554 (7.067) | 145.594 (5.607) | 115.994 (3.856)
CAREER (Vafa et al. (2024)) | 8.616 (0.132) | 8.609 (0.157) | 6.397 (0.099)

Note : Test-set-bootstrap standard errors are reported in parentheses.

TMPL ( x i, ≤ t , y i,<t ) because CAREER does not use birth year or age information either. The LLMs consistently make predictions with higher levels of perplexity. 11"
"2406.17972v3.pdf","The unsatisfactory performance of off-the-shelf LLMs can be attributed to two factors: off-the-shelf LLMs are not adapted to the career trajectory distributions in our survey dataset, and these LLMs do not know the set of valid job titles to predict. To better understand the poor performance of the model based on off-the-shelf LLMs, we assess the responses that the LLMs provide when prompted with examples of tokenized text templates. Online Appendix D provides some examples. While the responses appear plausible, the LLMs also assign mass to strings that are not valid job titles. In the next section, we explore alternative prompting strategies designed to encourage the LLMs to consider only valid occupations when estimating the probability of a given occupation."
"2406.17972v3.pdf","7.3 Improving Off-the-Shelf LLMs using Prompting Strategies

Table 4 shows that off-the-shelf pre-trained LLMs perform worse at predicting next occupations compared to the state-of-the-art CAREER model. In this section, we show that we can improve their performance by adding additional information into the prompt to facilitate in-context learning. We explore two types of information: (1) the list of job titles and (2) additional resume examples from other workers. A limiting factor in our ability to use such prompting strategies is the maximum context length of the models. For most models, we cannot include both the full list of job titles and example resumes. See Appendix G for details on the constraints and more granular results.

Job Titles in the Prompt We prepend the list of all 335 job titles, one per line, to the text representation of career history TMPL ( x i, ≤ t , y i,<t ) , which informs the off-the-shelf model about the prediction space. With this modification, the prompt passed into the LLM becomes [List of Job Titles] ⊕ TMPL ( x i, ≤ t , y i,<t ) , where ⊕ denotes string concatenation."
"2406.17972v3.pdf","11 For reference, a completely uninformative model that assigns uniform mass to each possible occupation would achieve a perplexity of |Y| , which is 335.

Example Resumes in the Prompt We prepend example resumes randomly sampled (without replacement) from workers in the training set to the text representation of career history TMPL ( x i, ≤ t , y i,<t ) , which informs the off-the-shelf model about our data structure. The prompt fed into the model becomes TMPL ( x j 1 , ≤ T j 1 , y j 1 , ≤ T j 1 ) ⊕ ··· ⊕ TMPL ( x j K , ≤ T j K , y j K , ≤ T j K ) ⊕ TMPL ( x i, ≤ t , y i,<t ) if we add K individuals j 1 , · · · , j K where TMPL ( x j, ≤ T j , y j, ≤ T j ) means the complete resume for individual j ."
"2406.17972v3.pdf","Since the main models we study in this paper, Llama-2-7B and Llama-2-13B, only have enough context length for either job titles or a few examples resumes (both have 4k context length), we study the open-sourced Llama-2-7B-32k model provided by Together AI, the Llama-3.1-8B model (with a 128k context window), and the Llama-3.21B/3B model (with a 128k context window) to assess the benefits of combining the two prompting approaches. These models with longer context windows allow us to fit significantly more example resumes in our prompt. The average length of prompts in our experiments is much longer than the TMPL representation of career history we use in the previous section, leading to a significant increase in the computational cost of processing each prompt. As a result, we randomly sample 10% of workers from the test set of each survey dataset in this exercise."
"2406.17972v3.pdf","Table 5 shows that when we use ten example resumes and job titles at the same time, the best-performing model reduces perplexity by a factor of 10 to 20, depending on the dataset. However, this approach to occupation modeling is still substantially worse than that of CAREER. We also observe that adding ten example resumes to the prompt reduces perplexity more than adding job titles for all models in Table 5. Appendix G provides results for including one, three, or five example resumes that show adding job titles to the prompt outperforms adding up to three to five example resumes.

7.4 Likelihood of Generating Valid Job Titles

As mentioned in Section 4, we can feed a LLM with a prompt and repeatedly sample from the LLM's output distribution to generate a sequence of tokens as the continuation of the prompt. Specifically, in the settings considered in the last subsection, we assess whether the model generates a continuation that starts with a valid job title:

∃ y ∈Y s.t., LLM.generate(prompt) . startswith ( TITLE ( y )) (4)"
"2406.17972v3.pdf","Figure 3 summarizes the empirical probability that off-the-shelf Llama models generate valid job titles (i.e., the event in Equation (4) occurs) on a 10% sub-sample of the test set, where the figure illustrates how the results vary with different prompting strategies. We find that the probabilities range from 0.68 to greater than 0.99, the latter performance obtained from combining job titles and example resumes in the prompt.

We then conduct the same exercise using the gpt-4o-mini-2024-07-18 model provided by OpenAI. 12 As illustrated in Figure 3, the OpenAI patterns and results are

12 We use OpenAI's chat completion batch API to generate those continuations. We set the temperature to be 1, the seed to be 42, the maximum number of generated tokens to be 20, and the stop word to be the new line symbol (i.e., ' \ n ') for these generations."
"2406.17972v3.pdf","TABLE 5. Test-set perplexity for off-the-shelf models with in-context learning examples (resumes) and/or job titles.

Numberof Transitions.Models Without Job Titles in Prompt | Dataset (∑ i ∈ test T i ).# Resumes | PSID81 6,177. | NLSY79 5,159. | NLSY97 2,995.
OTS Llama-2-7b-32k | 0 | 241.044 (22.812) | 182.748 (16.373) | 173.942 (22.880)
OTS Llama-2-7b-32k | 10 | 36.533 (2.131) | 26.203 (1.495) | 17.518 (1.510)
OTS Llama-3.1-8B | 0 | 127.788 (10.564) | 110.871 (8.973) | 99.156 (11.408)
OTS Llama-3.1-8B | 10 | 25.083 (1.385) | 19.409 (1.009) | 13.675 (1.034)
OTS Llama-3.2-1B | 0 | 456.088 (51.012) | 371.333 (38.769) | 277.735 (40.961)
OTS Llama-3.2-1B | 10 | 52.904 (3.740) | 36.043 (2.409) | 24.988 (2.631)
OTS Llama-3.2-3B | 0 | 165.109 (14.493) | 134.391 (11.186) | 122.578 (14.671)
OTS Llama-3.2-3B | 10 | 29.925 (1.726) | 22.953 (1.306) | 16.213 (1.334)
Models With Job Titles in Prompt | # Resumes |  |  | 
OTS Llama-2-7b-32k | 0 | 42.005 (2.522) | 45.718 (2.678) | 47.952 (4.127)
OTS Llama-2-7b-32k | 10 | 20.735 (0.918) | 18.038 (0.732) | 11.741 (0.736)
OTS Llama-3.1-8B | 0 | 30.850 (1.633) | 26.984 (1.309) | 21.910 (1.394)
OTS Llama-3.1-8B | 10 | 16.445 (0.763) | 15.202 (0.631) | 10.494 (0.672)
OTS Llama-3.2-1B | 0 | 62.234 (3.885) | 53.313 (3.068) | 45.252 (3.518)
OTS Llama-3.2-1B | 10 | 22.947 (1.130) | 20.254 (0.913) | 14.019 (0.990)
OTS Llama-3.2-3B | 0 | 39.811 (2.199) | 39.236 (2.227) | 35.443 (2.700)
OTS Llama-3.2-3B | 10 | 17.806 (0.824) | 16.391 (0.683) | 11.516 (0.749)"
"2406.17972v3.pdf","Note : Perplexity on a 10% random sample of the test set, with test-set-bootstrap standard errors in parentheses.

similar to those of the Llama models, with slightly larger probabilities of correct job titles and a maximum of 0.97 on the NLSY97 dataset with both job titles and ten sample resumes included in the prompt.

8. FINE-TUNING LLMS TO IMPROVE PREDICTIVE PERFORMANCE ON SURVEYS

8.1 Occupation Models Derived From Fine-Tuned Language Models

In this section, we analyze the performance of occupational models based on LLMs that have been fine-tuned on text templates created from our survey datasets. We use the term FT-LABOR-LLM to refer to the combination of a base model (either Llama-2-7B or Llama-2-13B) and fine-tuning data, as well as to refer to the union of the fine-tuned models we evaluate in this paper."
"2406.17972v3.pdf","The fine-tuning process proceeds in several steps. For each individual i , we use the text template discussed in Section 4.2 to build a text representation of their entire career, denoted as TMPL ( x i, ≤ T i , y i, ≤ T i ) . We then fine-tune the two Llama-2 models (7B and 13B) separately on each of the three training set text templates, resulting in three sets of fine-tuned models. We refer to the occupation models derived from these fine-tuned models as FT-7B and FT-13B, dropping the 'Llama-2' nomenclature because we only fine-tune Llama-2 models. Since LLMs make predictions at the token level, we fine-tune models to predict each token of a textual summary of worker careers, including punctuation and meta-data, so that the FT-LABOR-LLM learns the structure of the text template as well as the conditional probabilities of tokens corresponding to jobs. The fine-tuning procedure is illustrated in Figure 4. The resulting FT-LABOR-LLMs are themselves LLMs, and we create estimates of ˆ P LLM based on each of them. Extract embedding with fine-tuned model Approach 1: Extracting embeddings for a new classifier Prompt Individual career history Extract embedding Train multinomial classifier Predicted distribution of the next occupation Survey datasets Text template"
"2406.17972v3.pdf","Thefine-tuning process itself is carried out by maximizing the log-likelihood of nexttoken prediction model using a form of stochastic gradient descent. Note that Section 5.3 provides an overview of the functional form of a transformer model, recalling that the 'vocabulary' of that model is the set of 335 occupations rather than the set of text tokens used by language models, and that CAREER adds a few additional features to a standard transformer model. Appendix H provides details of the estimation, which we carry out using a hosted service provided by Together AI. with pre-trained model Approach 2: Directly predicting job titles using fine-tuned LLMs Predict the next occupation using job titles with the fine-tuned model and text representation as the prompt Survey datasets Text template Prompt Individual career history = (                    | prompt) =         (          | prompt) × (          | prompt,          )"
"2406.17972v3.pdf","Large Language Model Fine-Tuning

8.2 Comparing Performance Across Foundation Models: LLM Models versus CAREER

Table 6 reports the test set perplexity of the FT-LABOR-LLM occupation models along with the baselines described in Section 5. For a fair comparison, we explore the performancedifference between CAREER (which does not use any birth year information) and the Llama-2-7B model fine-tuned and evaluated using prompts without the birth year information. We refer to these models as FT-7B-NBY and FT-13B-NBY to indicate the"
"2406.17972v3.pdf","omission of birth year. We see that the perplexities are substantially lower than those based on the off-the-shelf LLMs reported in Table 4. FT-7B-NBY and FT-13B-NBY also achieve higher predictive accuracy than CAREER, which was pre-trained on 23.7 million resumes and fine-tuned for occupation modeling on survey data. The differences between CAREER and FT-7B-NBY are about ten times larger than the test-set-bootstrap standard errors (defined in Section 3.3) for PSID81 and NLSY79, while they are similar in size to the standard error for NLSY97, a substantially smaller dataset. FT-13B-NBY exhibits even larger performance improvements. Appendix I shows that both FT-7BNBYandFT-13B-NBYalso have similar or better performance than CAREER within subgroups defined by education."
"2406.17972v3.pdf","As previewed in Section 3.3, one question that naturally arises is whether sampling variation in the training set and randomness in the fine-tuning estimation algorithm lead to substantial variation in estimates of performance difference. In Appendix A, we carry out a small experiment with training-set-bootstrapping. The training-setbootstrap standard errors for perplexity of FT-7B are 0.051, 0.058, and 0.020 for PSID81, NLSY79, and NLSY97, respectively (where to facilitate other comparisons, we included birth year in the estimation and these models are fine-tuned using pooled training set). These standard errors are smaller than those reported in Table 6. We calculate the training-set-bootstrap standard error for the difference between FT-7B and FT-13B only for PSID81, and found a standard error of 0.029, larger than that corresponding test set standard error. This exercise suggests that variation due to training is not negligible, and small performance differences that appear to be statistically distinguishable from zero using test-set-bootstrap standard errors could in fact arise due to training uncertainty. Due to the large cost of training-set-bootstrapping, we report test-set-bootstrap standard errors in the rest of the paper, but we are cautious in interpreting marginally significant results."
"2406.17972v3.pdf","TABLE 6. Test-set perplexity and perplexity improvement for fine-tuned vs. baseline models.

Dataset Numberof Transitions (∑ i ∈ test T i ) | PSID81 61,772 | NLSY79 51,593 | NLSY97 29,951
Perplexity |  |  | 
Empirical Transition Frequency | 14.647 (0.224) | 14.264 (0.271) | 10.050 (0.169)
CAREER (Vafa et al. (2024)) | 8.616 (0.132) | 8.609 (0.157) | 6.397 (0.099)
FT-7B-NBY | 8.359 (0.129) | 8.390 (0.148) | 6.397 (0.102)
FT-13B-NBY | 8.313 (0.127) | 8.352 (0.146) | 6.341 (0.100)
Perplexity Improvement |  |  | 
PPL(CAREER)-PPL(FT-7B-NBY) | 0.258 (0.019) | 0.218 (0.021) | 0.000 (0.018)
PPL(CAREER)-PPL(FT-13B-NBY) | 0.303 (0.020) | 0.256 (0.022) | 0.056 (0.016)
PPL(FT-7B-NBY)-PPL(FT-13B-NBY) | 0.045 (0.012) | 0.038 (0.013) | 0.056 (0.011)

Note :

Test-set-bootstrap standard errors are in parentheses.

Next, we compare performance for the task of predicting the binary outcome of whether workers move to a different job move i,t = 1 { y i,t = y i,t -1 } ; and separately, we analyze performance conditional on a transition involving a move.

̸"
"2406.17972v3.pdf","A standard way to evaluate the performance of alternative prediction models for binary outcomes is to compare the area under the ROC curve (AUC-ROC) in the test set, which ranges from 0 (the worst possible model) to 1 (the best possible model). Table 7 shows that the FT-7B-NBY model has AUC-ROC of 0.781, slightly greater than CAREER at 0.776. The empirical transition frequency benchmark has AUC-ROC of 0.639.

TABLE 7. Area Under the ROC Curve (AUC-ROC).

Dataset Transitions (∑ T i ) | PSID81 55,560 | NLSY79 49,096 | NLSY97 28,153 | Aggregated 132,809
Numberof i ∈ test Empirical | 0.653 | 0.636 | 0.604 | 0.639
OTS Llama-2-7B-NBY (with title) | 0.713 | 0.714 | 0.677 | 0.708
CAREER | 0.778 | 0.779 | 0.760 | 0.776
FT-7B-NBY | 0.784 | 0.786 | 0.758 | 0.781

For the off-the-shelf model, we use the Llama-2-7B model with the list of job titles included in the prompt.

Note :"
"2406.17972v3.pdf","To assess how well-calibrated each model is, we split observations into ten groups based on deciles of predicted probability of changing jobs ˆ P ( move i,t ) (i.e., the next occupation y i,t is different from the previous one y i,t -1 ), denoted as G 1 , G 2 , . . . , G 10 . Then, for each group, we compute the empirical percentage of movers. If a model is well-calibrated, the average predicted ˆ P ( move i,t ) should match the actual proportion of movers within the corresponding group in the test set. We further calculate the average (over deciles) of the calibration error √ 1 10 ∑ 10 i = j [( ∑ ( i,t ) ∈ G j 1 { move i,t } ) -( ∑ ( i,t ) ∈ G j ˆ P model ( move i,t ) )] 2 .

Figure 5 illustrates calibration plots of the empirical transition frequency baseline, CAREERmodel,FT-7B-NBYmodel,aswellastheircorrespondingcalibration errors. The diagonal line in the plot represents a perfectly calibrated model."
"2406.17972v3.pdf","We observe that our FT-7B-NBY model is better calibrated in predicting staying versus moving than the CAREER model, which underestimates moving in some groups and overestimates it in others. The CAREER model has a two-stage prediction design (i.e., predict staying versus moving, then next occupation sequentially), and the training process of CAREER pays special attention to enforcing the model calibration. In contrast, our LLM fine-tuning does not give special treatment to matching the empirical probability of staying, so it is somewhat surprising that it is better calibrated in this dimension than CAREER; with its extremely large parameter space, the FT-7B-NBY model appear to learn these probabilities without special treatment in the model.

Table 8 reports perplexity conditional on moving for alternative models, while the bottom panel reports differences between FT-LABOR-LLM models and CAREER. We see that the FT-7B-NBY and FT-13B-NBY models outperform all other models. Note that job transitions conditional on moving are inherently harder to predict."
"2406.17972v3.pdf","TABLE 8. Test-set perplexity and perplexity improvement for fine-tuned vs. baseline models, conditional on moving.

Dataset Numberof Transitions (∑ i ∈ test T i ) | PSID81 24,030 | NLSY79 23,023 | NLSY97 10,960
Perplexity |  |  | 
Empirical Transition Frequency | 59.982 (0.925) | 66.149 (0.800) | 72.311 (1.498)
CAREER | 24.455 (0.411) | 30.384 (0.425) | 36.209 (0.759)
FT-7B-NBY | 23.267 (0.402) | 29.381 (0.432) | 36.442 (0.814)
FT-13B-NBY | 22.973 (0.401) | 29.019 (0.427) | 35.879 (0.800)
Perplexity Improvement |  |  | 
PPL(CAREER)-PPL(FT-7B-NBY) | 1.188 (0.119) | 1.003 (0.127) | -0.232 (0.219)
PPL(CAREER)-PPL(FT-13B-NBY) | 1.482 (0.118) | 1.365 (0.128) | 0.330 (0.196)
PPL(FT-7B-NBY)-PPL(FT-13B-NBY) | 0.294 (0.073) | 0.361 (0.097) | 0.563 (0.138)

̸

Note : Estimated conditional probabilities are calculated using Bayes' rule. Test sets are restricted to include individual-year observations that satisfy y i,t = y i,t -1 . Test-set-bootstrap standard errors are in parentheses."
"2406.17972v3.pdf","Because the surveys we study were typically conducted every other year, our model typically needs to make predictions about transitions separated in time by two years. However, it is possible to use FT-LABOR-LLM to make predictions about transitions for years that we did not directly observe, including the years between surveys. A potential limitation of FT-LABOR-LLM is that it may not be internally consistent when predicting transitions when survey observations are separated in time; the prediction that comes out of the LLM is not constrained to be equal to the result if we were to make sequential predictions for each year and combine them via Bayes' rule. In particular, the probability FT-LABOR-LLM models assign to y i,t when year i,t = year i,t -1 +2 is not necessarily equal to the estimated probability by applying the model year-by-year, composing its predictions about year i,t = year i,t -1 + 1 and predictions about year i,t conditional on"
"2406.17972v3.pdf","potential jobs in year i,t -1 +1 . In Appendix J, we compare the model's direct predictions about a transition across two years with those constructed based on a sequence of two one-year-ahead predictions and show that the correlation between the two predictions is 0.93, meaning that the model appears to correctly account for the gap in calendar time when making predictions. We leave further exploration of this issue for future work.

9. VALUE OF DATA AND MODEL SIZE

In this section, we analyze the roles of model complexity (number of parameters) and of quantity of data in determining performance. As discussed in the introduction, analysts using fine-tuned LLMs will need to consider costs of computation in the fine-tuning process, as well as when making predictions from the model, costs which increase with model complexity. These costs may be traded off against improved accuracy from more complex models. Another tradeoff arises when acquiring more data: more data may be available that is from a different context and thus may correspond to a different data generating process. Incorporating non-representative data in fine-tuning may or may not improve performance."
"2406.17972v3.pdf","In this section, we empirically evaluate these tradeoffs by varying the datasets used for fine-tuning, for example, by combining datasets, while holding the three test sets fixed. To facilitate our discussion, we use D (split) data to denote a particular split of the dataset ω , for example, D (train) PSID81 represents the training split of the PSID81 dataset. We explore the consequences of fine-tuning based on a different survey dataset, or combinations of survey datasets, than the survey from which the test set is drawn. Recall that all three of the survey datasets we analyze are approximately representative of the U.S. population, but as shown in Section 6.1, they incorporate different distributions of calendar year, as well as different conditional distributions of birth year for each calendar year, where we include both of these variables in the text templates for the analyses in this section.

̸"
"2406.17972v3.pdf","In our first exercise, reported in Table 9, we evaluate models fine-tuned using the training split of one survey data, D (train) ω , and the test split from another dataset, D (test) ω ′ , with ω = ω ′ . This exercise shows how training from data with very different distributions of birth year and calendar year affects performance; since FT-7B and FT-13B are trained using information about both of these variables and the transformer neural network allows for rich interactions, in principle, the model could be flexible enough to predict well across distributions. In particular, the PSID81 dataset has overlap in terms of calendar year and birth year with both NLSY datasets, and it is substantially larger overall. However, the results illustrate significantly degraded predictive performance when the training data and test data are from different survey datasets."
"2406.17972v3.pdf","TABLE 9. Fine-tuning on training set of dataset ω and evaluating on test split of dataset ω ′ .

Evaluation Dataset Numberof Transitions (∑ i ∈ test T i ).Foundation Model | Evaluation Dataset Numberof Transitions (∑ i ∈ test T i ).Fine-tuning Dataset | PSID81 61,772. | NLSY79 51,593. | NLSY97 29,951.
FT-7B | PSID81 | 8.184 (0.126) | 10.705 (0.198) | 10.523 (0.154)
FT-7B | NLSY79 | 9.929 (0.154) | 8.329 (0.147) | 7.965 (0.123)
FT-7B | NLSY97 | 12.638 (0.213) | 11.274 (0.228) | 6.350 (0.101)
FT-13B | PSID81 | 8.140 (0.126) | 10.165 (0.190) | 9.246 (0.135)
FT-13B | NLSY79 | 10.069 (0.154) | 8.282 (0.145) | 7.603 (0.114)
FT-13B | NLSY97 | 12.849 (0.211) | 10.929 (0.217) | 6.326 (0.100)

Note : Test-set-bootstrap standard errors in parentheses.

Next, we evaluate the value of data by first pooling all training data from survey datasets together, so that D (train) all = ⋃ ω ∈ {PSID81, NLSY79, NLSY97} D (train) ω . Then, we sample P % of individuals from D (train) all and use the sample to fine-tune a Llama-2-7B model. Finally, we evaluate the FT-LABOR-LLM on the test split of each survey dataset separately."
"2406.17972v3.pdf","Table 10 summarizes the performance of these models. The model's performance improves as we increase the amount of training data (i.e., raise the value of P ), and the returns to data are diminishing. On the test split of dataset ω , models fine-tuned on the aggregated dataset eventually outperform the model fine-tuned on the corresponding training set D (train) ω , when P ≥ 80 . In addition, the models fine-tuned on the pooled data with FT-7B eventually outperform FT-13B trained on the individual baseline training sets, showing that adding data, even data from different distributions, can substitute for model complexity. Note, however, that the improvement on PSID81 is small enough (0.06) relative to the test-set-bootstrap standard error that the uncertainty derived from training may be large enough to overturn the statistical significance of the result. Indeed, in Appendix A we find a training-set-bootstrap standard error of 0.055 for this improvement, which together with test-set uncertainty would render the improvement not statistically significant."
"2406.17972v3.pdf","TABLE 10. Fine-tuning on P % of the mixture of training splits of three datasets.

Evaluation Dataset Numberof Transitions (∑ i ∈ test T i ) | PSID81 61,772 | NLSY79 51,593 | NLSY97 29,951
Perplexity |  |  | 
FT-7B with Corresponding Training Set | 8.184 (0.126) | 8.329 (0.147) | 6.350 (0.101)
FT-13B with Corresponding Training Set | 8.140 (0.126) | 8.282 (0.145) | 6.326 (0.100)
FT-7B with 20% of Pooled Data | 8.774 (0.137) | 8.831 (0.162) | 6.526 (0.103)
FT-7B with 40% of Pooled Data | 8.386 (0.130) | 8.480 (0.152) | 6.342 (0.100)
FT-7B with 60% of Pooled Data | 8.256 (0.127) | 8.335 (0.149) | 6.256 (0.098)
FT-7B with 80% of Pooled Data | 8.151 (0.126) | 8.258 (0.147) | 6.214 (0.097)
FT-7B with 100% of Pooled Data | 8.082 (0.124) | 8.207 (0.146) | 6.194 (0.097)
Perplexity Improvement |  |  | 
PPL(FT-13B)-PPL(FT-7B-20%) | -0.635 (0.024) | -0.549 (0.026) | -0.200 (0.016)
PPL(FT-13B)-PPL(FT-7B-40%) | -0.246 (0.017) | -0.198 (0.016) | -0.016 (0.013)
PPL(FT-13B)-PPL(FT-7B-60%) | -0.116 (0.014) | -0.053 (0.015) | 0.070 (0.012)
PPL(FT-13B)-PPL(FT-7B-80%) | -0.011 (0.013) | 0.024 (0.014) | 0.112 (0.012)
PPL(FT-13B)-PPL(FT-7B-100%) | 0.057 (0.014) | 0.075 (0.015) | 0.132 (0.013)

Note

: Test-set-bootstrap standard errors in parentheses."
"2406.17972v3.pdf","In Appendix K, we consider another variation of the analysis, incrementally adding pooled data to the full baseline training set for a given survey. We find that adding the data from other surveys to the full baseline training set immediately improves performance, and increasing the training set size by 30% allows FT-7B to match or surpass the performance of FT-13B.

10. SOURCES OF PERFORMANCE GAINS

Our experiments demonstrate that our best-performing approach, directly predicting jobs through text tokens using FT-LABOR-LLM, achieves superior perplexity scores compared to the previous state-of-the-art CAREER model. This section delves deeper into the sources of performance differences."
"2406.17972v3.pdf","10.1 Language Models using Numeric Job Titles

One key difference between LLMs and baseline models, besides the number of parameters, is that the LLMs have an understanding of textual data. This section examines whether LLMs' performance is driven by their rich, deep neural network architecture or their advanced understanding of the meaning of jobs based on textual data. To do so, we create an alternative prediction space with 'numeric job titles' only. We assign each occupation y ∈ Y a randomly chosen numeric job titles (in contrast to their original literal job title) from job_000 , job_001 , ....(e.g., Cashiers is mapped to job_045 ); all numeric job titles have three digits. Then, we replace all original literal job titles in the text representation with their corresponding numeric job titles, denoted as TMPL (numeric) ( x i, ≤ t , y i,<t ) . Appendix C.1 provides an example of career history text representations with numeric job titles."
"2406.17972v3.pdf","For each survey dataset, we fine-tune the Llama-2-7B model using the training corpus with numeric job titles only, and denote that fine-tuned model as FT-7B-NUMERIC; then, we compare FT-7B-NUMERIC to FT-7B fine-tuned on corresponding training split of a single survey data. While evaluating performance, we use the conditional probability of numeric job titles assigned by the LLM. For example, the predicted conditional probability of the next job being cashier is P LLM ( job_045 | TMPL (numeric) ( x i, ≤ t , y i,<t )) instead of P LLM ( Cashier | TMPL ( x i, ≤ t , y i,<t )) , where historical jobs are also replaced with job titles.

Table 11 shows the performance of FT-7B-NUMERIC, which performed much worse than the FT-7B model using literal job titles. Our results indicate that an important contributor to the LLM's performance comes from LLM's prior knowledge about occupations; using numeric job titles disassociates this knowledge from the prediction task and hurts performance significantly."
"2406.17972v3.pdf","TABLE 11. Test-set perplexity and perplexity improvement on literal vs. numeric job titles.

Evaluation Dataset Numberof Transitions (∑ i ∈ test T i ) | PSID81 61,772 | NLSY79 51,593 | NLSY97 29,951
Perplexity |  |  | 
PPL(FT-7B) | 8.184 (0.126) | 8.329 (0.147) | 6.350 (0.101)
PPL(FT-7B-NUMERIC) | 8.830 (0.141) | 9.129 (0.168) | 6.720 (0.105)
Perplexity Improvement |  |  | 
PPL(FT-7B-NUMERIC)-PPL(FT-7B) | 0.647 (0.027) | 0.800 (0.031) | 0.370 (0.021)

Note :

Test-set-bootstrap standard errors are in parentheses."
"2406.17972v3.pdf","10.2 Sensitivity to Input Features

In this section, we evaluate the importance of demographic variables for predictive performance. This exercise is not straightforward for complex, nonlinear models. If we find that including a covariate in the estimation of a model improves predictive quality on a test set, that implies that the covariate both matters in the true (unknown) data generating process, and that the predictive model makes use of the covariate in prediction. However, if excluding a covariate does not affect predictive quality, we cannot be sure whether something in the estimation process failed to capture a relationship that is present in the true data generating process (e.g., mis-specification or noise), or whether the covariate is simply not important once other covariates are incorporated. Although it is straightforward to assess whether an individual covariate has predictive power in isolation using very simple models, understanding whether it has predictive power conditional on other covariates relies on modeling. Thus, negative results about the importance of a covariate require additional analysis to confirm whether, in fact, that covariate has predictive power. Here, we do not explore the latter question."
"2406.17972v3.pdf","We evaluate the importance of demographic variables for FT-7B fine-tuned on each survey dataset. We apply an approach common in the machine learning literature,

which entails holding fixed the estimated model, and replacing covariates with randomly assigned values in the test set, then assessing the impact on predictive performance of the model when the model is applied to the modified test set. 13

We explore the importance of three static variables in our text representations: gender, ethnicity, and indicators for four regions of the country. To implement the randomization of the test set demographics, we create an alternative version of the test set in which, for each unit, we replace the vector of demographics with a randomly drawn vector of demographics from units in the validation set and assign the unit those demographics. We repeat this exercise with alternative combinations of variables."
"2406.17972v3.pdf","Table 12 presents the results. Randomly modifying gender hurts the performance of FT-LABOR-LLM significantly. For PSID81, randomizing gender labels increases perplexity by 1 (about 12% above baseline), while ethnicity has about a quarter of the effect. For NLSY79 and NLSY97 test sets, gender has a similar impact, but ethnicity has a much lower effect. For PSID81, there is substantial additional degradation in performance from the interaction of gender and ethnicity, while NLSY79 sees ethnicity and region having larger effects when randomized jointly rather than individually. For all three survey datasets, the three-way interaction of gender, ethnicity, and region results in the largest impact, with the incremental effect of including all three covariates over two of them is substantial for PSID81 and NLSY79. These findings should be interpreted in light of the historical trends in the labor market participation relevant to the time periods covered by the different survey. Overall, these results suggest that complex interactions are important to consider when building predictive models of occupation, suggesting that simple, additive regressions of the type commonly used in labor market applications may omit important predictors."
"2406.17972v3.pdf","10.3 The Value of Longer Career Histories

In this section, we assess the predictive value of observing a worker's full history as recorded in the survey, relative to trucating the history to include only more recent observations. This question helps shed light on the sources of model performance with respect to the ability of the transformer model to capture relevant information from long histories; it also informs survey design, since following individuals over long time periods is expensive.

We proceed by evaluating how the predictive quality of FT-7B fine-tuned on D (train) all , our best-performing predictive model, changes when we make predictions about y i,t using time-invariant covariates, x i , time-varying covariates and jobs reported in the k most recent observations of { x i,τ } t τ = t -k , { y i,τ } t -1 τ = t -k , reporting

ˆ P LLM ( y i,t | x i , { x i,τ } t τ = t -k , { y i,τ } t -1 τ = t -k ) ."
"2406.17972v3.pdf","13 Note that this exercise is imperfect; an alternative would be to re-estimate the model omitting a covariate, since a model might increase the loadings on correlated covariates when a particular covariate is omitted. However, re-estimating the model comes with computational cost. Thus, we focus here on exercises that can be carried out without re-estimation."
"2406.17972v3.pdf","TABLE 12. Test-set perplexity and perplexity improvement on actual vs. randomized demographic characteristics.

Evaluation Dataset Numberof Transitions (∑ i ∈ test T i ) | PSID81 61,772 | NLSY79 51,593 | NLSY97 29,951
Perplexity |  |  | 
No modification / Actual | 8.184 (0.126) | 8.330 (0.147) | 6.349 (0.101)
Randomized ethnicity | 8.450 (0.130) | 8.400 (0.148) | 6.385 (0.100)
Randomized gender | 9.223 (0.151) | 9.179 (0.167) | 6.896 (0.117)
Randomized region | 8.202 (0.126) | 8.378 (0.148) | 6.356 (0.101)
Randomized gender and ethnicity | 9.373 (0.152) | 9.226 (0.167) | 6.936 (0.117)
Randomized gender and region | 9.295 (0.152) | 9.280 (0.169) | 6.901 (0.117)
Randomized ethnicity and region | 8.434 (0.129) | 8.437 (0.149) | 6.388 (0.100)
Randomized all variables | 9.438 (0.153) | 9.329 (0.170) | 6.935 (0.117)
Perplexity Improvement |  |  | 
PPL(Randomized ethnicity)-PPL(Actual) | 0.267 (0.012) | 0.070 (0.007) | 0.036 (0.006)
PPL(Randomized gender)-PPL(Actual) | 1.039 (0.033) | 0.849 (0.032) | 0.547 (0.027)
PPL(Randomized region)-PPL(Actual) | 0.018 (0.004) | 0.048 (0.005) | 0.007 (0.002)
PPL(Randomized gender and ethnicity)-PPL(Actual) | 1.190 (0.034) | 0.896 (0.034) | 0.587 (0.027)
PPL(Randomized gender and region)-PPL(Actual) | 1.111 (0.034) | 0.950 (0.036) | 0.551 (0.027)
PPL(Randomized ethnicity and region)-PPL(Actual) | 0.251 (0.011) | 0.107 (0.008) | 0.039 (0.006)
PPL(Randomize all)-PPL(Actual) | 1.254 (0.036) | 0.999 (0.037) | 0.585 (0.027)"
"2406.17972v3.pdf","Note : The foundation model is FT-7B fine-tuned on the union of the training sets of the surveys without any modification of demographic features. Test-set-bootstrap standard errors are in parentheses.

With k = t -1 , the model has access to all available history. We first create different subsets of individual-year observations from the test set of each dataset, defining the following non-overlapping subsets of individual-year observations S (test) t min <t ≤ t min +5 = { ( i, t ) ∈ D (test) | t min <t ≤ min +5 } for t min ∈ { 5 , 10 , 15 , 20 , 25 } . The NLSY97 dataset covers a shorter time span, therefore, S (test) 20 <t ≤ 25 and S (test) 25 <t ≤ 30 are defined as empty sets for NLSY97. Given a S (test) t min <t ≤ min +5 , for each observation ( i, t ) ∈ S (test) t min <t ≤ min +5 , we create text templates consisting of only the k most recent observations of individual i prior to her t th observation: TMPL ( x i , { x i,τ } t τ = t -k , { y i,τ } t -1 τ = t -k ) . For values of k , we consider multiples of five such that k ≤ t min (e.g., k ∈ { 5 , 10 , 15 , 20 } if t min =20 ). A greater value of k exposes the model to more information about the individual's career history and should lead to an improved prediction accuracy."
"2406.17972v3.pdf","Wethen assess perplexity in the test set for different subsets of constructed test data defined by values of ( k, t min ) :

˜ S (test) t min <t ≤ t min +5 ,k = {( TMPL ( x i , { x i,τ } t τ = t -k , { y i,τ } t -1 τ = t -k ) , y i,t )} ( i,t ) ∈ S (test) t min <t ≤ t min +5

where each element of ˜ S (test) t min <t ≤ t min +5 ,k is a pair of (1) a prompt containing k past observations prior to the t th record of individual i and (2) the ground truth occupation individual i has in her t th record."
"2406.17972v3.pdf","TABLE 13. Test-set perplexity improvement from increasing number of historical periods used for prediction.

PSID81 | ∑ i ∈ test T i | k =10 | 15 | 20 | 25
t ∈ (10 , 15] | 9,180 | 0.182 (0.020) | - | - | -
t ∈ (15 , 20] | 5,288 | 0.193 (0.026) | 0.237 (0.032) | - | -
t ∈ (20 , 25] | 3,214 | 0.075 (0.015) | 0.086 (0.018) | 0.099 (0.019) | -
t ∈ (25 , 30] | 1,008 | 0.050 (0.015) | 0.046 (0.017) | 0.054 (0.019) | 0.049 (0.019)
NLSY79 | ∑ i ∈ test T i | k =10 | 15 | 20 | 25
t ∈ (10 , 15] | 9,078 | 0.306 (0.035) | - | - | -
t ∈ (15 , 20] | 8,051 | 0.370 (0.035) | 0.442 (0.042) | - | -
t ∈ (20 , 25] | 6,719 | 0.131 (0.017) | 0.166 (0.018) | 0.184 (0.020) | -
t ∈ (25 , 30] | 2,617 | 0.079 (0.026) | 0.116 (0.028) | 0.132 (0.029) | 0.132 (0.028)
NLSY97 | ∑ i ∈ test T i | k =10 | 15 |  | 
t ∈ (10 , 15] | 7,151 | 0.187 (0.031) | - | - | -
t ∈ (15 , 20] | 4,112 | 0.116 (0.030) | 0.179 (0.039) | - | -

Note : Each row corresponds to a group of individual-year observations S (test) t min <t ≤ min +5 , each column corresponds to a value of k , and each cell corresponds to the perplexity improvement due to increasing the number of past observations from 5 to k . Test-set-bootstrap standard errors are in parentheses."
"2406.17972v3.pdf","We evaluate our models using the prompt-label pair in each ˜ S (test) t min <t ≤ t min +5 ,k separately . Within each ˜ S group, we query the likelihood that the language model assigns to the ground truth job title as the continuation of the text prompt, ˆ P LLM ( TITLE ( y i,t ) | TMPL ( x i , { x i,τ } t τ = t -k , { y i,τ } t -1 τ = t -k )) , and compute the perplexity using all predictions within that ˜ S . Readers can refer to Appendix L for more details and examples."
"2406.17972v3.pdf","Finally, we build a matrix of perplexity metrics assessing model's performance under different levels of exposure to past information. Table 13 summarizes model performance when it only has access to a limited number of past observations while predicting the next occupation. To better illustrate the result, we compute the perplexity difference between predictions made using prompts with k ∈{ 10 , 15 , 20 , 25 } and the baseline predictions made using prompts with k = 5 . For example, for PSID81, the data in row t ∈ (15 , 20] and column k = 10 indicates that predictions made on those observations using k =10 past observations in prompts for transitions indexed between 15 and 20 achieve a perplexity that is 0.193 (with a test-set-bootstrap standard error of 0.026) lower than the perplexity of predictions using k = 5 past observations. Truncating the career history thus leads to a significant decrease in predictive performance, although for transitions at the end of a worker's career, most of the predictive benefit is achieved with 10 or 15 years of history."
"2406.17972v3.pdf","10.4 Additional Analyses

In this section, we describe several additional analyses that shed light on the sources of performance improvements. First, Appendix Table M.1 shows the extent to which the embeddings created by FT-7B fine-tuned using PSID81, the largest dataset, incorporate more information about the meaning of job titles. One way to approach this analysis

is to assess the predictive power of these embeddings on a task that relates to the interpretation of the titles. We consider a particular task that requires such an understanding: predicting which part of the occupation code hierarchy a particular occupation falls into (this information was not used in LABOR-LLM, although it may have been one part of the enormous pre-training corpus for the original Llama models). We compare the predictions derived from a multinomial logistic regression using as features embeddings extracted from each of the following: FT-7B, off-the-shelf Llama-2-7B, and CAREER. We show that the embeddings from FT-7B have a test-set accuracy of 78% for predicting the correct SOC group for an occupation, which is somewhat larger than that from off-theshelf Llama-2-7B and CAREER (76%)."
"2406.17972v3.pdf","In a second exercise detailed in Appendix M, we characterize the types of transitions in which FT-13B performs better than CAREER for 'mover' transitions in the test split of the PSID81 dataset by using features of a transition to predict the gap in the test-set difference in log-likelihood between FT-13B and CAREER. We find that, relative to the quintile of transitions with the smallest performance gain of FT-13B over CAREER, the quintile of transitions with the highest performance gain has the following characteristics: (i) less likely to be a transition within the same SOC group; (ii) more likely to be a transition between jobs that are different according to skill descriptions given by O*NET; (iii) more likely to have textually different job titles; (iv) and have a larger average transition index (implying the transition probabilities are conditioned on a longer history)."
"2406.17972v3.pdf","11. CONCLUSION

This paper proposes a novel approach, LABOR-LLM, to the problem of predicting a worker's next job conditional on history. The best-performing version of this approach, FT-LABOR-LLM, translates the tabular data about a worker's history from publicly available U.S. surveys (PSID and NLSY) into text files that resemble resumes, and then finetunes the Llama-2 open-weight foundation models on that corpus. Then, to estimate the probability that the next job is a particular job, say 'engineer,' given worker history, the approach prompts the fine-tuned LLM with the textual version of the worker's history, and extracts the probability that the LLM assigns to the text 'engineer"" as the next word. We show that off-the-shelf, without fine-tuning, this approach performs poorly even when OpenAI's API is used. However, the fine-tuning leads this approach to outperform all existing benchmarks. The fine-tuning eliminates the problem of occupation title 'hallucinations,"" but more importantly, it leads the model to make accurate predictions about conditional probabilities in held-out test data. Accurate, fine-grained predictions enable economists to ask and answer more nuanced questions, and to improve the quality of causal inference analyses that rely on accurate predictions."
"2406.17972v3.pdf","The paper explores some of the sources of the strong performance of FT-LABORLLM, showing that representative data is important, but that adding more data (even non-representative data) can lead a smaller model (in terms of number of parameters) to outperform a larger one. The paper also shows that FT-LABOR-LLM makes use of manyyears of history, even a worker's early career history, to improve prediction quality. Ourresults illustrate that the approach can be effective in datasets of moderate size (tens

of thousands of transitions), leveraging the general information about jobs embedded in the open-weight LLM's representations of the text of job titles and resumes."
"2406.17972v3.pdf","An advantage of the FT-LABOR-LLM approach is that all data and software necessary to apply this approach is available publicly, including the weights of the LLM, so that the main cost in practice is the cost of the computing for fine-tuning and making predictions. Low-cost cloud-based services are available (we used the service provided by Together AI) that enable fine-tuning by simply uploading documents; with these services, no coding is required for the training step, and minimal original coding is required to obtain predictions from the fine-tuned LLM. Thus, researchers can focus on analyzing the results and performing downstream empirical exercises. However, a limitation to this approach is that fine-tuning can become expensive as the dataset size grows, and repeatedly fine-tuning (for example, to bootstrap standard errors) can be prohibitively expensive."
"2406.17972v3.pdf","An approach based on publicly available foundation models may also be useful in other settings, for example, any economic prediction problems that involve discrete outcomes with many alternatives and where the alternatives may be associated with meaningful textual descriptions. A sequence of purchases made by a consumer may have a similar structure. Our paper also illustrates the importance of fine-tuning: off-the-shelf LLMs may make plausible sounding predictions, but without fine-tuning they are unlikely to give accurate conditional probabilities for any particular dataset of interest.

APPENDIX A: DETAILS FOR QUANTIFYING UNCERTAINTY IN PERFORMANCE METRICS

In this appendix, we provide the details of the bootstrapping procedures to create the test-set-bootstrap and the training-set-bootstrap discussed in Section 3.3."
"2406.17972v3.pdf","A.1 Test Set Bootstrap for Test Set Variations

Thepurposeofourbootstrapping approach for the test set is to estimate the sensitivities of our metrics (e.g., perplexities and differences in perplexities) to changes in the test set distribution. In the main paper, we first report the metric (e.g., perplexity) computed using all observations in our test set. Then, we create B bootstrap samples of the test set, sampled on the individual level, to estimate the standard error of the metric. For each bootstrap iteration b , we sample individuals in the test set with replacement, then we collect all individual-year observations associated with these sampled individuals and the log-likelihood values assigned to these observations by the model. We use these loglikelihood values to compute the b th bootstrap value of the metric (e.g., perplexity). After repeating the process above B times, we estimate the standard error using the standard deviation of the B bootstrap values.

We call this procedure the test-set-bootstrap, and report the standard error estimation from the test-set-bootstrap along with our metrics in this paper."
"2406.17972v3.pdf","A.2 Training Set Bootstrap for Uncertainty Training Set and Training Pipeline

Similarly, the purpose of our bootstrapping approach for the training set is to quantify the uncertainty in model performance due to training set variation and randomness in the training pipeline, primarily due to data shuffling (according to the support team at Together AI). We create 12 bootstrapped training sets by sampling the pooled training set (i.e., the union of the training splits of PSID81, NLSY79, and NLSY97) with replacement. Let D (train, s) mixture denote the bootstrapped training data of the mixture dataset (sampled with replacement), generated using the random seed s ∈ { 0 , 1 , ..., 11 } . We fine-tune 12 versions of the Llama-2-7B models using these mixture dataset bootstrapped training sets and evaluate their performance using the complete test split of each dataset. We call this procedure the training-set-bootstrap."
"2406.17972v3.pdf","To better understand how uncertainty from the training set impacts the comparisons we make in this paper, we also fine-tune 12 versions each of our Llama-2-7B and Llama-2-13B models using the PSID81, our largest survey dataset, subset of each D (train, s) mixture , denoted by D (train, s) PSID81 . 14 Wefine-tune these additional models to make two comparisons. First, we compare the FT-7B fine-tuned on the mixed data to the same model fine-tuned on only one dataset to understand how the training-set-bootstrap impacts our value of information analysis. Second, we compare the Llama-2-7B model finetuned on PSID81 to the Llama-2-13B model fine-tuned on the same data to learn how our analysis of smaller versus larger models is impacted by the training-set-bootstrap. The results for all three models and the two comparisons are shown in Table A.1.

14 Wedid not perform the same exercise for NLSY79 and NLSY97 due to the computational cost."
"2406.17972v3.pdf","We observe that uncertainty from the training-set-bootstrap is lower than the uncertainty from the test-set-bootstrap for perplexity; however, the training-set-bootstrap uncertainty is relatively higher than the test-set-bootstrap uncertainty when it comes to the perplexity differences. Because the computational cost is prohibitive since it involves multiple rounds of large language model fine-tuning, we did not perform the training-set-bootstrap in the main paper.

TABLE A.1. Test-set perplexity for models fine-tuned 12 times, with training-set-bootstrap standard errors.

Evaluation Dataset Numberof Transitions (∑ i ∈ test T i ).Perplexity | PSID81 61,772. | NLSY79 51,593. | NLSY97 29,951.
FT-7B with D (train, s) mixture | 8.373 (0.051) | 8.486 (0.058) | 6.358 (0.020)
FT-7B with D (train, s) PSID81 | 8.492 (0.034) | - | -
FT-13B with D (train, s) PSID81 | 8.458 (0.021) | - | -
Perplexity Improvement |  |  | 
PPL(FT-13B with D (train, s) PSID81 ) - PPL(FT-7B with D (train, s) mixture ) D (train, s) D (train, s) ) | 0.085 (0.055) | - | -
PPL(FT-7B with PSID81 ) - PPL(FT-13B with PSID81 | 0.034 (0.029) | - | -"
"2406.17972v3.pdf","Note : Numbers in parentheses show the standard deviation of metrics (i.e., perplexity or perplexity difference) computed using 12 random seeds, i.e., the training-set-bootstrap standard error. These standard deviations measure solely uncertainties due to training set variation and randomness in the training pipeline.

APPENDIX B: DETAILS OF THE CAREER MODEL

The CAREER model leverages a large-scale dataset of online resumes, which covers 24 million workers. The data is passively collected from online resume platforms, ensuring a broad and diverse representation of career paths across various industries and job roles."
"2406.17972v3.pdf","Resume Dataset for Pre-training We use the exact same data processing as Vafa et al. (2024) to construct the resume dataset for pre-training CAREER. 15 First, we convert each resume in the dataset into a chronological sequence of entries with the occupation (Standard Occupational Code, or SOC), starting year, and ending year. If an individual worked in multiple occupations in a single year (i.e., there are overlapping records on the resume), we select the one in which they spent the most time; in cases of equal time spent, we choose the occupation that started earlier in their career. We convert the SOC codes to occ1990dd codes using a crosswalk from Destin Royer to match the occupation codes in our survey datasets. The survey datasets also distinguish between non-employed categories (unemployed, out of labor force, or student), but these categories were absent in the resumes data. When the year associated with an occupation was missing, we exclude it from the dataset as we cannot determine its position in an individual's career timeline. We link each occupation to the individual's most recent educational degree, categorized into one of eight groups: high school diploma, some college, bachelor's degree, graduate degree, certificate, license, and diploma."
"2406.17972v3.pdf","15 Readers can refer to Appendix F in Vafa et al. (2024) for additional details on dataste construction.

In addition to the dynamic variables, we use two static variables imputed based off other data in the resume: gender and location. Locations are classified into the 50 U.S. states, Puerto Rico, Washington D.C., and an 'unknown' category for cases where the location could not be imputed; however, we grouped states into four regions (northeast, north central, south, west), with a fifth 'other' region for Puerto Rico and missing states, to match the survey datasets. We replaced any missing values for these static variables with a special 'missing' token.

This pre-processing results in a dataset containing 23.7 million resumes and 245 million individual-year observations (i.e., transitions).

Survey Datasets for Fine-Tuning We construct our own copies of the survey datasets to fine-tune CAREER models in this paper. Appendix N provides the details on how we process our survey datasets. We do not use birth year information in survey datasets while fine-tuning the CAREER model because the CAREER model was not designed to handle continuous variables."
"2406.17972v3.pdf","Model Architecture Following Vafa et al. (2024), we deploy a CAREER transformer model with 12 layers, 192 embedding dimensions, 3 attention heads, and 768 hidden units in this paper. In total, this resulted in 5,553,984 parameters for the full CAREER model.

Model Estimation The estimation procedure of CAREER consists of two stages: (1) pretraining using resume datasets, and (2) fine-tuning using survey datasets. We use CAREER's official repository for model estimation; a copy of the repository has been included in our replication material."
"2406.17972v3.pdf","The pre-training uses the Adam optimizer with β parameters (0.9, 0.98), weight decay of 0.01, and no gradient clipping. The learning rate starts at 10 -7 with a scheduler that follows an inverse square root decay, warming up over 4,000 updates to a peak of 0.0005. Training samples have a maximum token length of 512, using end-of-sequence (EOS) tokens to define breaks. Each batch contains up to 16,000 tokens, with updates performed every batch, targeting 85,000 updates in total. Model checkpoints are saved every 1,000 updates to a specified directory, and the model checkpoint with the best validation loss is recorded. We fine-tune the pre-trained model checkpoints with the lowest validation loss using a survey dataset. The Adam optimizer is used with β parameters (0.9, 0.98), a weight decay of 0.01, and no gradient clipping. The learning rate starts at 10 -7 and warms up over 500 updates to 0.0001, following an inverse square root decay scheduler. Each sample contains a maximum of 512 tokens, with end-of-sequence (EOS) tokens used for defining breaks, and each batch can include up to 16,000 tokens. When fine-tuning the survey dataset, we train the model until it overfits according to the validation loss. Finally, we evaluate the model performance using the checkpoint with the best validation performance. Both the pre-training and fine-tuning use mixed precision (FP16) for computational efficiency."
"2406.17972v3.pdf",The model estimation pipeline is performed for each survey dataset separately with the random seed fixed.
"2406.17972v3.pdf","APPENDIX C: DETAILS FOR TEXT TEMPLATE

This appendix describes the text template in more detail. The text template starts with a preamble that describes the individual's static covariates, then lists the individual's education level and occupation for each calendar year. Specifically:
1. The first line describes the source of the data, e.g., <A worker from the PSID dataset> .
2. The second line describes the individual's demographic characteristics, e.g., The following information is available about the work history of a female black or african american US worker residing in the south region .
3. The third line describes the individual's birth year, e.g., The worker was born in 1963 . Recall that the original CAREER model does not incorporate age or birth year information. Therefore, we do not include this line of information in the text template while comparing it to the CAREER model.
4. The fourth line describes the structure of the resume, i.e., The worker has the following records of work experience, one entry per line, including year, education level, and the job title: . This line is constant for all individuals and is useful for the LLM to understand the format of the subsequent rows of work experience.
5. Starting from the fifth line, each line summarizes the information of the worker from a wave of the survey she participated in, including the calendar year, education level, and title of her main occupation reported in that survey year. Specifically, it is in the format YEAR (EDUCATION): JOB TITLE , e.g., 1984 (some
6. The template ends with the line <END OF DATA> .
college): Cooks ."
"2406.17972v3.pdf","The following example shows a complete text template of an individual worker. For more examples, see Online Appendix E.

<A worker from the PSID dataset> The following information is available about the work history of a female black or african american US worker residing in the south region. ↪ → The worker was born in 1963. The worker has the following records of work experience, one entry per line, including year, education level, and the job title: ↪ → 1984 (some college): Cooks 1985 (some college): Food servers, nonrestaurant 1986 (some college): Cleaners of vehicles and equipment 1988 (some college): Food servers, nonrestaurant 1989 (some college): Bus drivers 1990 (some college): Food servers, nonrestaurant 1991 (some college): Unemployed 1992 (some college): Painting workers 1993 (some college): Painting workers

1994 (some college): Court, municipal, and license clerks 1996 (some college): Septic tank servicers and sewer pipe cleaners <END OF DATA>"
"2406.17972v3.pdf","The survey dataset may have missing data for certain individuals in some years, as described in Appendix N. This missingness can occur if a worker did not respond to a particular wave of the survey but participated in later waves. Additionally, some surveys, such as the NLSY and PSID, have transitioned from annual to biennial surveys in recent years, resulting in gaps for certain years.

The text template only has rows corresponding to the years when the individual was observed.

C.1 Template with Numerical Job Titles

In Section C.1, we use a version of the text template that represents career trajectories with numerical job titles. Instead of using the actual job title such as Cashiers , the numerical template uses job titles like job_144 . Here is an example:"
"2406.17972v3.pdf","<A worker from the PSID dataset> The following information is available about the work history of a female white US worker residing in the west region. ↪ → The worker was born in 1985. The worker has the following records of work experience, one entry per line, including year, education level, and the job title: ↪ → 2007 (college): job_144 2009 (college): job_169 2011 (college): job_089 2013 (college): job_304 2015 (college): job_304 2017 (college): job_304 2021 (college): job_169 <END OF DATA>"
"2406.17972v3.pdf","APPENDIX D: DETAILS FOR OBTAINING THE PROBABILITY ASSIGNED TO A TOKEN

In this appendix, we explain the details of to directly leverage LLMs' next token prediction capabilities to predict future occupations using job titles described in Section 4.3. To obtain the predicted probability of the next occupation, we first tokenize each job title, title y , into a sequence of tokens. Suppose the string title y is tokenized into n tokens { token (1) y , token (2) y , . . . , token ( n ) y } . Then, the unnormalized probability of predicting y is the likelihood the language model assigns to the token sequence { token (1) y , token (2) y , . . . , token ( n ) y } as the continuation of the text representation TMPL ( x i, ≤ t , y i,<t ) . The predicted probability can further be expanded using the chain rule of probability, as shown in Equation (5).

ˆ P V LLM ( TOK ( TITLE ( y )) | TMPL ( x i, ≤ t , y i,<t )) = ˆ P V LLM ( { token (1) y , token (2) y , . . . , token ( n ) y } | TMPL ( x i, ≤ t , y i,<t )) = n ∏ j =1 ˆ P V LLM ( token ( j ) y | TMPL ( x i, ≤ t , y i,<t ) , token (1) y , token (2) y , . . . , token ( j -1) y ) (5)"
"2406.17972v3.pdf","The ˆ P V LLM ( token ( j ) y | TMPL ( x i, ≤ t , y i,<t ) , token (1) y , token (2) y , . . . , token ( j -1) y ) is operationalized by (1) appending all tokens token (1) y , token (2) y , . . . , token ( j -1) y to the text representation TMPL ( x i, ≤ t , y i,<t ) and (2) querying the likelihood the language model assigned to token ( j ) y as the next token conditioned on all the previous tokens.

For example, the title 'software engineer' may be tokenized into two tokens, one for 'software' ∈ V LLM and one for 'engineer' ∈ V LLM. 16 Equation (6) illustrates how to obtain the conditional probability assigned to 'software engineer'.

ˆ P V LLM ( 'software engineer' | prompt tokens ) = ˆ P V LLM ( 'software' | prompt tokens ) ˆ P V LLM ( 'engineer' | prompt tokens , 'software' ) (6)"
"2406.17972v3.pdf","It is worth noting that we cannot guarantee that the model only assigns positive probabilities to valid job titles. In fact, given the presence of the softmax function in our language model, ˆ P V LLM ( · | TMPL ( x i, ≤ t , y i,<t )) is strictly positive for any sequence of tokens of any length. Therefore, the sum of all possible job titles' probabilities is not necessarily one. We would need the following normalization to calculate the probability of predicting y t so that predicted probabilities on all job titles sum to one.

ˆ P normalized LLM ( y i,t | x i, ≤ t , y i,<t ) = ˆ P V LLM ( TOK ( TITLE ( y )) | TMPL ( x i, ≤ t , y i,<t )) ∑ y ′ ∈Y ˆ P V LLM ( TOK ( TITLE ( y ′ ) | TMPL ( x i, ≤ t , y i,<t )) (7)"
"2406.17972v3.pdf","The normalization operation in Equation (7) is computationally expensive, since we need to perform LLM inference |Y| times. In this paper, we do not perform this normalization and we use the predicted probability from Equation (5) directly. It is worth noting that since the denominator in Equation (7) is less than one (since the total probability mass on the subset of job title tokens is less than the total probability mass on all tokens), ˆ P V LLM ≤ ˆ P normalized LLM . As a result, test perplexity for LLMs reported in the paper under-estimates the performance of these LLMs.

APPENDIX E: DETAILS ON EMBEDDING-BASED APPROACH

This appendix provides the details of the embedding-based approach reported on in Section 7.1. To extract embeddings from the Llama models (fine-tuned and off-theshelf), we use the final-layer model representation of each model. For OpenAI embeddings, we used the latest text-embedding-3-large model at the time the analysis was conducted (November 12 th , 2024); details are available at https://platform.openai. com/docs/guides/embeddings."
"2406.17972v3.pdf","Weestimate the multinomial logistic regression using Bayesian Optimization to find the optimal learning rate in the log-uniform space [10 -6 , 10 -2 ] . The embeddings are high-dimensional with thousands of dimensions. We also explore using embeddings of 16, 64, or 256 dimensions, using PCA to reduce our embeddings, in addition to the

16 This is for illustration purposes only, how the LLM's tokenizer splits the phrase 'software engineer' depends on the exact LLM used.

full-dimensional embeddings, and pick the best-performing model from our validation set. 17

APPENDIX F: DETAILS ON FULL-PRECISION VERSUS QUANTIZATIZED MODELS

Model quantization is a technique for improving models' computational efficiency and decreasing memory usage by reducing the numerical precision of model parameters (e.g., from 32-bit to 8-bit or 4-bit). Existing research has shown that LLMs with quantization can achieve similar performance to full-precision models Dettmers et al. (2023). We fine-tune the Llama-2-7B model under full precision using Together AI's platform, but wequantize model weights to 8-bit before conducting experiments for LLM inference in the main paper to save computational resources."
"2406.17972v3.pdf","In this appendix, we compare the performance of the full-precision and 8-bit quantization versions of the FT-7B. Specifically, we take the FT-7B that was fine-tuned under full precision; then, we query predicted probabilities of future job titles using the two variants of the fine-tuned model, one in full precision and the other quantized to 8-bit. Table F .1 compares models' performance on different datasets. These results suggest no significant difference between the full-precision and quantized models in terms of predictive performance.

It is extremely challenging for an individual researcher to obtain the hardware for full-precision fine-tuning (e.g., >112GiB of GPU memory for 7B). Fine-tuning on quantized models would require additional tricks like LoRA because one cannot run backpropogation on quantized parameters directly. Different LoRA techniques lead to different model performance, but exploration of these techniques is beyond the scope of this paper. We highly recommend researchers to out-source the model fine-tuning part to a third-party due to the engineering complexity (e.g., training on multiple GPUs). We quantize the model during inference to speed up the inference and save GPU memory."
"2406.17972v3.pdf","TABLE F.1. Test-set perplexity of full-precision versus quantized (8-bit) FT-7B.

Evaluation Dataset.Numberof Transitions (∑ i ∈ test T i ) | PSID81.61,772 | NLSY79.51,593 | NLSY97.29,951
FT-7B 8-bit Quantized Inference | 8.184 (0.126) | 8.329 (0.147) | 6.350 (0.101)
FT-7B Full Precision Inference | 8.161 (0.126) | 8.309 (0.147) | 6.337 (0.100)

Note : FT-7B was fine-tuned using full precision. Test-set-bootstrap standard errors are in parentheses. Prompts of LLMs include birth year information in this table.

APPENDIX G: ADDITIONAL RESULTS FOR IMPROVING OFF-THE-SHELF LLMS USING PROMPT ENGINEERING

As described in Section 7.3, we evaluate the value of adding example resumes (i.e., incontext learning examples) versus job titles to inform the off-the-shelf LLM model of either our data structure or the prediction space, respectively. Because the Llama-2 model

17 We explore random forest with 50 Bayesian Optimization calls and uniform parameters [20 , 400] estimators, [5 , 50] maximum depth, [0 . 01 , 0 . 9] minimum samples split, [0 . 01 , 0 . 9] minimum samples leaf. Performance is significantly worse than multinomial logistic regression."
"2406.17972v3.pdf","family has a context length of 4,096, meaning the model can only effectively process prompts shorter than 4,096 tokens, there is a limit to how many example resumes can be included in our enriched prompts with in-context learning information. In our dataset, oneresumeisupto900tokens, and the list of job titles is more than 3,200 tokens long, so we cannot include even one resume in combination with all job titles for some models (Llama-2-7B and Llama-2-13B). To evaluate the performance of the job titles combined with example resumes, we additionally deploy a variant of the Llama-2 model with a 32k context length, Llama-3.1 with a 128k context length, and Llama-3.2 models with a 128k context length. Online Appendix B provides more details on the token counts of prompts in our datasets."
"2406.17972v3.pdf","We expand the results in Table 5 by showing the results from including one, three, and five example resumes, either with or without job titles, in addition to the results for zero and ten example resumes, in Table G.1. Prompts in this table include birth year information to help pre-trained models better understand the population of workers in our survey datasets. The inclusion of job titles in the prompt performs as well or better than the inclusion of up to three to five resumes for all models.

APPENDIX H: DETAILS ON FINE-TUNING

This section discusses the details of fine-tuning LLMs in this paper and additional results showing how the number of epochs, i.e., complete passes through the entire training dataset during the training process, impacts model performance."
"2406.17972v3.pdf","For each individual i in the training split, we construct a text representation of her complete career history TMPL ( x i, ≤ T i , y i, ≤ T i ) as described in Section 4.2. We use these text representations as the corpus to fine-tune the language models. During the fine-tuning process, the model is trained to predict the next token in each TMPL ( x i, ≤ T i , y i, ≤ T i ) in the training corpus conditioned on the previous tokens. The loss function not only considers the model's prediction on tokens corresponding to job titles, but also on tokens corresponding to everything else in the text representation to improve models' understanding of our text template data structure. We use TMPL ( x i, ≤ T i , y i, ≤ T i ) from individuals in the validation split to evaluate the performance of the fine-tuned models after each fine-tuning epoch."
"2406.17972v3.pdf","For each model reported in the paper, we deploy two different training strategies: full-parameter automated mixed precision fine-tuning for three epochs (where in the context of fine-tuning, an epoch is a single complete pass through a dataset) and the same for five epochs. During the fine-tuning, we evaluate the model's validation loss after each training epoch, and keep the model checkpoint (saved snapshot of a model's parameters) that attains the lowest validation loss for evaluation.

All models in this paper were fine-tuned using the two strategies mentioned, and we always report the model from the better-performing strategy.

Consider now some additional details about fine-tuning, which mirrors the pretraining process. First, note that our description of CAREER in Section 5.3 gives a highlevel overview of the functional form of a transformer model, where the 'vocabulary'"
"2406.17972v3.pdf","TABLE G.1. Test-set perplexity for off-the-shelf models with in-context learning examples and/or job titles - expanded.

Evaluation Dataset.Numberof Transitions | Evaluation Dataset.(∑ i ∈ test T i ) | PSID81.6,177 | NLSY79.5,159 | NLSY97.2,995
Models Without Job Titles in Prompt | # Resumes |  |  | 
OTS Llama-2-13b | 0 | 137.685 (10.699) | 122.732 (9.676) | 107.080 (10.788)
OTS Llama-2-13b | 1 | 49.297 (3.430) | 44.805 (3.352) | 25.168 (2.480)
OTS Llama-2-13b | 3 | 35.988 (2.267) | 27.697 (1.785) | 18.907 (1.772)
OTS Llama-2-7b-32k | 0 | 241.044 (22.812) | 182.748 (16.373) | 173.942 (22.880)
OTS Llama-2-7b-32k | 1 | 81.780 (6.048) | 65.448 (4.990) | 34.827 (3.844)
OTS Llama-2-7b-32k | 3 | 53.498 (3.561) | 38.249 (2.539) | 24.857 (2.634)
OTS Llama-2-7b-32k | 5 | 45.269 (2.753) | 31.642 (1.993) | 21.876 (2.153)
OTS Llama-2-7b-32k | 10 | 36.533 (2.131) | 26.203 (1.495) | 17.518 (1.510)
OTS Llama-2-7b | 0 | 356.329 (27.380) | 293.284 (21.387) | 252.700 (27.979)
OTS Llama-2-7b | 1 | 60.961 (4.290) | 48.847 (3.467) | 28.134 (2.924)
OTS Llama-2-7b | 3 | 40.197 (2.532) | 29.365 (1.818) | 20.178 (2.016)"
"2406.17972v3.pdf","TABLE G.1. Test-set perplexity for off-the-shelf models with in-context learning examples and/or job titles - expanded. (cd.)

Evaluation Dataset.Numberof Transitions | Evaluation Dataset.(∑ i ∈ test T i ) | PSID81.6,177 | NLSY79.5,159 | NLSY97.2,995
Models Without Job Titles in Prompt | # Resumes |  |  | 
OTS Llama-3.1-8B | 0 | 127.788 (10.564) | 110.871 (8.973) | 99.156 (11.408)
OTS Llama-3.1-8B | 1 | 53.386 (3.744) | 43.275 (3.013) | 25.438 (2.346)
OTS Llama-3.1-8B | 3 | 35.287 (2.173) | 26.445 (1.567) | 17.935 (1.569)
OTS Llama-3.1-8B | 5 | 30.073 (1.725) | 22.435 (1.246) | 16.107 (1.324)
OTS Llama-3.1-8B | 10 | 25.083 (1.385) | 19.409 (1.009) | 13.675 (1.034)
OTS Llama-3.2-1B | 0 | 456.088 (51.012) | 371.333 (38.769) | 277.735 (40.961)
OTS Llama-3.2-1B | 1 | 165.556 (15.246) | 133.295 (12.842) | 72.933 (10.011)
OTS Llama-3.2-1B | 3 | 92.494 (7.515) | 62.271 (5.065) | 41.714 (5.218)
OTS Llama-3.2-1B | 5 | 71.802 (5.350) | 47.563 (3.620) | 34.383 (4.023)
OTS Llama-3.2-1B | 10 | 52.904 (3.740) | 36.043 (2.409) | 24.988 (2.631)
OTS Llama-3.2-3B | 0 | 165.109 (14.493) | 134.391 (11.186) | 122.578 (14.671)"
"2406.17972v3.pdf","TABLE G.1. Test-set perplexity for off-the-shelf models with in-context learning examples and/or job titles - expanded. (cd.)

Evaluation Dataset.Numberof Transitions | Evaluation Dataset.(∑ i ∈ test T i ) | PSID81.6,177 | NLSY79.5,159 | NLSY97.2,995
Models Without Job Titles in Prompt | # Resumes |  |  | 
OTS Llama-3.2-3B | 1 | 64.356 (4.575) | 54.938 (3.970) | 31.223 (3.152)
OTS Llama-3.2-3B | 3 | 44.058 (2.808) | 33.635 (2.156) | 22.268 (2.125)
OTS Llama-3.2-3B | 5 | 37.316 (2.236) | 28.049 (1.729) | 19.891 (1.815)
OTS Llama-3.2-3B | 10 | 29.925 (1.726) | 22.953 (1.306) | 16.213 (1.334)
Models With Job Titles in Prompt | # Resumes |  |  | 
OTS Llama-2-13b | 0 | 33.354 (1.913) | 33.779 (1.935) | 28.345 (1.987)
OTS Llama-2-7b-32k | 0 | 42.005 (2.522) | 45.718 (2.678) | 47.952 (4.127)
OTS Llama-2-7b-32k | 1 | 28.276 (1.459) | 26.037 (1.225) | 16.247 (1.118)
OTS Llama-2-7b-32k | 3 | 24.001 (1.128) | 20.784 (0.868) | 13.522 (0.897)
OTS Llama-2-7b-32k | 5 | 22.570 (1.046) | 19.579 (0.822) | 12.737 (0.839)
OTS Llama-2-7b-32k | 10 | 20.735 (0.918) | 18.038 (0.732) | 11.741 (0.736)
OTS Llama-2-7b | 0 | 36.909 (2.135) | 33.138 (1.760) | 31.456 (2.400)"
"2406.17972v3.pdf","TABLE G.1. Test-set perplexity for off-the-shelf models with in-context learning examples and/or job titles - expanded. (cd.)

Evaluation Dataset.Numberof Transitions | Evaluation Dataset.(∑ i ∈ test T i ) | PSID81.6,177 | NLSY79.5,159 | NLSY97.2,995
Models Without Job Titles in Prompt | # Resumes |  |  | 
OTS Llama-3.1-8B | 0 | 30.850 (1.633) | 26.984 (1.309) | 21.910 (1.394)
OTS Llama-3.1-8B | 1 | 22.120 (1.102) | 20.426 (0.921) | 13.897 (0.912)
OTS Llama-3.1-8B | 3 | 19.167 (0.912) | 16.954 (0.726) | 11.858 (0.769)
OTS Llama-3.1-8B | 5 | 17.863 (0.828) | 16.022 (0.676) | 11.349 (0.742)
OTS Llama-3.1-8B | 10 | 16.445 (0.763) | 15.202 (0.631) | 10.494 (0.672)
OTS Llama-3.2-1B | 0 | 62.234 (3.885) | 53.313 (3.068) | 45.252 (3.518)
OTS Llama-3.2-1B | 1 | 35.440 (1.880) | 31.672 (1.663) | 20.850 (1.630)
OTS Llama-3.2-1B | 3 | 28.715 (1.431) | 24.561 (1.163) | 17.001 (1.248)
OTS Llama-3.2-1B | 5 | 26.034 (1.280) | 22.695 (1.057) | 15.980 (1.155)
OTS Llama-3.2-1B | 10 | 22.947 (1.130) | 20.254 (0.913) | 14.019 (0.990)
OTS Llama-3.2-3B | 0 | 39.811 (2.199) | 39.236 (2.227) | 35.443 (2.700)"
"2406.17972v3.pdf","TABLE G.1. Test-set perplexity for off-the-shelf models with in-context learning examples and/or job titles - expanded. (cd.)

Evaluation Dataset.Numberof Transitions | Evaluation Dataset.(∑ i ∈ test T i ) | PSID81.6,177 | NLSY79.5,159 | NLSY97.2,995
Models Without Job Titles in Prompt | # Resumes |  |  | 
OTS Llama-3.2-3B | 1 | 24.777 (1.204) | 23.276 (1.091) | 14.840 (0.987)
OTS Llama-3.2-3B | 3 | 20.814 (0.983) | 18.662 (0.810) | 12.880 (0.856)
OTS Llama-3.2-3B | 5 | 19.561 (0.926) | 17.400 (0.750) 16.391 (0.683) | 12.380 (0.827) 11.516 (0.749)
OTS Llama-3.2-3B | 10 | 17.806 (0.824) |  |"
"2406.17972v3.pdf","Note : Perplexity on a 10% random sample of the test set, with test-set-bootstrap standard errors in parentheses.

of CAREER is jobs instead of tokens from English words. Now consider estimation details. In current practice, LLMs are usually trained so that the parameters of the transformer neural network maximize log-likelihood, which in the case of language models, where outcomes are encoded as indicator variables for tokens, is equivalent to minimizing cross-entropy loss (Touvron et al. (2023)). In stochastic gradient descent, observations are grouped into small batches. Given parameter estimates from prior batches, within each new batch, the gradient of the loss with respect to the parameters is evaluated for each observation in the batch (where the gradient is evaluated at the previous parameter estimates). The parameters are then updated using an adaptive version of stochastic gradient descent where updates are made using moving averages; see Touvron et al. (2023) for details."
"2406.17972v3.pdf","In our fine tuning, we use a batch size of 32, the initial learning rate of 10 -5 (which determines the step size for each update of model parameters), and a linear learning rate decay (which determines how the learning rate changes across epochs, see e.g., Jin et al. (2023)) from the initial learning rate to zero learning rate. Such learning rate scheduling of linear decaying is enforced by Together AI, and we do not have control over it at the time of fine-tuning. It is worth noting that given the linear learning rate decay, the checkpoints corresponding to the first three epochs in the three epoch settings are different from the first three epochs in the five epoch settings."
"2406.17972v3.pdf","We also experiment with fine-tuning the model for more epochs while taking the checkpoint corresponding to the lowest validation loss. We observed escalating validation loss (i.e., over-fitting) after four to five epochs. Due to the prohibitive computational cost, we only fine-tuned Llama-2-7B models using the pooled training data for five (reported in the main paper), six, eight, and ten epochs. Table H.1 summarizes the perplexities of the best model checkpoint, according to the validation loss, in these settings. We do not observe significant improvement in model performance, if any, while fine-tuning the model for more epochs.

TABLE H.1. Test-set perplexity of FT-7B fine-tuned for 5, 6, 8, or 10 epochs.

Evaluation Dataset.Numberof Transitions (∑ i ∈ test T i ) | PSID81.61,772 | NLSY79.51,593 | NLSY97.29,951
FT-7B Best Checkpoint of 5 Epochs | 8.083 (0.124) | 8.208 (0.146) | 6.194 (0.097)
FT-7B Best Checkpoint of 6 Epochs | 8.122 (0.125) | 8.223 (0.147) | 6.214 (0.096)
FT-7B Best Checkpoint of 8 Epochs | 8.098 (0.124) | 8.190 (0.145) | 6.191 (0.098)
FT-7B Best Checkpoint of 10 Epochs | 8.143 (0.124) | 8.240 (0.147) | 6.217 (0.098)"
"2406.17972v3.pdf","Note : FT-7B model is trained on the union of the three survey datasets. Test-set-bootstrap standard errors are in parentheses.

In this appendix, we explore how models perform on different subgroups defined by educational backgrounds to evaluate whether the main results of our paper are consistent across subpopulations. First, Table I.1 presents the perplexity differences between FT7B-NBY, FT-13B-NBY, and CAREER on different subgroups and datasets. Specifically, we

group individual-year observations ( i, t ) based on education level, then compare perplexities of FT-LABOR-LLM and CAREER on these subsets of observations separately. Note that education level can change throughout an individual's career history so different observations of the same individual can belong to different education subgroups. Table I.1 indicates that our language-based approach consistently outperforms the previous state-of-the-art model for different subpopulations."
"2406.17972v3.pdf","TABLE I.1. Test-set perplexity by different education groups.

Dataset | PSID81 | NLSY79 | NLSY97
Subgroup with College Degree | ∑ i ∈ test T i =30 , 920 | ∑ i ∈ test T i =19 , 204 | ∑ i ∈ test T i =5 , 898
PPL(CAREER)-PPL(FT-7B-NBY) | 0.276 (0.027) | 0.307 (0.044) | -0.146 (0.080)
PPL(CAREER)-PPL(FT-13B-NBY) | 0.313 (0.028) | 0.366 (0.042) | -0.038 (0.079)
Subgroup without College Degree | ∑ i ∈ test T i =30 , 852 | ∑ i ∈ test T i =32 , 389 | ∑ i ∈ test T i =24 , 053
PPL(CAREER)-PPL(FT-7B-NBY) | 0.240 (0.025) | 0.170 (0.024) | 0.023 (0.015)
PPL(CAREER)-PPL(FT-13B-NBY) | 0.293 (0.024) | 0.196 (0.024) | 0.070 (0.014)

Note : Test-set-bootstrap standard errors are in parentheses.

Next, we consider measures of performance based on the problem of predicting whetheraworkerchangesoccupations.FigureI.1depicts the calibration plots for FT-7BNBY, OTS-7B-NBY, CAREER, and empirical transition probability of predicting moving from different education subgroups and datasets. Our experiment results indicate that FT-LABOR-LLM is consistently better calibrated than CAREER across subpopulations."
"2406.17972v3.pdf","Finally, Table I.2 presents the AUC-ROC performance metric for the empirical transitions frequency model, off-the-shelf Llama-2-7B-NBY with job titles included in the prompt, FT-7B-NBY model, and CAREER model from predicting moving in different education subgroups and datasets. Again, our results indicate that FT-LABOR-LLM consistently outperforms or achieves comparable performance to CAREER across subpopulations.

TABLE I.2. Area under the ROC Curve (AUC-ROC) by different education groups.

Has College Degree | PSID81.Yes | PSID81.No | NLSY79.Yes | NLSY79.No | NLSY97.Yes | NLSY97.No | Aggregated.Yes | Aggregated.No
Empirical | 0.640 | 0.667 | 0.588 | 0.662 | 0.441 | 0.648 | 0.599 | 0.663
OTS Llama-2-7B-NBY (with job titles) | 0.709 | 0.719 | 0.689 | 0.729 | 0.617 | 0.694 | 0.693 | 0.717
CAREER | 0.777 | 0.778 | 0.763 | 0.789 | 0.749 | 0.761 | 0.770 | 0.780
FT-7B-NBY | 0.783 | 0.784 | 0.772 | 0.794 | 0.741 | 0.762 | 0.776 | 0.784

This section provides additional analyses of FT-LABOR-LLM's prediction behavior when there is a gap between the calendar years of the current job and the previous job in a"
"2406.17972v3.pdf","transition. Let year i,t denote the calendar year of the t th transition of individual i , where year i,t -1 is the calendar year of the previous transition (only defined for t > 1 ). Specifically, we focus on transitions with t > 1 such that year i,t = year i,t -1 +2 , i.e., the gap size is exactly one calendar year, to reduce computational resource requirements. To create the dataset, we randomly sample 500 transitions from the test split of each survey dataset, resulting in a total of 1,500 transitions.

Using the FT-LABOR-LLM model fine-tuned on the mixture training data, we compute the predicted probability of landing at job y i,t in calendar year year i,t as:

ˆ P ( y i,t in year i,t | y i,t -1 in year i,t -2) ,

where covariates x i, ≤ t and past jobs y i,<t -1 are omitted in the conditional part for simplicity. This is referred to as the direct prediction . We also compute the compoundprediction as:

∑ y ′ ∈Y ˆ P ( y i,t in year i,t | y ′ in year i,t -1 ∧ y i,t -1 in year i,t -2) × ˆ P ( y ′ in year i,t -1 | y i,t -1 in year i,t -2) ."
"2406.17972v3.pdf",">>>>>>>>>> Label of Transition 6 (i.e., individual-year observation): Loan interviewers and clerks >>>>>>>>>> Prompt of Transition 7 (i.e., individual-year observation): <A worker from the PSID dataset> The following information is available about the work history of a male white US worker residing in the west region. ↪ → The worker was born in 1984. The worker has the following records of work experience, one entry per line, including year, education level, and the job title: ↪ → 2009 (college): Industrial engineers, including health and safety 2011 (college): Mechanical engineers 2013 (college): Sales Representatives Services All Other 2015 (college): Unemployed 2017 (college): Mechanical engineers 2019 (college): Loan interviewers and clerks 2021 (college): >>>>>>>>>> Label of Transition 7 (i.e., individual-year observation): Loan interviewers and clerks

Readers can refer to our summary_statistics.ipynb notebook in the replication package to explore more examples."
"2406.17972v3.pdf","... in 1984. The worker has the following records of work experience, one entry per line, including year, education level, and the job title: ↪ → 2009 (college): Industrial engineers, including health and safety 2011 (college): Mechanical engineers 2013 (college): Sales Representatives Services All Other 2015 (college): Unemployed 2017 (college): Mechanical engineers 2019 (college):"
"2406.17972v3.pdf","... Mechanical engineers 2013 (college): Sales Representatives Services All Other 2015 (college): >>>>>>>>>> Label of Transition 4 (i.e., individual-year observation): Unemployed >>>>>>>>>> Prompt of Transition 5 (i.e., individual-year observation): <A worker from the PSID dataset> The following information is available about the work history of a male white US worker residing in the west region. ↪ → The worker was born in 1984. The worker has the following records of work experience, one entry per line, including year, education level, and the job title: ↪ → 2009 (college): Industrial engineers, including health and safety 2011 (college): Mechanical engineers 2013 (college): Sales Representatives Services All Other 2015 (college): Unemployed 2017 (college): >>>>>>>>>> Label of Transition 5 (i.e., individual-year observation): Mechanical engineers >>>>>>>>>> Prompt of Transition 6 (i.e., individual-year observation): <A worker from the PSID dataset> The following information is available about the work history of a male white US worker residing in the west region. ↪ → The worker was born in 1984. The worker has the following records of work experience, one entry per line, including year, education level, and the job title: ↪ → 2009 (college): Industrial engineers, including health ..."
"2406.17972v3.pdf","Mechanical engineers >>>>>>>>>> Prompt of Transition 3 (i.e., individual-year observation): <A worker from the PSID dataset> The following information is available about the work history of a male white US worker residing in the west region. ↪ → The worker was born in 1984. The worker has the following records of work experience, one entry per line, including year, education level, and the job title: ↪ → 2009 (college): Industrial engineers, including health and safety 2011 (college): Mechanical engineers 2013 (college): >>>>>>>>>> Label of Transition 3 (i.e., individual-year observation): Sales Representatives Services All Other >>>>>>>>>> Prompt of Transition 4 (i.e., individual-year observation): <A worker from the PSID dataset> The following information is available about the work history of a male white US worker residing in the west region. ↪ → The worker was born in 1984. The worker has the following records of work experience, one entry per line, including year, education level, and the job title: ↪ → 2009 (college): Industrial engineers, including health and safety 2011 (college): Mechanical engineers 2013 (college): Sales Representatives Services All Other 2015 (college): >>>>>>>>>> Label of Transition 4 (i.e., individual-year observation): Unemployed >>>>>>>>>> Prompt ..."
"2406.17972v3.pdf",">>>>>>>>>> Prompt of Transition 1 (i.e., individual-year observation): <A worker from the PSID dataset> The following information is available about the work history of a male white US worker residing in the west region. ↪ → The worker was born in 1984. The worker has the following records of work experience, one entry per line, including year, education level, and the job title: ↪ → 2009 (college): >>>>>>>>>> Label of Transition 1 (i.e., individual-year observation): Industrial engineers, including health and safety >>>>>>>>>> Prompt of Transition 2 (i.e., individual-year observation): <A worker from the PSID dataset> The following information is available about the work history of a male white US worker residing in the west region. ↪ → The worker was born in 1984. The worker has the following records of work experience, one entry per line, including year, education level, and the job title: ↪ → 2009 (college): Industrial engineers, including health and safety 2011 (college): >>>>>>>>>> Label of Transition 2 (i.e., individual-year observation):"
"2406.17972v3.pdf","<A worker from the PSID dataset> The following information is available about the work history of a male white US worker residing in the west region. ↪ → The worker was born in 1984. The worker has the following records of work experience, one entry per line, including year, education level, and the job title: ↪ → 2009 (college): Industrial engineers, including health and safety 2011 (college): Mechanical engineers 2013 (college): Sales Representatives Services All Other 2015 (college): Unemployed 2017 (college): Mechanical engineers 2019 (college): Loan interviewers and clerks 2021 (college): Loan interviewers and clerks <END OF DATA>

If the individual belongs to the trainig split, we will use the text representation above to fine-tune the language model. Otherwise, if the individual is in the test split, the subject contributes five individual-year observations (i.e., predictions) to the test set. The following is the prompt for each individual-year observation and the ground label for the prediction."
"2406.17972v3.pdf","The individual switched to occupation 57 (corresponding to 'Mechanical engineers') in 2011. The individual switched to occupation 274 ('Sales Representatives Services All Other') in 2013. Then, the individual became unemployed in 2015.

The text template for this individual is constructed as follows, where the first line indicates the survey dataset the individual came from. The second line shows the demographic information of this individual. The third line indicates the birth year of the individual. The following seven lines show the work experience and education level of the individual, one for each transition. Finally, the text representation concludes with

<END OF DATA> ."
"2406.17972v3.pdf","APPENDIX E: EXAMPLE OF CAREER TEXT TEMPLATE CONSTRUCTION

This section provides an example of how we construct the text templates from the CAREER format dataset. For example, the following is the information of a sample individual in the PSID dataset.

{'education': ['college', 'college', 'college', 'college', 'college', 'college', ↪ → 'college'], 'ethnicity': ['white'], 'gender': ['male'], 'state': ['west'], 'tok': ['56', '57', '274', 'unemployed', '57', '376', '376'], 'year': ['2009', '2011', '2013', '2015', '2017', '2019', '2021'], 'year_of_birth': ['1984']}

The individual is a male, white, born in 1984, and living in the west region. The individual holds a college degree throughout the period of observation.

The example individual above has seven years of observations (i.e., transitions) in 2009, 2011, 2013, 2015, 2017, 2019, and 2021, respectively. The individual started with occupation 56 (corresponding to 'Industrial engineers, including health and safety') with a college degree in 2009."
"2406.17972v3.pdf","The following information is available about the work history of a female black or african american US worker residing in the south region. ↪ → The worker was born in 1963. The worker has the following records of work experience, one entry per line, including year, education level, and the job title: ↪ → 1984 (college): Business Teachers Postsecondary 1985 (college): Postmasters and mail superintendents 1986 (graduate degree): Sales Representatives Services All Other 1987 (graduate degree): Wholesale and retail buyers, except farm products 1988 (graduate degree): Elementary and middle school teachers 1989 (graduate degree): Elementary and middle school teachers 1990 (graduate degree): Elementary and middle school teachers 1991 (graduate degree): Secondary school teachers 1992 (graduate degree): Elementary and middle school teachers 1993 (graduate degree): Elementary and middle =============================================================== LLM Generation 2 =============================================================== <A worker from the PSID dataset> The following information is available about the work history of a female black or african american US worker residing in the south region. ↪ → The worker was born in 1963. The worker has the following records of work experience, one entry per line, including year, education level, and the job title: ↪ → 1984 (college): Business Teachers Postsecondary 1985 (college): Postmasters and mail superintendents 1986 (graduate degree): Sales Representatives Services All Other 1987 (graduate degree): Wholesale and retail buyers, except farm products 1988 (graduate degree): Elementary and middle school teachers 1989 (graduate degree): Elementary and middle school teachers 1990 (graduate degree): Secondary school teachers 1991 (graduate degree): Secondary school teachers 1992 (graduate degree): Postsecondary teachers 1993 (graduate degree): Business Teachers Postsecondary"
"2406.17972v3.pdf","... The following information is available about the work history of a female black or african american US worker residing in the south region. ↪ → The worker was born in 1963. The worker has the following records of work experience, one entry per line, including year, education level, and the job title: ↪ → 1984 (college): Business Teachers Postsecondary 1985 (college): Postmasters and mail superintendents 1986 (graduate degree): Sales Representatives Services All Other 1987 (graduate degree): Wholesale and retail buyers, except farm products 1988 (graduate degree): Elementary and middle school teachers 1989 (graduate degree): Elementary and middle school teachers 1990 (graduate degree): Postsecondary teachers 1991 (graduate degree): Computer and information systems managers 1992 (graduate degree): Postsecondary teachers 1993 (graduate degree): First-line supervisors =============================================================== LLM Generation 1 =============================================================== <A worker from the PSID dataset>"
"2406.17972v3.pdf","<A worker from the PSID dataset> The following information is available about the work history of a female black or african american US worker residing in the south region. ↪ → The worker was born in 1963. The worker has the following records of work experience, one entry per line, including year, education level, and the job title: ↪ → 1984 (college): Business Teachers Postsecondary 1985 (college): Postmasters and mail superintendents 1986 (graduate degree): Sales Representatives Services All Other 1987 (graduate degree): Wholesale and retail buyers, except farm products 1988 (graduate degree): Elementary and middle school teachers 1989 (graduate degree): Elementary and middle school teachers 1990 (graduate degree): The following shows three completion generated by the LLM following the prompt above. Note that the last line of generation is incomplete because we limit the number of new tokens generated to be 50. =============================================================== LLM Generation 0 =============================================================== <A worker from the PSID dataset> The following information is available about the work history of a female black or african american US worker residing in the south region. ↪ → The worker was born in 1963. The worker has the ..."
"2406.17972v3.pdf","1980 (high school diploma): Not in labor force 1981 (high school diploma): Food servers, nonrestaurant 1982 (high school diploma): Food servers, nonrestaurant 1983 (high school diploma): Food servers, nonrestaurant 1984 (high school diploma): Cashiers 1985 (high school diploma): Food servers, nonrestaurant 1986 (high school diploma): Food servers, nonrestaurant 1987 (high school di

D.2 Examples on an Individual with High Education Level

The second example illustrates the model's capability on the high-education group. We use the following prompt text in this example:"
"2406.17972v3.pdf","... information is available about the work history of a female black or african american US worker residing in the south region. ↪ → The worker was born in 1963. The worker has the following records of work experience, one entry per line, including year, education level, and the job title: ↪ → 1979 (high school diploma): Cashiers 1980 (high school diploma): Not in labor force 1981 (high school diploma): Food servers, nonrestaurant 1982 (high school diploma): Food servers, nonrestaurant 1983 (high school diploma): Food servers, nonrestaurant 1984 (high school diploma): Food servers, nonrestaurant 1985 (high school diploma): Food servers, nonrestaurant 1986 (high school diploma): Cashiers 1987 (high school di =============================================================== LLM Generation 2 =============================================================== <A worker from the PSID dataset> The following information is available about the work history of a female black or african american US worker residing in the south region. ↪ → The worker was born in 1963. The worker has the following records of work experience, one entry per line, including year, education level, and the job title: ↪ → 1979 (high school diploma): Cashiers"
"2406.17972v3.pdf","=============================================================== LLM Generation 0 =============================================================== <A worker from the PSID dataset> The following information is available about the work history of a female black or african american US worker residing in the south region. ↪ → The worker was born in 1963. The worker has the following records of work experience, one entry per line, including year, education level, and the job title: ↪ → 1979 (high school diploma): Cashiers 1980 (high school diploma): Not in labor force 1981 (high school diploma): Food servers, nonrestaurant 1982 (high school diploma): Food servers, nonrestaurant 1983 (high school diploma): Food servers, nonrestaurant 1984 (high school diploma): Food servers, nonrestaurant 1985 (high school diploma): Food servers, nonrestaurant 1986 (high school diploma): Food servers, nonrestaurant 1987 =============================================================== LLM Generation 1 =============================================================== <A worker from the PSID dataset> The following information is available about the work history of a female black or african american US worker residing in the south region. ↪ → The worker was born in 1963. The worker has the following records of ..."
"2406.17972v3.pdf","D.1 Examples on an Individual with Low Education Level

Weuse the following text as the prompt summarizing the individual's career history.

<A worker from the PSID dataset> The following information is available about the work history of a female black or african american US worker residing in the south region. ↪ → The worker was born in 1963. The worker has the following records of work experience, one entry per line, including year, education level, and the job title: ↪ → 1979 (high school diploma): Cashiers 1980 (high school diploma): Not in labor force

1981 (high school diploma): Food servers, nonrestaurant 1982 (high school diploma): Food servers, nonrestaurant 1983 (high school diploma): Food servers, nonrestaurant 1984 (high school diploma):

The following shows three examples of completions given by the LLM. Note that the last line of generation is incomplete because we limit the number of new tokens generated to be 50."
"2406.17972v3.pdf","APPENDIX D: EXAMPLES OF CAREER TRAJECTORIES GENERATED BY OFF-THE-SHELF LLMS

Dataset Split | Train | PSID81 Validation | Test | Train | NLSY79 Validation | Test | Train | NLSY97 Validation | Test
First Observation | 21,739 | 3,105 | 6,212 | 8,735 | 1,247 | 2,497 | 6,288 | 898 | 1,798
Moving | 84,627 | 12,172 | 24,030 | 81,072 | 11,636 | 23,023 | 38,509 | 5,597 | 10,960
Staying | 113,857 | 16,350 | 31,530 | 92,338 | 13,157 | 26,073 | 59,246 | 8,306 | 17,193

LLMs gain knowledge about the labor market and hierarchy among different occupations from the pre-training data. Therefore, off-the-shelf LLMs can generate plausible sequencesof future occupations conditional on one's job history via appropriate prompt engineering. These sections demonstrate a few examples of career trajectories generated by the off-the-shelf pre-trained Llama-2-7B model without fine-tuning. In each example, we provide the model with the worker's career history and specify the desired data format through a prompt. We use the Llama-2 model with full precision inference and top_k = 50, top_p=0.6, temperature=1.0 to generate texts; we limit the maximum number of new tokens generated to be 50."
"2406.17972v3.pdf","Table C.1 shows the number of individual and individual-year observations in the training, validation, and test splits of each survey dataset. Table C.2 reports the number of individual-year observations in the training, validation, and test splits of each survey dataset that are the 'First Observation' of an individual, an observation in which the individual transitions occupation ('Moving'), or an observation in which the individual stays in the same occupation ('Staying').

TABLE C.1. The number of individuals (the top number) and individual-year observations (the bottom number) in training, validation, and test splits of each survey dataset.

Dataset | PSID81 | NLSY79 | NLSY97
Train Split (70%) | 21,739 | 8,735 | 6,288
Validation Split (20%) | 3,105 31,627 | 1,247 26,040 | 898 14,801
Test Split (10%) | 6,212 61,772 | 2,497 51,593 | 1,798 29,951
Total Individuals | 31,056 | 12,479 | 
 |  |  | 8,984
Transitions | 313,622 | 259,778 | 148,795"
"2406.17972v3.pdf","Note : This table summarizes data files in our replication package used for evaluating FT-LABOR-LLM, which consists of the test split of each dataset. For example, the first row reports the summary statistics of test split of the NLSY79 dataset with numeric job titles, the file NLSY79 w/numerical job titles includes the test split of this dataset for evaluating langauge models.

APPENDIX C: DATASET SPLIT DETAILS FOR FINE-TUNING

This appendix reports the details of the training, validation, and test splits of each survey dataset used for fine-tuning. The training set consists of 70% randomly selected individuals, the validation set consists of 20% randomly selected individuals and the test set consists of 10% randomly selected individuals. These three splits of individuals are non-overlapping. If an individual is selected into a specific split (e.g., the training set), all individual-year observations of this individual belong to that split."
"2406.17972v3.pdf","TABLE B.2. Summary statistics for the number of tokens in prompts from the test splits by data file.

| Num Transitions | Total Tokens | Mean Tokens | Std Tokens | Min Tokens | 1% Tokens | 50% Tokens | 99% Tokens | Max Tokens
NLSY79 | 51,593 | 13,869,963 | 268.83 | 140.85 | 71 | 74 | 247 | 614 | 832
NLSY79 w/numerical job titles | 51,593 | 13,947,376 | 270.33 | 124.12 | 83 | 86 | 255 | 537 | 568
NLSY79 w/job titles | 51,593 | 181,340,841 | 3514.83 | 140.85 | 3,317 | 3,320 | 3,493 | 3,860 | 4,078
NLSY79 w/birth years | 51,593 | 14,489,079 | 280.83 | 140.85 | 83 | 86 | 259 | 626 | 844
NLSY79 w/birth years &job titles | 51,593 | 181,959,957 | 3526.83 | 140.85 | 3,329 | 3,332 | 3,505 | 3,872 | 4,090
NLSY97 | 29,951 | 6,180,357 | 206.35 | 91.88 | 77 | 77 | 195 | 426 | 579
NLSY97 w/numerical job titles | 29,951 | 6,703,708 | 223.82 | 87.60 | 89 | 89 | 219 | 401 | 414
NLSY97 w/job titles | 29,951 | 103,401,303 | 3452.35 | 91.88 | 3,323 | 3,323 | 3,441 | 3,672 | 3,825
NLSY97 w/birth years | 29,951 | 6,539,769 | 218.35 | 91.88 | 89 | 89 | 207 | 438 | 591
NLSY97 w/birth years &job titles | 29,951 | 103,760,715 | 3464.35 | 91.88 | 3,335 | 3,335 | 3,453 | 3,684 | 3,837
PSID81 | 61,772 | 12,837,276 | 207.82 | 122.73 | 68 | 68 | 174 | 566 | 831
PSID81 w/numerical job titles | 61,772 | 12,645,942 | 204.72 | 106.17 | 80 | 80 | 177 | 497 | 566
PSID81 w/job titles | 61,772 | 213,349,188 | 3453.82 | 122.73 | 3,314 | 3,314 | 3,420 | 3,812 | 4,077
PSID81 w/birth years | 61,772 | 13,578,540 | 219.82 | 122.73 | 80 | 80 | 186 | 578 | 843
PSID81 w/birth years &job titles | 61,772 | 214,090,452 | 3465.82 | 122.73 | 3,326 | 3,326 | 3,432 | 3,824 | 4,089"
"2406.17972v3.pdf","Note : This table summarizes data files in our replication package used for fine-tuning FT-LABOR-LLM. Each row corresponds to two CSV files for the training and validation splits. For example, the second row reports the summary statistics of the training and validation splits of the NLSY79 dataset with numeric job titles, the file NLSY79 w/numerical job titles includes the training split of this data for fine-tuning FT-LABOR-LLMs.

B.2 Test Splits

The test splits of our dataset are used to evaluate the performance of the fine-tuned language models. Each worker contributes multiple individual-year observations to the test set, where each observation is a data point in the test set. For each data point (i.e., each individual-year observation), Table B.2 provides the number of tokens in the test

set, the number of workers, and the average number of tokens per worker for each data file. Please note that these numbers of tokens are counted by the Llama-2 tokenizer; using different tokenizers will result in different token counts. These files contain different variants of prompts of career histories, TMPL ( x i, ≤ t , y i,<t ) ."
"2406.17972v3.pdf","TABLE B.1. Number of tokens in the training and validation splits for fine-tuning using the Llama-2 tokenizer. (cd.)

| Split | Number of Individuals.Training | Number of Individuals.Validation | Total Number of Tokens.Training | Total Number of Tokens.Validation | Avg. Number of Tokens per Individual.Training | Avg. Number of Tokens per Individual.Validation
NLSY79 |  | 8,735 | 1,247 | 3,683,964 | 524,489 | 421.75 | 420.60
Mixture 100% of each dataset |  | 36,762 | 5,250 | 11,518,881 | 1,650,341 | 313.34 | 314.35"
"2406.17972v3.pdf","TABLE B.1. Number of tokens in the training and validation splits for fine-tuning using the Llama-2 tokenizer. (cd.)

| Split | Number of Individuals.Training | Number of Individuals.Validation | Total Number of Tokens.Training | Total Number of Tokens.Validation | Avg. Number of Tokens per Individual.Training | Avg. Number of Tokens per Individual.Validation
NLSY79 |  | 8,735 | 1,247 | 3,683,964 | 524,489 | 421.75 | 420.60
Mixture 20% of each dataset |  | 7,352 | 1,050 | 2,316,043 | 325,984 | 315.02 | 310.46
Mixture 30% of each dataset |  | 11,028 | 1,575 | 3,443,564 | 489,417 | 312.26 | 310.74
Mixture 40% of each dataset |  | 14,704 | 2,100 | 4,591,417 | 651,185 | 312.26 | 310.09
Mixture 50% of each dataset |  | 18,381 | 2,625 | 5,745,202 | 820,063 | 312.56 | 312.40
Mixture 60% of each dataset |  | 22,057 | 3,150 | 6,901,631 | 984,610 | 312.90 | 312.57
Mixture 70% of each dataset |  | 25,733 | 3,675 | 8,060,265 | 1,148,317 | 313.23 | 312.47
Mixture 80% of each dataset |  | 29,409 | 4,200 | 9,215,066 | 1,313,050 | 313.34 | 312.63
Mixture 90% of each dataset |  | 33,085 | 4,725 | 10,357,526 | 1,482,894 | 313.06 | 313.84"
"2406.17972v3.pdf","TABLE B.1. Number of tokens in the training and validation splits for fine-tuning using the Llama-2 tokenizer. (cd.)

| Split | Number of Individuals.Training | Number of Individuals.Validation | Total Number of Tokens.Training | Total Number of Tokens.Validation | Avg. Number of Tokens per Individual.Training | Avg. Number of Tokens per Individual.Validation
NLSY79 |  | 8,735 | 1,247 | 3,683,964 | 524,489 | 421.75 | 420.60
Mixture PSID81, 20% of other datasets |  | 26,086 | 3,105 | 7,262,723 | 797,781 | 278.41 | 256.93
Mixture PSID81, 30% of other datasets |  | 28,260 | 3,105 | 8,125,846 | 797,781 | 287.54 | 256.93
Mixture PSID81, 40% of other datasets |  | 30,434 | 3,105 | 8,994,806 | 797,781 | 295.55 | 256.93
Mixture PSID81, 50% of other datasets |  | 32,608 | 3,105 | 9,867,246 | 797,781 | 302.60 | 256.93
Mixture PSID81, 60% of other datasets |  | 34,782 | 3,105 | 10,728,379 | 797,781 | 308.45 | 256.93
Mixture PSID81, 70% of other datasets |  | 36,762 | 3,105 | 11,518,881 | 797,781 | 313.34 | 256.93
Mixture 10% of each dataset |  | 3,676 | 525 | 1,163,405 | 159,834 | 316.49 | 304.45"
"2406.17972v3.pdf","TABLE B.1. Number of tokens in the training and validation splits for fine-tuning using the Llama-2 tokenizer. (cd.)

| Split | Number of Individuals.Training | Number of Individuals.Validation | Total Number of Tokens.Training | Total Number of Tokens.Validation | Avg. Number of Tokens per Individual.Training | Avg. Number of Tokens per Individual.Validation
NLSY79 |  | 8,735 | 1,247 | 3,683,964 | 524,489 | 421.75 | 420.60
Mixture NLSY97, 20% of other datasets |  | 7,545 | 898 | 2,582,108 | 313,107 | 342.23 | 348.67
Mixture NLSY97, 30% of other datasets |  | 8,174 | 898 | 2,774,250 | 313,107 | 339.40 | 348.67
Mixture NLSY97, 40% of other datasets |  | 8,803 | 898 | 2,959,053 | 313,107 | 336.14 | 348.67
Mixture NLSY97, 50% of other datasets |  | 9,432 | 898 | 3,151,501 | 313,107 | 334.13 | 348.67
Mixture NLSY97, 60% of other datasets |  | 10,060 | 898 | 3,345,202 | 313,107 | 332.53 | 348.67
Mixture NLSY97, 70% of other datasets |  | 10,689 | 898 | 3,534,251 | 313,107 | 330.64 | 348.67
Mixture PSID81, 10% of other datasets |  | 23,912 | 3,105 | 6,397,322 | 797,781 | 267.54 | 256.93"
"2406.17972v3.pdf","TABLE B.1. Number of tokens in the training and validation splits for fine-tuning using the Llama-2 tokenizer. (cd.)

| Split | Number of Individuals.Training | Number of Individuals.Validation | Total Number of Tokens.Training | Total Number of Tokens.Validation | Avg. Number of Tokens per Individual.Training | Avg. Number of Tokens per Individual.Validation
NLSY79 |  | 8,735 | 1,247 | 3,683,964 | 524,489 | 421.75 | 420.60
Mixture NLSY79, 20% of other datasets |  | 10,482 | 1,247 | 4,273,244 | 539,453 | 407.67 | 432.60
Mixture NLSY79, 30% of other datasets |  | 11,355 | 1,247 | 4,511,019 | 539,453 | 397.27 | 432.60
Mixture NLSY79, 40% of other datasets |  | 12,229 | 1,247 | 4,759,164 | 539,453 | 389.17 | 432.60
Mixture NLSY79, 50% of other datasets |  | 13,102 | 1,247 | 4,999,403 | 539,453 | 381.58 | 432.60
Mixture NLSY79, 60% of other datasets |  | 13,976 | 1,247 | 5,235,267 | 539,453 | 374.59 | 432.60
Mixture NLSY79, 70% of other datasets |  | 14,849 | 1,247 | 5,475,725 | 539,453 | 368.76 | 432.60
Mixture NLSY97, 10% of other datasets |  | 6,916 | 898 | 2,388,943 | 313,107 | 345.42 | 348.67"
"2406.17972v3.pdf","TABLE B.1. Number of tokens in the training and validation splits for fine-tuning using the Llama-2 tokenizer.

| Split | Number of Individuals.Training | Number of Individuals.Validation | Total Number of Tokens.Training | Total Number of Tokens.Validation | Avg. Number of Tokens per Individual.Training | Avg. Number of Tokens per Individual.Validation
NLSY79 |  | 8,735 | 1,247 | 3,683,964 | 524,489 | 421.75 | 420.60
NLSY79 w/numerical job titles |  | 8,735 | 1,247 | 3,560,493 | 509,219 | 407.61 | 408.36
NLSY79 w/birth years |  | 8,735 | 1,247 | 3,788,784 | 539,453 | 433.75 | 432.60
NLSY97 |  | 6,288 | 898 | 2,114,497 | 302,331 | 336.27 | 336.67
NLSY97 w/numerical job titles |  | 6,288 | 898 | 2,176,948 | 309,988 | 346.21 | 345.20
NLSY97 w/birth years |  | 6,288 | 898 | 2,189,953 | 313,107 | 348.27 | 348.67
PSID81 |  | 21,739 | 3,105 | 5,279,276 | 760,521 | 242.85 | 244.93
PSID81 w/numerical job titles |  | 21,739 | 3,105 | 5,132,422 | 737,382 | 236.09 | 237.48
PSID81 w/birth years |  | 21,739 | 3,105 | 5,540,144 | 797,781 | 254.85 | 256.93
Mixture NLSY79, 10% of other datasets |  | 9,608 | 1,247 | 4,032,323 | 539,453 | 419.68 | 432.60"
"2406.17972v3.pdf","Note : Job titles are randomly permuted and we assign 'numeric job titles' from job_000 to job_334 to them following the random order.

APPENDIX B: SUMMARY OF TOKENIZED DATASETS

This section provides a summary of tokenized text templates in various datasets. Different tokenizers could parse the same text into different numbers of tokens; all token counts reported in this section are from the Llama-2 tokenizer. We ignore the 'start of sentence' token Llama-2 tokenizer adds to every paragraph.

B.1 Training and Validation Splits

Weusethe training and validation splits of our dataset to fine-tune large language models. To fine-tune the model, we use the text representations of workers' complete career histories TMPL ( x i, ≤ T i , y i, ≤ T i ) as the training and validation corpus, where each worker contributes a single paragraph of text in the corpus. Table B.1 summarizes the number

of individuals, total number of tokens, and average number of tokens per individual in the training and validation splits for each data file in our replication material. Test splits are only used for inference and are reported in the next subsection."
"2406.17972v3.pdf","Table A.2.: List of numeric job titles and their corresponding English language job titles. (continued)

Job Title | Numerical Job Title
Elementary and middle school teachers | job_308
Chemical engineers | job_309
Library assistants, clerical | job_310
Telemarketers | job_311
Designers | job_312
Biological scientists | job_313
Mining machine operators | job_314
Clergy | job_315
Agricultural inspectors | job_316
Architects, except naval | job_317
Special Code (occ1990dd=999) | job_318
Legislators | job_319
Mail clerks and mail machine operators, except postal service | job_320
Tailors, dressmakers, and sewers | job_321
Miscellaneous personal appearance workers | job_322
Cabinetmakers and bench carpenters | job_323
Switchboard operators, including answering service | job_324
Training and development specialists | job_325
Upholsterers | job_326
Dentists | job_327
Broadcast and sound engineering technicians and radio operators | job_328
Musicians, singers, and related workers | job_329
Chemical technicians | job_330
First-Line Supervisors of Landscaping and Lawn Service and Groundskeeping Work- ers | job_331
Health diagnosing and treating practitioners, all other | job_332
Shoe and leather workers and repairers | job_333
Food batchmakers | job_334"
"2406.17972v3.pdf","Table A.2.: List of numeric job titles and their corresponding English language job titles. (continued) (cd.)

Job Title | Numerical Job Title
Construction and building inspectors | job_260
Textile knitting and weaving machine setters, operators, and tenders | job_306
Taxi drivers and chauffeurs | job_307"
"2406.17972v3.pdf","Table A.2.: List of numeric job titles and their corresponding English language job titles. (continued) (cd.)

Job Title | Numerical Job Title
Construction and building inspectors | job_260
Eligibility interviewers, government programs | job_284
Dental assistants | job_285
Announcers | job_286
Lawyers, Judges, magistrates, and other judicial workers | job_287
Aircraft mechanics and service technicians | job_288
Insulation workers | job_289
Shuttle car operators | job_290
Compliance Officers | job_291
Claims adjusters, appraisers, examiners, and investigators | job_292
Meter readers, utilities | job_293
Physician assistants | job_294
Court, municipal, and license clerks | job_295
Postal service mail sorters, processors, and processing machine operators | job_296
Ushers, lobby attendants, and ticket takers | job_297
Unemployed | job_298
Business Teachers Postsecondary | job_299
Postal service clerks | job_300
Dredge, excavating, and loading machine operators | job_301
Drafters | job_302
Molders, shapers, and casters, except metal and plastic | job_303
Child care workers | job_304
Models, demonstrators, and product promoters | job_305"
"2406.17972v3.pdf","Table A.2.: List of numeric job titles and their corresponding English language job titles. (continued)

Job Title | Numerical Job Title
Construction and building inspectors | job_260
Locomotive engineers and operators | job_261
Cleaners of vehicles and equipment | job_262
Actuaries | job_263
Sewing machine operators | job_264
Hosts and hostesses, restaurant, lounge, and coffee shop | job_265
Nuclear technicians | job_266
Extruding and drawing machine setters, operators, and tenders, metal and plastic | job_267
Packers and packagers, hand | job_268
Fire inspectors | job_269
Fishers and related fishing workers | job_270
Diagnostic related technologists and technicians | job_271
Librarians | job_272
Helpers-installation, maintenance, and repair workers | job_273
Water and liquid waste treatment plant and system operators | job_274
Podiatrists | job_275
Market research analysts and marketing specialists | job_276
Veterinarians | job_277
Glaziers | job_278
Service station attendants | job_279
Machine feeders and offbearers | job_280
Railroad conductors and yardmasters | job_281
Boilermakers | job_282
File Clerks | job_283"
"2406.17972v3.pdf","Table A.2.: List of numeric job titles and their corresponding English language job titles. (continued) (cd.)

Job Title | Numerical Job Title
Rolling machine setters, operators, and tenders, metal and plastic | job_212
Television, video, and motion picture camera operators and editors | job_247
Roofers | job_248
Artists and related workers | job_249
Air traffic controllers and airfield operations specialists | job_250
Insurance sales agents | job_251
 | job_252
Etchers and engravers | 
Management analysts | job_253 job_254
Social workers | job_255
Geological and petroleum technicians | 
First-line supervisors/managers of correctional officers Accountants and auditors | job_256 job_257
Textile bleaching and dyeing machine operators and tenders | job_258
Petroleum engineers | job_259"
"2406.17972v3.pdf","Table A.2.: List of numeric job titles and their corresponding English language job titles. (continued) (cd.)

Job Title | Numerical Job Title
Rolling machine setters, operators, and tenders, metal and plastic | job_212
First-line supervisors/managers of construction trades and extraction workers | job_230
Textile winding, twisting, and drawing out machine setters, operators, and tenders | job_231
Opticians, dispensing | job_232
Paving, surfacing, and tamping equipment operators | job_233
Not in labor force | job_235
Hotel, motel, and resort desk clerks | job_236
Medical scientists | job_237
Baggage porters, bellhops, and | job_238
concierges Miscellaneous media and communication workers | job_239
Plating and coating machine setters, operators, and tenders, metal and plastic | job_240
Painters, Transportation Equipment | job_241
Printing Press Operators | job_242
Janitors and Cleaners Except Maids and Housekeeping Cleaners | job_243
Motion picture projectionists Dietitians and nutritionists | job_244
 | job_245
Photographic process workers and processing machine operators | job_246"
"2406.17972v3.pdf","Table A.2.: List of numeric job titles and their corresponding English language job titles. (continued)

Job Title | Numerical Job Title
Rolling machine setters, operators, and tenders, metal and plastic | job_212
Office machine operators, except computer | job_213
First-line supervisors/managers of office and administrative support workers | job_214
Aerospace engineers | job_215
Morticians, Undertakers, and Funeral Directors | job_216
Drilling and boring machine tool setters, operators, and tenders, metal and plastic | job_217
Parking lot attendants | job_218
Elevator installers and repairers | job_219
Bookkeeping, accounting, and auditing clerks | job_220
Teacher assistants | job_221
Industrial engineers, including health and safety | job_222
Explosives workers, ordnance handling experts, and blasters | job_223
Sawing machine setters, operators, and tenders, wood | job_224
Waiters and waitresses | job_225
First-line supervisors/managers of food preparation and serving workers | job_226
Automotive glass installers and repairers | job_227
Phlebotomists | job_228
Crane and tower operators | job_229"
"2406.17972v3.pdf","Table A.2.: List of numeric job titles and their corresponding English language job titles. (continued) (cd.)

Job Title | Numerical Job Title
Railroad brake, signal, and switch operators | job_165
Adult Basic and Secondary Education and Literacy Teachers and Instructors | job_207
Butchers and other meat, poultry, and fish processing workers | job_208
Miscellaneous agricultural workers | job_209
Statistical assistants | job_210 job_211
Painters, construction and maintenance |"
"2406.17972v3.pdf","Table A.2.: List of numeric job titles and their corresponding English language job titles. (continued) (cd.)

Job Title | Numerical Job Title
Railroad brake, signal, and switch operators | job_165
Carpet, floor, and tile installers and finishers | job_187
Physicians and surgeons | job_188
Public relations managers | job_189
Print Binding and Finishing Workers | job_190
Construction laborers | job_191
Secretaries and administrative assistants | job_192
HumanResources Managers | job_193
Postal service mail carriers | job_194
Crossing guards | job_195
Heavy vehicle and mobile equipment service technicians and mechanics | job_196
Maintenance workers, machinery | job_197
Woodworking machine setters, operators, and tenders, except sawing | job_198
First-line supervisors/managers of retail sales workers | job_199
Occupational therapist assistants and aides | job_200
Computer operators | job_201
Recreation and fitness workers | job_202
Probation Officers and Correctional Treatment Specialists | job_203
Metal furnace and kiln operators and tenders | job_204
Drywall installers, ceiling tile installers, and tapers | job_205
Nonfarm animal caretakers | job_206"
"2406.17972v3.pdf","Table A.2.: List of numeric job titles and their corresponding English language job titles. (continued)

Job Title | Numerical Job Title
Railroad brake, signal, and switch operators | job_165
Graders and sorters, agricultural products | job_166
Property, real estate, and community association managers | job_167
Farmers, Ranchers, and other Agricultural Managers | job_168
Athletes, coaches, umpires, and related workers | job_169
Cutting workers | job_170
Sheet metal workers | job_171
Forest and conservation workers | job_172
Lay-out workers, metal and plastic | job_173
Logisticians | job_174
Control and valve installers and repairers | job_175
Animal control workers | job_176
Medical and health services managers | job_177
Cutting, punching, andpress machine setters, operators, andtenders, metal andplas- | job_178
tic | 
Stationary engineers and boiler operators | job_179
Small engine mechanics | job_180
Stock clerks and order fillers | job_181
Industrial and refractory machinery mechanics | job_182
Conservation scientists and foresters | job_183
Cargo and freight agents | job_184
Desktop publishers | job_185
Photographers | job_186"
"2406.17972v3.pdf","Table A.2.: List of numeric job titles and their corresponding English language job titles. (continued) (cd.)

Job Title | Numerical Job Title
Health Practitioner Support Technologists and Technicians | job_117
Securities, commodities, and financial services sales agents | job_160
Coin, vending, and amusement machine servicers and repairers | job_161
First-line supervisors/managers of production and operating workers | job_162
Loan interviewers and clerks | job_163
Automotive service technicians and mechanics | job_164"
"2406.17972v3.pdf","Table A.2.: List of numeric job titles and their corresponding English language job titles. (continued) (cd.)

Job Title | Numerical Job Title
Health Practitioner Support Technologists and Technicians | job_117
Engineering technicians, except drafters | job_138
Maintenance and repair workers, general | job_139
Advertising sales agents | job_140
Multiple machine tool setters, operators, and tenders, metal and plastic | job_141
Precision instrument and equipment repairers | job_142
Electricians | job_143
Postmasters and mail superintendents | job_144
Barbers | job_145
Computer, automated teller, and office machine repairers | job_146
Clinical laboratory technologists and technicians | job_147
Tellers | job_148
Paperhangers | job_149
Correspondence clerks | job_150
Physical scientists, all other | job_151
Cementing and gluing machine operators and tenders | job_152
Bartenders | job_153
Miscellaneous Health Technologists and Technicians | job_154
Data entry keyers | job_155
Reservation and transportation ticket agents and travel clerks | job_156
Mechanical engineers | job_157
Special education teachers | job_158
Computer programmers | job_159"
"2406.17972v3.pdf","Table A.2.: List of numeric job titles and their corresponding English language job titles. (continued)

Job Title | Numerical Job Title
Health Practitioner Support Technologists and Technicians | job_117
Lathe and turning machine tool setters, operators, and tenders, metal and plastic | job_118
Purchasing agents and buyers, farm products | job_119
Crushing, grinding, polishing, mixing, and blending workers | job_120
Insurance underwriters | job_121
Real estate brokers and sales agents | job_122
Optometrists | job_123
Tool grinders, filers, and sharpeners | job_124
Urban and regional planners | job_125
Technical writers | job_126
Heating, air conditioning, and refrigeration mechanics and installers | job_127
Bus drivers | job_128
Homeappliance repairers | job_129
Cooks | job_130
Electrical and electronic engineers | job_131
Statisticians | job_132
Door-to-door sales workers, news and street vendors, and related workers | job_133
Office clerks, general | job_134
Financial managers | job_135
Molders and molding machine setters, operators, and tenders, metal and plastic | job_136
Grounds maintenance workers | job_137"
"2406.17972v3.pdf","Table A.2.: List of numeric job titles and their corresponding English language job titles. (continued) (cd.)

Job Title | Numerical Job Title
Machinists | job_071
Sales Representatives Services All Other | job_111
Psychologists | job_112
First-Line Supervisors of Protective Service Workers (All Other) | job_113
First-line supervisors/managers of personal service workers | job_114
Atmospheric and space scientists | job_115
Respiratory therapists | job_116"
"2406.17972v3.pdf","Table A.2.: List of numeric job titles and their corresponding English language job titles. (continued) (cd.)

Job Title | Numerical Job Title
Machinists | job_071
Materials engineers | job_091
Environmental scientists and geoscientists | job_092
Sales engineers | job_093
Prepress technicians and workers | job_094
Millwrights | job_095
Woodworkers (All Other) | job_096
First-Line Supervisors of Transportation and Material-Moving Machine and Vehicle | job_097
Operators | 
Licensed practical and licensed vocational nurses | job_098
Pharmacists | job_099
Operating engineers and other construction equipment operators | job_100
Shoe machine operators and tenders | job_101
Counselors | job_102
Bakers | job_103
Tour and travel guides | job_104
Refuse and recyclable material collectors | job_105
Forging machine setters, operators, and tenders, metal and plastic | job_106
Chemical processing machine setters, operators, and tenders | job_107
Bridge and lock tenders | job_108
Producers and directors | job_109
Grinding, Lapping, Polishing, and Buffing Machine Tool Setters, Operators, and Ten- | job_110
ders, Metal and Plastic |"
"2406.17972v3.pdf","Table A.2.: List of numeric job titles and their corresponding English language job titles. (continued)

Job Title | Numerical Job Title
Machinists | job_071
Dispatchers | job_072
Cement masons, concrete finishers, and terrazzo workers | job_073
Pressers, textile, garment, and related materials | job_074
Furniture finishers | job_075
Agricultural and food scientists | job_076
Purchasing agents, except wholesale, retail, and farm products | job_077
Billing and posting clerks and machine operators | job_078
Wholesale and retail buyers, except farm products | job_079
Locksmiths and safe repairers | job_080
Bus and truck mechanics and diesel engine specialists | job_081
Aircraft pilots and flight engineers | job_082
Humanresources assistants, except payroll and timekeeping | job_083
Helpers, construction trades | job_084
Credit authorizers, checkers, and clerks | job_085
First-line supervisors/managers of mechanics, installers, and repairers | job_086
Medical records and health information technicians | job_087
Computer control programmers and operators | job_088
Education administrators | job_089
Earth drillers, except oil and gas | job_090"
"2406.17972v3.pdf","Table A.2.: List of numeric job titles and their corresponding English language job titles. (continued) (cd.)

Job Title | Numerical Job Title
Carpenters | job_023
Ship and boat captains and operators | job_064
Writers and authors | job_065
Electric motor, power tool, and related repairers | job_066
Paper goods machine setters, operators, and tenders | job_067
Cleaning, washing, and metal pickling equipment operators and tenders | job_068 job_069
Payroll and timekeeping clerks | job_070
Archivists, curators, and museum technicians |"
"2406.17972v3.pdf","Table A.2.: List of numeric job titles and their corresponding English language job titles. (continued) (cd.)

Job Title | Numerical Job Title
Carpenters | job_023
First-line supervisors/managers of housekeeping and janitorial workers | job_044
Cashiers | job_045
Surveyors, cartographers, and photogrammetrists | job_046
Emergency Management Directors | job_047
Food servers, nonrestaurant | job_048
Animal breeders | job_049
Septic tank servicers and sewer pipe cleaners | job_050
Receptionists and information clerks | job_051
Proofreaders and copy markers | job_052
Recreational therapists | job_053
Transportation, storage, and distribution managers | job_054
Agents and business managers of artists, performers, and athletes | job_055
Couriers and messengers | job_056
Packaging and filling machine operators and tenders | job_057
Security Guards and Gaming Surveillance Officers | job_058
Electronic equipment installers and repairers, motor vehicles | job_059
Sociologists | job_060
Miscellaneous plant and system operators | job_061
Preschool and kindergarten teachers | job_062
Weighers, measurers, checkers, and samplers, recordkeeping | job_063"
"2406.17972v3.pdf","Table A.2.: List of numeric job titles and their corresponding English language job titles. (continued)

Job Title | Numerical Job Title
Carpenters | job_023
Air Crew Officers | job_024
Roof bolters, mining | job_025
Dental hygienists | job_026
Maids and housekeeping cleaners | job_027
Miscellaneous Legal Support Workers | job_028
Biomedical engineers | job_029
Communications Equipment Operators All Other | job_030
Combined food preparation and serving workers, including fast food | job_031
Textile cutting machine setters, operators, and tenders | job_032
Chemists and materials scientists | job_033
Heat treating equipment setters, operators, and tenders, metal and plastic | job_034
Pipelayers, plumbers, pipefitters, and steamfitters | job_035
Food and tobacco roasting, baking, and drying machine operators and tenders | job_036
Physical therapists | job_037
Pest control workers | job_038
Brokerage clerks | job_039
Astronomers and physicists | job_040
Derrick, rotary drill, and service unit operators, oil, gas, and mining | job_041
Miscellaneous assemblers and fabricators | job_042
Private detectives and investigators | job_043"
"2406.17972v3.pdf","Table A.2.: List of numeric job titles and their corresponding English language job titles.

Job Title | Numerical Job Title
Transportation inspectors | job_000
In education | job_001
Bill and account collectors | job_002
Audiologists | job_003
Credit analysts | job_004
Web developers | job_005
Model makers and patternmakers, metal and plastic | job_006
Inspectors, testers, sorters, samplers, and weighers | job_007
Laundry and dry-cleaning workers | job_008
Radio and telecommunications equipment installers and repairers | job_009
Dancers and choreographers | job_010
Plasterers and stucco masons | job_011
Power plant operators, distributors, and dispatchers | job_012
Helpers-production workers | job_013
Electronic home entertainment equipment installers and repairers | job_014
Secondary school teachers | job_015
Structural metal fabricators and fitters | job_016
Civil engineers | job_017
Tool and die makers | job_018
Painting workers | job_019
Welding, soldering, and brazing workers | job_020
Nurse Practitioners | job_021
Agricultural and food science technicians | job_022"
"2406.17972v3.pdf","Table A.1.: List of occ1990dd codes and their corresponding job titles (continued)

occ1990dd | Job Title
89 | Health diagnosing and treating practitioners, all other
905 | Air Crew Officers
95 | Nurse Practitioners
96 | Pharmacists
97 | Dietitians and nutritionists
98 | Respiratory therapists
99 | Occupational therapist assistants and aides
999 | Special Code (occ1990dd=999)
education | In education
not_in_labor_force | Not in labor force
unemployed | Unemployed

Wecreate a set of numeric job titles in this paper to assess the impact of literal job titles on FT-LABOR-LLM's performance. Specifically, we first randomly permute the list of all job titles, then translate each literal job title into a numeric one ranging from job_001 to job_334 . Table A.2 lists the complete mapping from literal job titles to the numeric ones."
"2406.17972v3.pdf","occ1990dd | Job Title
757 | Chemical processing machine setters, operators, and tenders
825 | Railroad brake, signal, and switch operators
829 | Ship and boat captains and operators
83 | Medical scientists
834 | Bridge and lock tenders
84 | Physicians and surgeons
844 | Operating engineers and other construction equipment operators
848 | Crane and tower operators
85 | Dentists
853 | Dredge, excavating, and loading machine operators
859 | Shuttle car operators
86 | Veterinarians
865 | Helpers-installation, maintenance, and repair workers
866 | Helpers, construction trades
869 | Construction laborers
87 | Optometrists
873 | Helpers-production workers
875 | Refuse and recyclable material collectors
878 | Machine feeders and offbearers
88 | Podiatrists
885 | Service station attendants
887 | Cleaners of vehicles and equipment
888 | Packers and packagers, hand
889 | Septic tank servicers and sewer pipe cleaners"
"2406.17972v3.pdf","Table A.1.: List of occ1990dd codes and their corresponding job titles (continued)

occ1990dd | Job Title
757 | Chemical processing machine setters, operators, and tenders
76 | Physical scientists, all other
763 | Food and tobacco roasting, baking, and drying machine operators and tenders
764 | Cleaning, washing, and metal pickling equipment operators and tenders
765 | Paper goods machine setters, operators, and tenders
766 | Metal furnace and kiln operators and tenders
769 | Cutting workers
77 | Agricultural and food scientists
774 | Photographic process workers and processing machine operators
779 | Painting workers
78 | Biological scientists
783 | Welding, soldering, and brazing workers
785 | Miscellaneous assemblers and fabricators
789 | Painters, Transportation Equipment
79 | Conservation scientists and foresters
799 | Inspectors, testers, sorters, samplers, and weighers
8 | HumanResources Managers
803 | First-Line Supervisors of Transportation and Material-Moving Machine and Vehicle Operators
804 | Coin, vending, and amusement machine servicers and repairers
808 | Bus drivers
809 | Taxi drivers and chauffeurs
813 | Parking lot attendants
823 | Railroad conductors and yardmasters
824 | Locomotive engineers and operators"
"2406.17972v3.pdf","Table A.1.: List of occ1990dd codes and their corresponding job titles (continued) (cd.)

occ1990dd | Job Title
666 | Tailors, dressmakers, and sewers
743 | Textile cutting machine setters, operators, and tenders
744 | Sewing machine operators
745 | Shoe machine operators and tenders
747 | Pressers, textile, garment, and related materials
749 | Textile bleaching and dyeing machine operators and tenders
75 | Environmental scientists and geoscientists
753 | Cementing and gluing machine operators and tenders
754 | Packaging and filling machine operators and tenders
755 | Extruding and drawing machine setters, operators, and tenders, metal and plastic grinding, polishing, mixing, and blending workers
756 | Crushing,"
"2406.17972v3.pdf","Table A.1.: List of occ1990dd codes and their corresponding job titles (continued) (cd.)

occ1990dd | Job Title
666 | Tailors, dressmakers, and sewers
708 | Drilling and boring machine tool setters, operators, and tenders, metal and plastic
709 | Grinding, Lapping, Polishing, and Buffing Machine Tool Setters, Operators, and Ten- ders, Metal and Plastic
713 | Forging machine setters, operators, and tenders, metal and plastic
719 | Molders and molding machine setters, operators, and tenders, metal and plastic
723 | Plating and coating machine setters, operators, and tenders, metal and plastic
724 | Heat treating equipment setters, operators, and tenders, metal and plastic
727 | Sawing machine setters, operators, and tenders, wood
729 | Woodworking machine setters, operators, and tenders, except sawing
73 | Chemists and materials scientists
733 | Woodworkers (All Other)
734 | Printing Press Operators
736 | Prepress technicians and workers
738 | Textile winding, twisting, and drawing out machine setters, operators, and tenders
739 | Textile knitting and weaving machine setters, operators, and tenders
74 | Atmospheric and space scientists"
"2406.17972v3.pdf","Table A.1.: List of occ1990dd codes and their corresponding job titles (continued)

occ1990dd | Job Title
666 | Tailors, dressmakers, and sewers
668 | Upholsterers
669 | Shoe and leather workers and repairers
675 | Molders, shapers, and casters, except metal and plastic
677 | Opticians, dispensing
678 | Health Practitioner Support Technologists and Technicians
679 | Print Binding and Finishing Workers
68 | Statisticians
684 | Multiple machine tool setters, operators, and tenders, metal and plastic
686 | Butchers and other meat, poultry, and fish processing workers
687 | Bakers
688 | Food batchmakers
69 | Astronomers and physicists
694 | Water and liquid waste treatment plant and system operators
695 | Power plant operators, distributors, and dispatchers
696 | Stationary engineers and boiler operators
699 | Miscellaneous plant and system operators
7 | Financial managers
703 | Lathe and turning machine tool setters, operators, and tenders, metal and plastic
706 | Cutting, punching, andpress machine setters, operators, andtenders, metal andplas- tic
707 | Rolling machine setters, operators, and tenders, metal and plastic"
"2406.17972v3.pdf","Table A.1.: List of occ1990dd codes and their corresponding job titles (continued)

occ1990dd | Job Title
53 | Civil engineers
533 | Electronic equipment installers and repairers, motor vehicles
534 | Heating, air conditioning, and refrigeration mechanics and installers
535 | Precision instrument and equipment repairers
536 | Locksmiths and safe repairers
539 | Control and valve installers and repairers
543 | Elevator installers and repairers
544 | Millwrights
549 | Maintenance and repair workers, general
55 | Electrical and electronic engineers
558 | First-line supervisors/managers of construction trades and extraction workers
56 | Industrial engineers, including health and safety
563 | Carpet, floor, and tile installers and finishers
567 | Carpenters
57 | Mechanical engineers
573 | Drywall installers, ceiling tile installers, and tapers
575 | Electricians
577 | Electric motor, power tool, and related repairers
579 | Painters, construction and maintenance
583 | Paperhangers
584 | Plasterers and stucco masons
585 | Pipelayers, plumbers, pipefitters, and steamfitters
588 | Cement masons, concrete finishers, and terrazzo workers
589 | Glaziers
59 | Biomedical engineers
593 | Insulation workers
594 | Paving, surfacing, and tamping equipment operators
595 | Roofers
597 | Structural metal fabricators and fitters
598 | Earth drillers, except oil and gas
599 | Sheet metal workers
614 | Derrick, rotary drill, and service unit operators, oil, gas, and mining
615 | Explosives workers, ordnance handling experts, and blasters
616 | Mining machine operators
617 | Roof bolters, mining
628 | First-line supervisors/managers of production and operating workers
634 | Tool and die makers
637 | Machinists
64 | Web developers
643 | Boilermakers
644 | Tool grinders, filers, and sharpeners
645 | Model makers and patternmakers, metal and plastic
649 | Etchers and engravers
65 | Logisticians
653 | Lay-out workers, metal and plastic
657 | Cabinetmakers and bench carpenters
658 | Furniture finishers
66 | Actuaries"
"2406.17972v3.pdf","Table A.1.: List of occ1990dd codes and their corresponding job titles (continued) (cd.)

occ1990dd | Job Title
436 | Cooks
472 | Nonfarm animal caretakers
473 | Farmers, Ranchers, and other Agricultural Managers
475 | Animal breeders
479 | Miscellaneous agricultural workers
48 | Chemical engineers
488 | Graders and sorters, agricultural products
489 | Agricultural inspectors
496 | Forest and conservation workers
498 | Fishers and related fishing workers
503 | First-line supervisors/managers of mechanics, installers, and repairers
505 | Automotive service technicians and mechanics
507 | Bus and truck mechanics and diesel engine specialists
508 | Aircraft mechanics and service technicians
509 | Small engine mechanics
514 | Automotive glass installers and repairers
516 | Heavy vehicle and mobile equipment service technicians and mechanics
518 | Industrial and refractory machinery mechanics
519 | Maintenance workers, machinery
523 | Electronic home entertainment equipment installers and repairers
525 | Computer, automated teller, and office machine repairers
526 | Homeappliance repairers

Table A.1.: List of occ1990dd codes and their corresponding job titles (continued) (cd.)

occ1990dd | Job Title
436 | Cooks
527 | Radio and telecommunications equipment installers and repairers"
"2406.17972v3.pdf","Table A.1.: List of occ1990dd codes and their corresponding job titles (continued)

occ1990dd | Job Title
436 | Cooks
439 | Combined food preparation and serving workers, including fast food
44 | Aerospace engineers
444 | Food servers, nonrestaurant
445 | Dental assistants
447 | Phlebotomists
448 | First-line supervisors/managers of housekeeping and janitorial workers
45 | Materials engineers
450 | First-Line Supervisors of Landscaping and Lawn Service and Groundskeeping Work- ers
451 | Grounds maintenance workers
453 | Janitors and Cleaners Except Maids and Housekeeping Cleaners
455 | Pest control workers
457 | Barbers
458 | Miscellaneous personal appearance workers
459 | Miscellaneous entertainment attendants and related workers
461 | Tour and travel guides
462 | Ushers, lobby attendants, and ticket takers
464 | Baggage porters, bellhops, and concierges
466 | Recreation and fitness workers
467 | Motion picture projectionists
468 | Child care workers
469 | Hosts and hostesses, restaurant, lounge, and coffee shop
47 | Petroleum engineers
470 | First-line supervisors/managers of personal service workers
471 | Transportation inspectors"
"2406.17972v3.pdf","occ1990dd | Job Title
335 | File Clerks
378 | Bill and account collectors
379 | Office clerks, general
383 | Tellers
384 | Proofreaders and copy markers
385 | Data entry keyers
386 | Statistical assistants
387 | Teacher assistants
389 | Court, municipal, and license clerks
4 | Legislators
405 | Maids and housekeeping cleaners
408 | Laundry and dry-cleaning workers
415 | First-Line Supervisors of Protective Service Workers (All Other)
417 | Fire inspectors
418 | Private detectives and investigators
423 | First-line supervisors/managers of correctional officers
425 | Crossing guards
426 | Security Guards and Gaming Surveillance Officers
427 | Animal control workers
43 | Architects, except naval
433 | First-line supervisors/managers of food preparation and serving workers
434 | Bartenders
435 | Waiters and waitresses"
"2406.17972v3.pdf","Table A.1.: List of occ1990dd codes and their corresponding job titles (continued)

occ1990dd | Job Title
335 | File Clerks
336 | Brokerage clerks
337 | Bookkeeping, accounting, and auditing clerks
338 | Payroll and timekeeping clerks
34 | Agents and business managers of artists, performers, and athletes
344 | Billing and posting clerks and machine operators
346 | Postal service mail sorters, processors, and processing machine operators
347 | Office machine operators, except computer
348 | Switchboard operators, including answering service
349 | Communications Equipment Operators All Other
35 | Construction and building inspectors
354 | Postal service clerks
355 | Postal service mail carriers
356 | Mail clerks and mail machine operators, except postal service
357 | Couriers and messengers
359 | Dispatchers
36 | Compliance Officers
364 | Cargo and freight agents
365 | Stock clerks and order fillers
366 | Meter readers, utilities
368 | Weighers, measurers, checkers, and samplers, recordkeeping
37 | Emergency Management Directors
373 | Transportation, storage, and distribution managers
375 | Claims adjusters, appraisers, examiners, and investigators
376 | Loan interviewers and clerks
377 | Eligibility interviewers, government programs"
"2406.17972v3.pdf","Table A.1.: List of occ1990dd codes and their corresponding job titles (continued) (cd.)

occ1990dd | Job Title
205 | Medical records and health information technicians
329 | Library assistants, clerical
33 | Purchasing agents, except wholesale, retail, and farm products"
"2406.17972v3.pdf","Table A.1.: List of occ1990dd codes and their corresponding job titles (continued) (cd.)

occ1990dd | Job Title
205 | Medical records and health information technicians
255 | Securities, commodities, and financial services sales agents
256 | Advertising sales agents
258 | Sales engineers
26 | Management analysts
27 | Training and development specialists
274 | Sales Representatives Services All Other
275 | Telemarketers
276 | Cashiers
277 | Door-to-door sales workers, news and street vendors, and related workers
28 | Purchasing agents and buyers, farm products
283 | Models, demonstrators, and product promoters
29 | Wholesale and retail buyers, except farm products
303 | First-line supervisors/managers of office and administrative support workers
308 | Computer operators
313 | Secretaries and administrative assistants
315 | Desktop publishers
316 | Credit authorizers, checkers, and clerks
317 | Hotel, motel, and resort desk clerks
318 | Reservation and transportation ticket agents and travel clerks
319 | Receptionists and information clerks
326 | Correspondence clerks
328 | Humanresources assistants, except payroll and timekeeping"
"2406.17972v3.pdf","Table A.1.: List of occ1990dd codes and their corresponding job titles (continued)

occ1990dd | Job Title
205 | Medical records and health information technicians
206 | Diagnostic related technologists and technicians
207 | Licensed practical and licensed vocational nurses
208 | Miscellaneous Health Technologists and Technicians
214 | Engineering technicians, except drafters
217 | Drafters
218 | Surveyors, cartographers, and photogrammetrists
22 | Postmasters and mail superintendents
223 | Agricultural and food science technicians
224 | Chemical technicians
225 | Geological and petroleum technicians
226 | Aircraft pilots and flight engineers
227 | Air traffic controllers and airfield operations specialists
228 | Broadcast and sound engineering technicians and radio operators
229 | Computer programmers
23 | Accountants and auditors
233 | Computer control programmers and operators
234 | Miscellaneous Legal Support Workers
235 | Nuclear technicians
24 | Insurance underwriters
243 | First-line supervisors/managers of retail sales workers
25 | Credit analysts
253 | Insurance sales agents
254 | Real estate brokers and sales agents"
"2406.17972v3.pdf","Table A.1.: List of occ1990dd codes and their corresponding job titles.

occ1990dd | Job Title
103 | Physical therapists
104 | Audiologists
105 | Recreational therapists
106 | Physician assistants
13 | Public relations managers
14 | Education administrators
15 | Medical and health services managers
154 | Business Teachers Postsecondary
155 | Preschool and kindergarten teachers
156 | Elementary and middle school teachers
157 | Secondary school teachers
158 | Special education teachers
159 | Adult Basic and Secondary Education and Literacy Teachers and Instructors
163 | Counselors
164 | Librarians
165 | Archivists, curators, and museum technicians
166 | Market research analysts and marketing specialists
167 | Psychologists
169 | Sociologists
173 | Urban and regional planners
174 | Social workers
176 | Clergy
177 | Probation Officers and Correctional Treatment Specialists
178 | Lawyers, Judges, magistrates, and other judicial workers
18 | Property, real estate, and community association managers
183 | Writers and authors
184 | Technical writers
185 | Designers
186 | Musicians, singers, and related workers
187 | Producers and directors
188 | Artists and related workers
189 | Photographers
19 | Morticians, Undertakers, and Funeral Directors
193 | Dancers and choreographers
194 | Miscellaneous media and communication workers
195 | Television, video, and motion picture camera operators and editors
198 | Announcers
199 | Athletes, coaches, umpires, and related workers
203 | Clinical laboratory technologists and technicians
204 | Dental hygienists"
"2406.17972v3.pdf","ONLINE APPENDICES

APPENDIX A: OCCUPATION TITLE TABLES

Table A.1 provides a mapping from the occupation codes in the occ1990dd scheme, as well as the employment statuses 'unemployed', 'out-of-labor-force', and 'in education', to the job titles used in our paper."
"2406.17972v3.pdf","Yin, Qingyu, Xuzheng He, Luoao Deng, Chak Tou Leong, Fan Wang, Yanzhao Yan, Xiaoyu Shen, and Qiang Zhang (2024), 'Deeper insights without updates: The power of in-context learning over fine-tuning.' arXiv preprint arXiv:2410.04691 . [7]

Zhang, Denghui, Junming Liu, Hengshu Zhu, Yanchi Liu, Lichen Wang, Pengyang Wang, and Hui Xiong (2019), 'Job2vec: Job title benchmarking with collective multi-view representation learning.' In Proceedings of the 28th ACM International Conference on Information and Knowledge Management , 2763-2771. [6]

Zhang, Di, Wei Liu, Qian Tan, Jingdan Chen, Hang Yan, Yuliang Yan, Jiatong Li, Weiran Huang, Xiangyu Yue, Wanli Ouyang, Dongzhan Zhou, Shufei Zhang, Mao Su, Han-Sen Zhong, and Yuqiang Li (2024), 'ChemLLM: A Chemical Large Language Model.' URL http://arxiv.org/abs/2402.06852. ArXiv:2402.06852 [cs]. [7]

Zhang, Le, Ding Zhou, Hengshu Zhu, Tong Xu, Rui Zha, Enhong Chen, and Hui Xiong (2021), 'Attentive Heterogeneous Graph Embedding for Job Mobility Prediction.' In Proceedings of the 27th ACM SIGKDD Conference on Knowledge Discovery & Data Mining , 2192-2201, ACM, Virtual Event Singapore, URL https://dl.acm.org/doi/10.1145/ 3447548.3467388. [6]"
"2406.17972v3.pdf","Vafa, Keyon, Emil Palikot, Tianyu Du, Ayush Kanodia, Susan Athey, and David M. Blei (2024), 'CAREER: A Foundation Model for Labor Sequence Data.' URL http://arxiv.org/ abs/2202.08370. ArXiv:2202.08370 [cs, econ]. [1, 2, 3, 4, 5, 6, 13, 18, 19, 20, 24, 37, 38, 55, 57, 58, 60]

Wachter, Till Von (2020), 'The persistent effects of initial labor market conditions for young adults and their sources.' Journal of Economic Perspectives , 34 (4), 168-194. [16]

Wei, Jason, Maarten Bosma, Vincent Y. Zhao, Kelvin Guu, Adams Wei Yu, Brian Lester, Nan Du, Andrew M. Dai, and Quoc V. Le (2022), 'Finetuned Language Models Are ZeroShot Learners.' URL http://arxiv.org/abs/2109.01652. ArXiv:2109.01652 [cs]. [6]

Wu, Mike, Noah Goodman, Chris Piech, and Chelsea Finn (2021), 'Prototransformer: A meta-learning approach to providing student feedback.' arXiv preprint arXiv:2107.14035 . [3]

Yi, Zihao, Jiarui Ouyang, Yuwen Liu, Tianhao Liao, Zhe Xu, and Ying Shen (2024), 'A Survey on Recent Advances in LLM-Based Multi-turn Dialogue Systems.' URL http: //arxiv.org/abs/2402.18013. ArXiv:2402.18013 [cs]. [7]"
"2406.17972v3.pdf","Touvron, Hugo, Louis Martin, Kevin Stone, Peter Albert, Amjad Almahairi, Yasmine Babaei, Nikolay Bashlykov, Soumya Batra, Prajjwal Bhargava, Shruti Bhosale, Dan Bikel, Lukas Blecher, Cristian Canton Ferrer, Moya Chen, Guillem Cucurull, David Esiobu, Jude Fernandes, Jeremy Fu, Wenyin Fu, Brian Fuller, Cynthia Gao, Vedanuj Goswami, Naman Goyal, Anthony Hartshorn, Saghar Hosseini, Rui Hou, Hakan Inan, Marcin Kardas, Viktor Kerkez, Madian Khabsa, Isabel Kloumann, Artem Korenev, Punit Singh Koura, Marie-Anne Lachaux, Thibaut Lavril, Jenya Lee, Diana Liskovich, Yinghai Lu, Yuning Mao, Xavier Martinet, Todor Mihaylov, Pushkar Mishra, Igor Molybog, Yixin Nie, Andrew Poulton, Jeremy Reizenstein, Rashi Rungta, Kalyan Saladi, Alan Schelten, Ruan Silva, Eric Michael Smith, Ranjan Subramanian, Xiaoqing Ellen Tan, Binh Tang, Ross Taylor, Adina Williams, Jian Xiang Kuan, Puxin Xu, Zheng Yan, Iliyan Zarov, Yuchen Zhang, Angela Fan, Melanie Kambadur, Sharan Narang, Aurelien Rodriguez, Robert Stojnic, Sergey Edunov, and Thomas Scialom (2023), 'Llama 2: Open Foundation and Fine-Tuned Chat Models.' URL http://arxiv.org/abs/2307.09288. ArXiv:2307.09288 [cs]. [19, 45]"
"2406.17972v3.pdf","Stevens, Ann Huff (1994), 'The dynamics of poverty spells: Updating bane and ellwood.' The American Economic Review , 84 (2), 34-37. [2]

Survey Research Center, Institute for Social Research, University of Michigan (2024), 'Panel study of income dynamics, public use dataset.' Produced and distributed by the Survey Research Center, Institute for Social Research, University of Michigan, Ann Arbor, MI. [4, 53]

Taylor, Ross, Marcin Kardas, Guillem Cucurull, Thomas Scialom, Anthony Hartshorn, Elvis Saravia, Andrew Poulton, Viktor Kerkez, and Robert Stojnic (2022), 'Galactica: A Large Language Model for Science.' URL http://arxiv.org/abs/2211.09085. ArXiv:2211.09085 [cs, stat]. [7]"
"2406.17972v3.pdf","Savcisens, Germans, Tina Eliassi-Rad, Lars Kai Hansen, Laust Hvas Mortensen, Lau Lilleholt, Anna Rogers, Ingo Zettler, and Sune Lehmann (2024), 'Using sequences of lifeevents to predict human lives.' Nature Computational Science , 4 (1), 43-56. [3]

Schmidt, Peter and Robert P . Strauss (1975), 'The Prediction of Occupation Using Multiple Logit Models.' International Economic Review , 16 (2), 471-486, URL https://www. jstor.org/stable/2525826. Publisher: [Economics Department of the University of Pennsylvania, Wiley, Institute of Social and Economic Research, Osaka University]. [6]

Singhal, Karan, Shekoofeh Azizi, Tao Tu, S. Sara Mahdavi, Jason Wei, Hyung Won Chung, Nathan Scales, Ajay Tanwani, Heather Cole-Lewis, Stephen Pfohl, Perry Payne, Martin Seneviratne, Paul Gamble, Chris Kelly, Nathaneal Scharli, Aakanksha Chowdhery, Philip Mansfield, Blaise Aguera y Arcas, Dale Webster, Greg S. Corrado, Yossi Matias, Katherine Chou, Juraj Gottweis, Nenad Tomasev, Yun Liu, Alvin Rajkomar, Joelle Barral, Christopher Semturs, Alan Karthikesalingam, and Vivek Natarajan (2022), 'Large Language Models Encode Clinical Knowledge.' URL http://arxiv.org/abs/2212.13138. ArXiv:2212.13138 [cs]. [7]"
"2406.17972v3.pdf","Reimers, Nils and Iryna Gurevych (2019), 'Sentence-BERT: Sentence embeddings using Siamese BERT-networks.' In Proceedings of the 2019 Conference on Empirical Methods in Natural Language Processing and the 9th International Joint Conference on Natural Language Processing (EMNLP-IJCNLP) (Kentaro Inui, Jing Jiang, Vincent Ng, and Xiaojun Wan, eds.), 3982-3992, Association for Computational Linguistics, Hong Kong, China, URL https://aclanthology.org/D19-1410. [7]

Rives, Alexander, Joshua Meier, Tom Sercu, Siddharth Goyal, Zeming Lin, Jason Liu, Demi Guo, Myle Ott, C. Lawrence Zitnick, Jerry Ma, and Rob Fergus (2021), 'Biological structure and function emerge from scaling unsupervised learning to 250 million protein sequences.' Proceedings of the National Academy of Sciences of the United States of America , 118 (15), e2016239118. [7]

Santurkar, Shibani, Esin Durmus, Faisal Ladhak, Cinoo Lee, Percy Liang, and Tatsunori Hashimoto (2023), 'Whose Opinions Do Language Models Reflect?' URL http://arxiv. org/abs/2303.17548. ArXiv:2303.17548 [cs]. [7]"
"2406.17972v3.pdf","Maharjan, Jenish, Anurag Garikipati, Navan Preet Singh, Leo Cyrus, Mayank Sharma, Madalina Ciobanu, Gina Barnes, Rahul Thapa, Qingqing Mao, and Ritankar Das (2024), 'Openmedlm: prompt engineering can out-perform fine-tuning in medical questionanswering with open-source large language models.' Scientific Reports , 14 (1), 14156. [7]

Meng, Qingxin, Hengshu Zhu, Keli Xiao, Le Zhang, and Hui Xiong (2019), 'A Hierarchical Career-Path-Aware Neural Network for Job Mobility Prediction.' In Proceedings of the 25th ACM SIGKDD International Conference on Knowledge Discovery & Data Mining , KDD '19, 14-24, Association for Computing Machinery, New York, NY, USA, URL https://dl.acm.org/doi/10.1145/3292500.3330969. [6]

Radford, Alec, Jong Wook Kim, Chris Hallacy, Aditya Ramesh, Gabriel Goh, Sandhini Agarwal, Girish Sastry, Amanda Askell, Pamela Mishkin, Jack Clark, et al. (2021), 'Learning transferable visual models from natural language supervision.' In International conference on machine learning , 8748-8763, PMLR. [3]"
"2406.17972v3.pdf","Jin, Ming, Shiyu Wang, Lintao Ma, Zhixuan Chu, James Y Zhang, Xiaoming Shi, Pin-Yu Chen, Yuxuan Liang, Yuan-Fang Li, Shirui Pan, and Qingsong Wen (2024), 'TIME-LLM: TIMESERIESFORECASTINGBYREPROGRAMMINGLARGELANGUAGEMODELS.' [7]

Kaplan, Jared, Sam McCandlish, Tom Henighan, Tom B Brown, Benjamin Chess, Rewon Child, Scott Gray, Alec Radford, Jeffrey Wu, and Dario Amodei (2020), 'Scaling laws for neural language models.' arXiv preprint arXiv:2001.08361 . [5]

Lersch, Philipp M., Wiebke Schulz, and George Leckie (2020), 'The variability of occupational attainment: How prestige trajectories diversified within birth cohorts over the twentieth century.' American Sociological Review , 85 (6), 1084-1116, URL https: //doi.org/10.1177/0003122420966324. [16]

Li, Liangyue, How Jing, Hanghang Tong, Jaewon Yang, Qi He, and Bee-Chung Chen (2017), 'NEMO: Next Career Move Prediction with Contextual Embedding.' In Proceedings of the 26th International Conference on World Wide Web Companion , WWW '17 Companion, 505-513, International World Wide Web Conferences Steering Committee, Republic and Canton of Geneva, CHE, URL https://dl.acm.org/doi/10.1145/3041021. 3054200. [6]"
"2406.17972v3.pdf","Geng, Shijie, Shuchang Liu, Zuohui Fu, Yingqiang Ge, and Yongfeng Zhang (2022), 'Recommendation as Language Processing (RLP): A Unified Pretrain, Personalized Prompt & Predict Paradigm (P5).' In Proceedings of the 16th ACM Conference on Recommender Systems , RecSys '22, 299-315, Association for Computing Machinery, New York, NY, USA, URL https://dl.acm.org/doi/10.1145/3523227.3546767. [7]

Hall, Robert E., Aaron Gordon, and Charles Holt (1972), 'Turnover in the Labor Force.' Brookings Papers on Economic Activity , 1972 (3), 709, URL https://www.jstor.org/stable/ 2534130?origin=crossref. [2, 6]

He, Miao, Xiaoming Zhan, Dayong Shen, Yuanyuan Zhu, Hua Zhao, and Renjie He (2021), 'What about your next job? predicting professional career trajectory using neural networks.' In Proceedings of the 2021 4th International Conference on Machine Learning and Machine Intelligence , 184-189. [6]

Jin, Hongpeng, Wenqi Wei, Xuyu Wang, Wenbin Zhang, and Yanzhao Wu (2023), 'Rethinking learning rate tuning in the era of large language models.' In 2023 IEEE 5th International Conference on Cognitive Machine Intelligence (CogMI) , 112-121, IEEE. [45]"
"2406.17972v3.pdf","Cortes, Guido Matias (2016), 'Where have the middle-wage workers gone? a study of polarization using panel data.' Journal of Labor Economics , 34 (1), 63-105. [2]

de Ruijt, Corné and Sandjai Bhulai (2021), 'Job Recommender Systems: A Review.' URL http://arxiv.org/abs/2111.13576. ArXiv:2111.13576 [cs]. [2]

Dettmers, Tim, Artidoro Pagnoni, Ari Holtzman, and Luke Zettlemoyer (2023), 'QLoRA: Efficient Finetuning of Quantized LLMs.' URL http://arxiv.org/abs/2305. 14314. ArXiv:2305.14314 [cs]. [42]

Dong, Guanting, Hongyi Yuan, Keming Lu, Chengpeng Li, Mingfeng Xue, Dayiheng Liu, Wei Wang, Zheng Yuan, Chang Zhou, and Jingren Zhou (2023), 'How abilities in large language models are affected by supervised fine-tuning data composition.' arXiv preprint arXiv:2310.05492 . [5]

Faria-e Castro, Miguel and Fernando Leibovici (2024), 'Artificial intelligence and inflation forecasts.' Federal Reserve Bank of St. Louis Working Paper 2023 , 15. [7]"
"2406.17972v3.pdf","Bureau of Labor Statistics, U.S. Department of Labor (2024), 'National longitudinal survey of youth 1997 cohort, 1997-2021 (rounds 1-20).' [4]

Chen, Mark, Jerry Tworek, Heewoo Jun, Qiming Yuan, Henrique Ponde de Oliveira Pinto, Jared Kaplan, Harri Edwards, Yuri Burda, Nicholas Joseph, Greg Brockman, Alex Ray, Raul Puri, Gretchen Krueger, Michael Petrov, Heidy Khlaaf, Girish Sastry, Pamela Mishkin, Brooke Chan, Scott Gray, Nick Ryder, Mikhail Pavlov, Alethea Power, Lukasz Kaiser, Mohammad Bavarian, Clemens Winter, Philippe Tillet, Felipe Petroski Such, Dave Cummings, Matthias Plappert, Fotios Chantzis, Elizabeth Barnes, Ariel HerbertVoss, William Hebgen Guss, Alex Nichol, Alex Paino, Nikolas Tezak, Jie Tang, Igor Babuschkin, Suchir Balaji, Shantanu Jain, William Saunders, Christopher Hesse, Andrew N. Carr, Jan Leike, Josh Achiam, Vedant Misra, Evan Morikawa, Alec Radford,

Matthew Knight, Miles Brundage, Mira Murati, Katie Mayer, Peter Welinder, Bob McGrew, Dario Amodei, Sam McCandlish, Ilya Sutskever, and Wojciech Zaremba (2021), 'Evaluating Large Language Models Trained on Code.' URL http://arxiv.org/abs/2107. 03374. ArXiv:2107.03374 [cs]. [7]"
"2406.17972v3.pdf","Boskin, Michael J. (1974), 'A Conditional Logit Model of Occupational Choice.' Journal of Political Economy , 82 (2, Part 1), 389-398, URL https://www.journals.uchicago.edu/ doi/abs/10.1086/260198. Publisher: The University of Chicago Press. [2, 6]

Brown, Tom B., Benjamin Mann, Nick Ryder, Melanie Subbiah, Jared Kaplan, Prafulla Dhariwal, Arvind Neelakantan, Pranav Shyam, Girish Sastry, Amanda Askell, Sandhini Agarwal, Ariel Herbert-Voss, Gretchen Krueger, Tom Henighan, Rewon Child, Aditya Ramesh, Daniel M. Ziegler, Jeffrey Wu, Clemens Winter, Christopher Hesse, Mark Chen, Eric Sigler, Mateusz Litwin, Scott Gray, Benjamin Chess, Jack Clark, Christopher Berner, Sam McCandlish, Alec Radford, Ilya Sutskever, and Dario Amodei (2020), 'Language models are few-shot learners.' URL https://arxiv.org/abs/2005.14165. [7]

Bucher, Martin Juan José and Marco Martini (2024), 'Fine-tuned'small'llms (still) significantly outperform zero-shot generative ai models in text classification.' arXiv preprint arXiv:2406.08660 . [5]

Bureau of Labor Statistics, U.S. Department of Labor (2023), 'National longitudinal survey of youth 1979 cohort, 1979-2020 (rounds 1-29).' [4]"
"2406.17972v3.pdf","Jurafsky, Pratyusha Kalluri, Siddharth Karamcheti, Geoff Keeling, Fereshte Khani, Omar Khattab, Pang Wei Koh, Mark Krass, Ranjay Krishna, Rohith Kuditipudi, Ananya Kumar, Faisal Ladhak, Mina Lee, Tony Lee, Jure Leskovec, Isabelle Levent, Xiang Lisa Li, Xuechen Li, Tengyu Ma, Ali Malik, Christopher D. Manning, Suvir Mirchandani, Eric Mitchell, Zanele Munyikwa, Suraj Nair, Avanika Narayan, Deepak Narayanan, Ben Newman, Allen Nie, Juan Carlos Niebles, Hamed Nilforoshan, Julian Nyarko, Giray Ogut, Laurel Orr, Isabel Papadimitriou, Joon Sung Park, Chris Piech, Eva Portelance, Christopher Potts, Aditi Raghunathan, Rob Reich, Hongyu Ren, Frieda Rong, Yusuf Roohani, Camilo Ruiz, Jack Ryan, Christopher Ré, Dorsa Sadigh, Shiori Sagawa, Keshav Santhanam, Andy Shih, Krishnan Srinivasan, Alex Tamkin, Rohan Taori, Armin W. Thomas, Florian Tramèr, Rose E. Wang, William Wang, Bohan Wu, Jiajun Wu, Yuhuai Wu, Sang Michael Xie, Michihiro Yasunaga, Jiaxuan You, Matei Zaharia, Michael Zhang, Tianyi Zhang, Xikun Zhang, Yuhui Zhang, Lucia Zheng, Kaitlyn Zhou, and Percy Liang (2022), 'On the Opportunities and Risks of Foundation Models.' URL http://arxiv.org/abs/2108.07258. ArXiv:2108.07258 [cs]. [3]"
"2406.17972v3.pdf","Bommasani, Rishi, Drew A. Hudson, Ehsan Adeli, Russ Altman, Simran Arora, Sydney von Arx, Michael S. Bernstein, Jeannette Bohg, Antoine Bosselut, Emma Brunskill, Erik Brynjolfsson, Shyamal Buch, Dallas Card, Rodrigo Castellon, Niladri Chatterji, Annie Chen, Kathleen Creel, Jared Quincy Davis, Dora Demszky, Chris Donahue, Moussa Doumbouya, Esin Durmus, Stefano Ermon, John Etchemendy, Kawin Ethayarajh, Li Fei-Fei, Chelsea Finn, Trevor Gale, Lauren Gillespie, Karan Goel, Noah Goodman, Shelby Grossman, Neel Guha, Tatsunori Hashimoto, Peter Henderson, John Hewitt, Daniel E. Ho, Jenny Hong, Kyle Hsu, Jing Huang, Thomas Icard, Saahil Jain, Dan"
"2406.17972v3.pdf","Autor, David H and David Dorn (2013), 'The growth of low-skill service jobs and the polarization of the us labor market.' American economic review , 103 (5), 1553-1597. [8, 15, 55, 57, 58]

Bao, Keqin, Jizhi Zhang, Yang Zhang, Wenjie Wang, Fuli Feng, and Xiangnan He (2023), 'Tallrec: An effective and efficient tuning framework to align large language model with recommendation.' In Proceedings of the 17th ACM Conference on Recommender Systems , 1007-1014. [7]

Blau, David M. and Regina T. Riphahn (1999), 'Labor force transitions of older married couples in Germany.' Labour Economics , 6 (2), 229-252, URL https://www. sciencedirect.com/science/article/pii/S0927537199000172. [6]"
"2406.17972v3.pdf","REFERENCES

Agostinelli, Andrea, Timo I. Denk, Zalán Borsos, Jesse Engel, Mauro Verzetti, Antoine Caillon, Qingqing Huang, Aren Jansen, Adam Roberts, Marco Tagliasacchi, Matt Sharifi, Neil Zeghidour, and Christian Frank (2023), 'MusicLM: Generating Music From Text.' URL http://arxiv.org/abs/2301.11325. ArXiv:2301.11325 [cs, eess]. [7]

Argyle, Lisa P ., Ethan C. Busby, Nancy Fulda, Joshua R. Gubler, Christopher Rytting, and David Wingate (2023), 'Out of One, Many: Using Language Models to Simulate Human Samples.' Political Analysis , 31 (3), 337-351, URL https://www.cambridge.org/ core/product/identifier/S1047198723000025/type/journal_article. [7]

Athey, Susan, Niall Keleher, and Jann Spiess (2023), 'Machine learning who to nudge: causal vs predictive targeting in a field experiment on student financial aid renewal.' arXiv preprint arXiv:2310.08672 . [2]

Athey, Susan, Julie Tibshirani, and Stefan Wager (2018), 'Generalized Random Forests.' URL http://arxiv.org/abs/1610.01271. ArXiv:1610.01271 [econ, stat]. [52]"
"2406.17972v3.pdf","N.5 Combined data sources

Once pre-processed, the PSID81, NLSY79, and NLSY97 datasets are used to construct the input files to fine-tune all predictive models included in this project on their career trajectory data and covariates. For this purpose, each dataset is divided into three subdatasets: training, validation and test. The construction of the datasets for this stage follows Vafa et al. (2024). The resumes or sequences of jobs are prepared into individual

data files for the split they correspond to. That is, the resume data resulting from PSID81, NLSY79, and NLSY97 is structured as 'train.job,' 'valid.job,' and 'test.job.' In each file, each row corresponds to one individual in the sample, and jobs are designated using a classification code, such as O*NET or occ1990dd. Each covariate included in the dataset follows the same structure, and it should have the same number of rows as the job file associated, corresponding to the same group of individuals. Note that the covariate 'birth years' is not included to fine-tune the CAREER-LLM model."
"2406.17972v3.pdf","TABLE N.1. Share of observations with different demographic characteristics.

| PSID81.Individual | PSID81.Transition | NLSY79.Individual | NLSY79.Transition | NLSY97.Individual | NLSY97.Transition
Gender |  |  |  |  |  | 
Female | 50.5% | 54.2% | 49.7% | 51.6% | 48.8% | 50.3%
Male | 49.5% | 45.8% | 50.3% | 48.4% | 51.2% | 49.7%
Ethnicity |  |  |  |  |  | 
Black | - | - | 25.1% | 28.1% | - | -
Black or African-American | 34.5% | 32.1% | - | - | 26.0% | 26.9%
Hispanic | - | - | 16.0% | 17.9% | - | -
Hispanic or Latino | - | - | - | - | 21.2% | 21.3%
Mixed-Race Non-Hispanic | - | - | - | - | 0.9% | 0.9%
Non-Black Non-Hispanic | - | - | 58.9% | 54.1% | 51.9% | 50.9%
Other or Unknown | 6.1% | 3.1% | - | - | - | -
White | 59.4% | 64.7% | - | - | - | -
Region |  |  |  |  |  | 
Northcentral | 24.2% | 25.8% | 23.8% | 25.2% | 22.8% | 22.8%
Northeast | 13.7% | 15.4% | 20.4% | 19.2% | 17.6% | 17.3%
South | 43.9% | 41.8% | 36.7% | 37.0% | 37.4% | 37.8%
West | 18.2% | 17.1% | 19.1% | 18.6% | 22.2% | 22.1%"
"2406.17972v3.pdf","Figure N.1 presents example job titles in a word cloud, weighted by their popularity. Each job title's font size is scaled proportionally to its frequency in the test sets of the three datasets (PSID81, NLSY79, NLSY97) combined, measured by the number of individual-year observations; thus, more prevalent occupations appear larger, highlighting their distribution within our labor market data."
"2406.17972v3.pdf","We match O*NET data for 335 job titles from career trajectories we built on survey data to further train LABOR-LLM models. O*NET variables included in this matching process are Skills, Knowledge, Abilities, Tasks, Interests, Work Styles, Work Activities, Work Values, and Related Job Titles. We use these variables to build textual representations based on the job description (which includes up to five descriptions from the closest matching SOC codes), categorical data (Skills through Work Values, calculating the average importance score for each variable across all matching SOC and selecting the top five), and Related Job Titles (sample up to five specific job titles from the closest matching SOC codes). We generate one text file for each job title in our dataset.

N.4 Summary Statistics

Table N.1 provides summary statistics by dataset for the demographic variables we use in our analysis. Recall that the demographics are assigned to be constant within our cleaned dataset even if they changed over time in the original survey data. Note further that the ethnicity encoding across datasets are slightly different."
"2410.07168v2.pdf","As shown in right two columns in Figure 6, the resulting features are more structured with phonemic granularity, showing prominent squares accurately aligned with the ground truth phoneme boundaries. Moreover, the detection scores are very high, at or over 0.9 (Table 14). Even though the ground truth boundaries are used in training, this is still surprising since sensitivity to boundaries

Table 14: Phoneme detection performance using ground truth phoneme segments as initial segmentation by different model weight initialization (SDHuBERT or HuBERT). Pr: precision, Re: recall, and R: R-value.

0 | 1 | 2 | 3 | 4 | 5
Initial Segmentation | Model Initialization | Pr ↑ | Re ↑ | F1 ↑ | R ↑
Phoneme Segment | SDHuBERT | 87.6 | 90.3 | 89.0 | 90.4
Phoneme Segment | HuBERT | 94.2 | 91.6 | 92.9 | 93.6

is not guaranteed as the training does not involve any categorization or contrastive objective. Also, unlike the syllable case, the model initialized with HuBERT shows higher performance than the one with SDHuBERT. This indicates that phonemic information is better encoded in HuBERT than SDHuBERT, which aligns with the original motivation behind SDHuBERT."
"2410.07168v2.pdf","ABSTRACT

Syllables are compositional units of spoken language that efficiently structure human speech perception and production. However, current neural speech representations lack such structure, resulting in dense token sequences that are costly to process. To bridge this gap, we propose a new model, Sylber, that produces speech representations with clean and robust syllabic structure. Specifically, we propose a self-supervised learning (SSL) framework that bootstraps syllabic embeddings by distilling from its own initial unsupervised syllabic segmentation. This results in a highly structured representation of speech features, offering three key benefits: 1) a fast, linear-time syllable segmentation algorithm, 2) efficient syllabic tokenization with an average of 4.27 tokens per second, and 3) novel phonological units suited for efficient spoken language modeling. Our proposed segmentation method is highly robust and generalizes to out-of-domain data and unseen languages without any tuning. By training token-to-speech generative models, fully intelligible speech can be reconstructed from Sylber tokens with a significantly lower bitrate than baseline SSL tokens. This suggests that our model effectively compresses speech into a compact sequence of tokens with minimal information loss. Lastly, we demonstrate that categorical perception-a linguistic phenomenon in speech perception-emerges naturally in Sylber, making the embedding space more categorical and sparse than previous speech features and thus supporting the high efficiency of our tokenization. Together, we present a novel SSL approach for representing speech as syllables, with significant potential for efficient speech tokenization and spoken language modeling."
"2410.07168v2.pdf","1 INTRODUCTION

Self-supervised learning (SSL) approaches have been successful in learning speech representations that encode rich speech contents useful for diverse speech downstream tasks (Baevski et al., 2020; Hsu et al., 2021; Hu et al., 2024; Mohamed et al., 2022; Yang et al., 2021). In particular, speech tokens obtained by quantizing SSL features are receiving attention for understanding and generating spoken language (Lakhotia et al., 2021; Kharitonov et al., 2021; Hassid et al., 2024; Lee et al., 2022; Zhang et al., 2023). Substantial evidence suggests that SSL features are highly phonetic (Hsu et al., 2021; Cho et al., 2023; 2024a; Choi et al., 2024), which suggests that these quantized tokens are sub-phonemic units that densely tile the phonetic space (Sicherman & Adi, 2023). While capturing fine-grained speech contents, most existing speech tokenization approaches yield high frequency tokens (25-75 Hz), resulting in a long sequence of tokens to be processed. As prevailing attention based neural networks (Vaswani, 2017) have a quadratic cost with respect to sequence length, it becomes infeasible to process longer sequences with phoneme-level granularity."
"2410.07168v2.pdf","A major bottleneck of the inefficiency in modeling spoken language is a lack of structure in current neural speech representations. Unlike text, there is no clear delimiter nor orthographic symbol in speech audio, which are crucial in efficient and scalable processing as evidenced in the text domain. However, human speech perception is structured as being segmented (Greenberg, 1998; Oganian & Chang, 2019; Gong et al., 2023) and categorical (Liberman et al., 1957; Pisoni, 1973; Pisoni &

Correspondence to: Cheol Jun Cho <cheoljun@berkeley.edu> , Gopala K. Anumanchipalli <gopala@berkeley.edu>

Lazarus, 1974). We argue that the machine representation of speech should resemble these cognitive structures to allow similar efficiency as text processing. A natural segmented structure of speech is a syllable, which organizes speech sounds in time (MacNeilage, 1998; Greenberg, 1998), and ideally, the embedding of a syllable should represent contents in a categorical way to be symbolized efficiently."
"2410.07168v2.pdf","To this end, we propose a novel SSL framework that induces clean and robust syllabic structures in speech representations. Specifically, we build on top of a previous self-supervised syllable learning model, SDHuBERT (Cho et al., 2024b), and iteratively refine the syllabic segments that naturally arise from the model. Unlike the original model, which induces syllable structure as a byproduct of sentence-level SSL, we directly impose syllabic structures by regressing features against unsupervised syllable segments extracted from a teacher model which is initially set as the training model. We call the resulting model Sylber ( Syl la b ic e mbedding r epresentation). 1"
"2410.07168v2.pdf","The features from Sylber exhibit salient syllabic structure-showing a flat, consistent output within each segment and distinctive from other syllables (Figure 2, right). This enables a fast, linear time algorithm for segmenting these features. Moreover, this allows more accurate boundary detection and clustering that is more coherent with ground truth syllables than previous approaches. Syllabic tokens quantized from Sylber features show significantly lower frequency at an average of 4.27 token/second (Tok/s), and can be used to synthesize fully intelligible speech. 2 Furthermore, spoken language models based on syllabic tokens show comparable or better performance than the baselines with a similar resource setting, in learning lexicons and syntax."
"2410.07168v2.pdf","To test whether Sylber is categorical, we probe the embeddings of a continuum of speech samples that interpolate rhyming word pairs, inspired by linguistics (Liberman et al., 1957). We introduce the Discriminability Index (DI) to quantify the degree of categorical perception of a speech representation model. Surprisingly, we observe a transient boundary drawn in the middle of the continuum, showing the best DI across SSL models. This suggests that the learned features are discretized in embedding space, contributing to the high efficiency of our syllabic tokens. To the best of our knowledge, this is the first demonstration of the validity and effectiveness of speech tokenization at the syllable level, with a tight connection to linguistic theories."
"2410.07168v2.pdf","We summarize our contributions as follows:
· We propose Sylber , a novel SSL framework that imposes salient and robust syllabic structure in speech representation.
· Sylber outperforms previous approaches in syllable detection and discovery with a more efficient segmentation algorithm with O ( n ) time complexity.
· The syllable segmentation by Sylber is generalizable to noisy conversational speech and even to unseen languages (Spanish and Mandarin) while being trained only on English audiobook
· We use this model to build a new dynamic speech tokenization scheme that has significantly lower sampling rate as 4.27 Tok/s on average, 6-7 times improvement over HuBERT tokens.
· We demonstrate that fully intelligible speech can be reconstructed from syllabic tokens, and that these units are suited for lexical and syntactic understanding.
· We demonstrate that categorical perception arises in Sylber, projecting audio to a more categorical embedding space than previous SSL models."
"2410.07168v2.pdf","2 RELATED WORK

Self-supervised learning in speech Self-supervised learning (SSL) has been leveraged to learn rich representations from large, unlabeled speech corpora (Hsu et al., 2021; Baevski et al., 2020; Chen et al., 2022; Chung et al., 2021; Mohamed et al., 2022). Notably, HuBERT (Hsu et al., 2021) and WavLM (Chen et al., 2022) are pretrained using masked prediction on audio signals in order to extract representations on the audio for each frame. These SSL techniques typically extract representations at a fixed frame rate at 50 Hz, which is fairly finegrained and suggests that these repre-

1 The code is available here: https://github.com/Berkeley-Speech-Group/sylber .

2 Audio samples are at https://berkeley-speech-group.github.io/sylber .

sentations are highly correlated with sub-phonemic structures (Hsu et al., 2021; Cho et al., 2023; Abdullah et al., 2023; Sicherman & Adi, 2023; Baevski et al., 2021)."
"2410.07168v2.pdf","Speech tokenization Clustering and/or quantizing these SSL representations can provide speech tokens that are used for acoustic unit discovery (Hallap et al., 2022), speech recognition (Baevski et al., 2021; Chang et al., 2024), speech synthesis (Polyak et al., 2021; Hassid et al., 2024), language modeling (Lakhotia et al., 2021; Borsos et al., 2022; Hassid et al., 2024; Zhang et al., 2023), and translation (Lee et al., 2022; Li et al., 2023). However, these tokens severely suffer from high sampling rates, which makes the downstream models hard to scale, and struggle to learn long-range dependencies and higher-level linguistic structures due to the lack of explicit word boundaries and longer sequences. These caveats can be greatly improved by tokenizing speech at syllable-level granularity, yielding far shorter token lengths than the existing methods. For example, in English, the typical speaking rate is 4-6 syllables per second."
"2410.07168v2.pdf","Syllabic structure in speech SSL Previous studies have demonstrated that syllabic structure can be induced by SSL (Peng et al., 2023; Cho et al., 2024b; Komatsu & Shinozaki, 2024). Peng et al. (2023) shows that syllabic structure in SSL features can be induced by jointly training with images and spoken captions. SDHuBERT (Cho et al., 2024b) demonstrates that such syllabic induction can be free of other modalities, with a sentence-level SSL. Komatsu & Shinozaki (2024) combined frame-wise distillation with speaker augmentation to derive syllabic segments. All these methods then utilize an agglomeration algorithm on top of the learned features to infer syllable boundaries, and extract syllable embeddings by averaging frames within detected segments. However, these previous studies induce syllabic structures in indirect ways, resulting in noisy syllable boundaries. Moreover, it is unclear whether the discovered syllables are valid speech representations or tokens. Here, our approach greatly improves the quality of the segments, and we first demonstrate the efficacy and validity of syllabic tokens through various experiments."
"2410.07168v2.pdf","3 METHODS

3.1 SELF-SEGMENTATION DISTILLATION

Sylber is trained by a novel SSL framework, selfsegmentation distillation, that imposes more explicit inductive bias of segment structure in feature representations by directly solving the speech segmentation problem (Figure 1). Specifically, we use SDHuBERT (Cho et al., 2024b) as a starting point, and leverage its unsupervised syllable segments as pseudo labels for segmentation. The target segment labels are continuous embeddings averaged across frames within each segment which are extracted from a teacher model. The teacher model is set as the initial student model and fixed during training, where we have two training stages-use the initial segments by SDHuBERT and its model weights; and update the teacher model and segments using the student model trained in the first stage."
"2410.07168v2.pdf","The loss objective is a frame-wise regression loss that minimizes the Mean Squared Error (MSE) between the output features at each frame and the target embeddings from the corresponding segment. Non-speech frames are regressed to zero, which are marked by norm thresholding by SDHuBERT (Cho et al., 2024b), and segments with low waveform amplitude (Appendix A.1.7). A formal definition of this distillation loss is described in Appendix A.1.1.

In addition to the distillation loss, we include a denoising objective similar to Chen et al. (2022) to improve robustness of the model, where 20% of the batch inputs for the student are mixed with environmental noise (Reddy et al., 2021) or other speech audio (Appendix A.1.3). This additional denoising is not a primary source of learning as a syllabic structure is readily visible without it, which is qualitatively shown in Appendix A.2.2. Furthermore, the model training is not sensitive to the choice of hyperparameters or model initialization (more discussed in Appendix A.2.6)."
"2410.07168v2.pdf","3.2 LINEAR TIME GREEDY SEGMENTATION ALGORITHM

The result of our self-segmentation distillation induces a framewise speech representation that exhibits a segmented structure as seen in the frame-wise similarity matrix (Figure 2, right). As we can see, our method produces a clean and robust segment structure that we can take advantage of to design a linear-time, greedy audio segmentation algorithm. The algorithm involves a monotonic agglomeration process where we sweep through each embedding and aggregate them into segments. While sweeping, the adjacent frames are merged together into a segment as long as their cosine similarity goes above a predefined merge threshold. The frames with L2 norm lower than a norm threshold are regarded as non-speech, and terminate agglomerating whenever encountered while sweeping. The greedy segmentation algorithm can sometimes make some errors by shifting some frames. Therefore, an additional pass is used to locally refine the boundaries by maximizing similarities between frames and assigned segments. See Appendix A.1.2 for details."
"2410.07168v2.pdf","Each one of these steps can be implemented with O ( n ) complexity, so the entire segmentation algorithm has linear complexity with respect to the audio sequence length. This allows fast online segmentation and is significantly more efficient than previous segmentation approaches (Peng et al. (2023); Cho et al. (2024b); Komatsu & Shinozaki (2024)) which all have O ( n 2 ) complexity as shown in Table 1. In Section 5.1, we show that this algorithm is on-par with previous O ( n 2 ) algorithms when applied to Sylber and other ablations involving previous models.

4 EXPERIMENTAL SETUP AND EVALUATION PROTOCOL

4.1 EXPERIMENTAL SETUP

Architecture Sylber has the same architecture as HuBERT with a CNN feature extractor followed by Transformer encoder. Based on the observation that the ninth layer of SDHuBERT best encodes syllables (Cho et al. (2024b)), we use a 9 layer transformer and initialize weights with SDHuBERT up-to that layer. 3 See Appendix A.1.5 for training details."
"2410.07168v2.pdf","Tokenization To tokenize speech, we apply the aforementioned segmentation algorithm (Section 3.2) to get unsupervised speech segments. The features within segments are averaged to form continuous speech tokens at a syllable granularity (4-5 syllables per second). We apply a simple k-means clustering on the features with different vocab sizes (5K, 10K, and 20K). These cluster sizes are larger than what is used by other SSL-based clustering techniques (usually around 50-2K clusters), which is necessary since our features are closer to syllables than phonemes; similar to how vocabulary sizes for BPE based tokenizers are significantly larger than the number of characters.

3 The checkpoint is retrieved from https://github.com/cheoljun95/sdhubert.

However, these syllabic tokens have a significantly lower temporal resolution compared to previous SSL-based tokens, which leads to improvements in efficiency (see Section 5.2)."
"2410.07168v2.pdf","Token-to-speech If our syllabic tokens are valid speech tokens, we should be able to reconstruct intelligible speech from them. We train a Conditional Flow-matching (CFM) (Lipman et al., 2022; Le et al., 2024) model to generate interpretable articulatory features that can be converted to speech audio using SPARC (Cho et al., 2024c). These articulatory features are speaker agnostic provided that pitch is normalized, while allowing full-reconstruction to speech. Since SSL-based speech tokens generally lack speaker information (Polyak et al., 2021; Wang et al., 2023), we aim to reconstruct these speaker-agnostic articulatory features from the syllabic tokens. See Appendix A.1.4 for the implementation and training details.

Unit LM Following Lakhotia et al. (2021), we train an autoregressive unit language model (uLM) using the syllabic tokens. The model has the same architecture as GSLM (Lakhotia et al., 2021), which is a decoder-only Transformer with 12 layers. Additional details are in Appendix A.1.6."
"2410.07168v2.pdf","Datasets LibriSpeech (Panayotov et al., 2015) is used for training Sylber, and k-means clustering. For training the uLMs, we use either LibriSpeech or LibriLight (Kahn et al., 2020), and separately report performance. LibriTTS-R (Koizumi et al., 2023) is used for training the CFM models.

4.2 EVALUATION

Syllable detection and discovery We evaluate syllable boundaries with precision, recall, F1, and R-value following previous studies (Peng et al., 2023; Cho et al., 2024b; Komatsu & Shinozaki, 2024). Syllable discovery is evaluated by a separate clustering, where we use the same process as the previous works that use 4096 clusters. We measure syllable purity, cluster purity, and mutual information between the discovered syllables and the ground truth (Cho et al., 2024b; Komatsu & Shinozaki, 2024). See Appendix A.1.8 for details."
"2410.07168v2.pdf","Speech resynthesis We measure reconstruction performance using the average Pearson Correlation of each component in articulatory features. To evaluate intelligibility, we use an off-the-shelf speech recognition model, Whisper (Radford et al., 2023) 4 , and measure word error rate (WER) and character error rate (CER). Lastly, we apply an automated speech quality measurement, UTMOS (Saeki et al., 2022), to evaluate the quality of generated speech. These are evaluated on the test-clean split of LibriTTS-R. For some models, we collect subjective human evaluation on qualities, and report mean opinion scores (MOS) on the naturalness (nMOS) and prosodic similarity with the ground truth (psMOS).

Coding efficiency We evaluate the coding efficiency of the tokens with Token/second (Tok/s), bitrate, and coding-rate. The bitrate is calculated by ( log 2 ( vocab size )) × Tok/s. We define coding-rate as how much word information is preserved per bit: (1 -WER / 100) × total # of words total # of bits . Likewise, the testclean split of LibriTTS-R is used to evaluate coding efficiency."
"2410.07168v2.pdf","Spoken Language Understanding We use the zero-shot metrics of lexical learning, sWUGGY, and syntax learning, sBLIMP, following Lakhotia et al. (2021); Algayres et al. (2023). These metrics are measured by accuracy of discriminating real words/phrases and fake ones using the probabilities inferred from uLM, respectively.

4.2.1 BASELINES

For syllable detection and discovery, we compare our models against HuBERT, VGHuBERT, SDHuBERT, and Komatsu & Shinozaki (2024). For token-to-speech, we train the baseline CFM models using deduplicated HuBERT units with the size of 50, 100, and 200 by Lakhotia et al. (2021), and 500, and 2K by Nguyen et al. (2023); and SDHuBERT tokens with 5K, 10K, and 20K cluster sizes. For coding efficiency, we apply Byte Pair Encoding (BPE) using SentencePiece 5 to merge frequent units to form a larger vocabulary for HuBERT so that the size matches ours: 5K, 10K, and 20K, similar to Shen et al. (2024). 6 For evaluating language understanding, we use GSLM (Lakhotia

4 We use 'openai/whisper-large-v3' from Huggingface.

5 https://github.com/google/sentencepiece

6 The coding efficiency metrics are substantially worse using HuBERT without BPE due to their sampling granularity; thus, we compare against HuBERT with BPE to make a more fair comparison."
"2410.07168v2.pdf","Table 1: Syllable detection and discovery results measured. Pr: precision, Re: recall, R: R-value, SP: syllabic purity, CP: cluster purity, and MI: mutual information. Complexity indicates time complexity of post-hoc segmentation algorithm. n : the number of frames and k : the number of syllables. All metrics are measured using LibriSpeech test data. Results of other model-algorithm combinations are also compared. Sylber uses a linear time algorithm while the other models use a quadratic time algorithm, which is only available with the clean structure learned by our approach.

Model. | Complexity. | Syllable Detection.Pr ↑ | Syllable Detection.Re ↑ | Syllable Detection.F1 ↑ | Syllable Detection.R ↑ | Syllable Discovery.SP ↑ | Syllable Discovery.CP ↑ | Syllable Discovery.MI ↑
HuBERT | O ( kn 2 ) | 51.4 | 31.4 | 39.0 | 50.1 | 33.1 | 28.4 | 3.54
VGHuBERT | O ( kn 2 ) | 65.3 | 64.3 | 64.8 | 70.0 | 53.4 | 43.6 | 4.66
SDHuBERT | O ( n 2 /k ) | 64.3 | 71.0 | 67.5 | 70.7 | 54.1 | 46.2 | 4.76
Komatsu &Shinozaki (2024) | O ( kn 2 ) | 73.3 | 67.6 | 70.3 | 74.6 | 59.4 | 44.5 | 5.08
Sylber | O ( n ) | 76.6 | 68.3 | 72.2 | 75.9 | 64.0 | 43.9 | 5.28
Sylber-MinCut | O ( n 2 /k ) | 76.8 | 68.1 | 72.2 | 75.8 | 63.9 | 44.0 | 5.29
HuBERT-Greedy | O ( n ) | 54.5 | 35.2 | 42.8 | 52.7 | 29.5 | 25.9 | 3.36
SDHuBERT-Greedy | O ( n ) | 56.1 | 67.4 | 61.2 | 62.1 | 30.0 | 41.5 | 2.67"
"2410.07168v2.pdf","Table 2: Syllable detection performance in out-of-domain data. Sylber can generalize across novel domain and langauges without any tuning, showing high scores in all detection metrics.

Corpus | Language | Style | Pr ↑ | Re ↑ | F1 ↑ | R ↑
LibriSpeech (in-domain) | English | Reading | 76.6 | 68.3 | 72.2 | 75.9
Fisher | English | Conversation | 78.8 | 66.2 | 71.9 | 75.0
MLS | Spanish | Reading | 73.5 | 69.9 | 71.7 | 75.9
AISHELL-3 | Mandarin | Reading | 74.9 | 68.0 | 71.3 | 75.3

et al., 2021), tGSLM (Algayres et al., 2023), NAST (Messica & Adi, 2024), TWIST (Hassid et al., 2024) as baselines. These are selected as their tokenizers stem from HuBERT."
"2410.07168v2.pdf","5 RESULTS

5.1 SYLLABLE DETECTION AND DISCOVERY

Table 1 shows a comparison of syllable detection and discovery performance. Sylber outperforms all previous approaches in every metric other than recall and cluster purity. As these two terms can be inflated by having more segments, it indicates that SDHuBERT is oversegmenting. In terms of discovery, we find the ground truth syllables are more purely mapped to ours than the baselines, greatly improving the previous SOTA by a huge margin (59.4 → 64.0). The results indicate that our model can detect and discover syllables better than the previous approaches. (Check Appendix A.2.7 for visualizations of the embedding space.) Moreover, the output features from our model are significantly cleaner than HuBERT or SDHuBERT as shown in Figure 2, which shows highly consistent similarities within syllable spans. This allows for a much faster O ( n ) algorithm to be applicable, compared to the previous O ( kn 2 ) and O ( n 2 /k ) algorithms where n is the number of frames and k is the estimated number of syllables controlled by a hyperparameter. Compared to SDHuBERT, our syllable segmentation shows approximately 4 × gains in inference time (Appendix A.2.8)."
"2410.07168v2.pdf","When we apply the previous algorithm, MinCut (Peng et al., 2023; Cho et al., 2024b) to Sylber, the scores show very marginal differences (Sylber-Mincut in Table 1). MinCut is designed to search for optimal segments at the cost of computation time. Therefore, this indicates that Sylber features are clean and robust enough to find optimal segments in a greedy manner. In fact, when the greedy linear-time algorithm is applied to SDHuBERT, we find significant performance degradation (SDHuBERT-Greedy). In the case of HuBERT, both Greedy and MinCut show generally low performance due to the lack of syllabic structure.

Moreover, Sylber demonstrates surprising generalizability to unseen domain and languages without any tuning. As shown in Table 2, the syllable detection by Sylber shows high performance when applied to other corpora: conversational speech (Fisher; Cieri et al. (2004)), Spanish (MLS; Pratap"
"2410.07168v2.pdf","Table 3: Resynthesis results. HB: HuBERT, SDHB: SDHuBERT, and KM: KMean cluster size. Reconstruction metrics are average Pearson Correlation and WER and CER are reported in percentage (%). 95% confidence interval is reported for reconstruction and quality. Best scores are highlighted with bold font and best scores with quantization are underlined.

Model.Upstream | Model.KM | Reconstruction.Art ↑ | Reconstruction.Loudness ↑ | Reconstruction.Pitch ↑ | Intelligibility.WER ↓ | Intelligibility.CER ↓ | Quality.UTMOS ↑ | Frequency.Tok/s ↓
 | 50 | 0 . 926 ± 0 . 065 | 0 . 880 ± 0 . 089 | 0 . 586 ± 0 . 581 | 13.32 | 7.24 | 4 . 190 ± 0 . 553 | 23.59
 | 100 | 0 . 941 ± 0 . 046 | 0 . 878 ± 0 . 098 | 0 . 594 ± 0 . 560 | 7.78 | 3.89 | 4 . 177 ± 0 . 548 | 26.68
HB | 200 | 0 . 944 ± 0 . 044 | 0.886 ± 0.090 | 0 . 608 ± 0 . 573 | 6.34 | 3.10 | 4 . 197 ± 0 . 543 | 28.97
 | 500 | 0 . 941 ± 0 . 043 | 0 . 882 ± 0 . 095 | 0 . 623 ± 0 . 532 | 5.47 | 2.69 | 4 . 198 ± 0 . 533 | 29.46
 | 2K | 0.945 ± 0.040 | 0 . 883 ± 0 . 095 | 0 . 660 ± 0 . 458 | 5.04 | 2.46 | 4 . 197 ± 0 . 551 | 33.62
 | 5K | 0 . 925 ± 0 . 066 | 0 . 872 ± 0 . 089 | 0 . 757 ± 0 . 384 | 9.88 | 5.40 | 4 . 140 ± 0 . 660 | 
 | 10K | 0 . 927 ± 0 . 064 | 0 . 879 ± 0 . 083 | 0 . 759 ± 0 . 412 | 9.25 | 4.99 | 4 . 173 ± 0 . 600 | 
SDHB | 20K | 0 . 930 ± 0 . 061 | 0 . 883 ± 0 . 081 | 0.784 ± 0.373 | 8.63 | 4.62 | 4 . 180 ± 0 . 609 | 5.24
 | ∞ | 0.959 ± 0.035 | 0 . 948 ± 0 . 042 | 0 . 906 ± 0 . 217 | 4.94 | 2.56 | 4 . 190 ± 0 . 552 | 
 | 5K | 0 . 919 ± 0 . 072 | 0 . 877 ± 0 . 091 | 0 . 739 ± 0 . 431 | 8.70 | 4.48 | 4 . 189 ± 0 . 607 | 
 | 10K | 0 . 922 ± 0 . 064 | 0 . 876 ± 0 . 088 | 0 . 753 ± 0 . 424 | 8.07 | 4.28 | 4 . 155 ± 0 . 624 | 4.27
Sylber | 20K | 0 . 924 ± 0 . 066 | 0 . 882 ± 0 . 084 | 0 . 774 ± 0 . 374 | 7.95 | 4.06 | 4.210 ± 0.547 | 
 | ∞ | 0 . 957 ± 0 . 037 | 0.950 ± 0.045 | 0.918 ± 0.216 | 4.88 | 2.42 | 4 . 199 ± 0 . 539 |"
"2410.07168v2.pdf","Table 4: Coding efficiency comparison.

Model. | Token/second ↓.Vocab size.5K | Token/second ↓.Vocab size.10K | Token/second ↓.Vocab size.20K | Bitrate ↓.Vocab size.5K | Bitrate ↓.Vocab size.10K | Bitrate ↓.Vocab size.20K | Coding-rate ↑.Vocab size.5K | Coding-rate ↑.Vocab size.10K | Coding-rate ↑.Vocab size.20K
HB50-BPE | 7.45 | 6.82 | 6.30 | 91.57 | 90.68 | 90.00 | 0.0283 | 0.0285 | 0.0287
HB100-BPE | 14.78 | 14.40 | 14.10 | 181.56 | 191.37 | 201.46 | 0.0152 | 0.0144 | 0.0137
HB200-BPE | 16.67 | 15.99 | 15.53 | 204.79 | 212.41 | 221.84 | 0.0136 | 0.0132 | 0.0126
SDHB |  | 5.24 |  | 64.39 | 69.63 | 74.87 | 0.0253 | 0.0243 | 0.0234
Sylber |  | 4.27 |  | 52.43 | 56.70 | 60.97 | 0.0315 | 0.0302 | 0.0289

et al. (2020)), and Mandarin (AISHELL-3; Shi et al. (2021)), which are on par with the in-domain case (LibriSpeech). This multilingual generalizability indicates that Sylber represents phonological information which may have a shared physical basis across languages (Ohala, 1984; 1990; Cho et al., 2024a). This finding suggests a potential scalability of Sylber. More details and discussion are in Appendix A.2.5."
"2410.07168v2.pdf","5.2 RESYNTHESIS PERFORMANCE AND CODING EFFICIENCY

The results of token-to-speech resynthesis are shown in Table 3 and can be heard here. We find a general trend in both SDHuBERT and our syllabic tokens that articulatory reconstruction and intelligibility increase with finer clustering granularity. For intelligibility, our model outperforms SDHuBERT at every vocab size while requiring less tokens per second. Interestingly, the articulatory reconstruction is generally higher in SDHuBERT, but also less intelligible. This indicates that our model marginalizes out some amount of articulatory variance which is orthogonal to orthographic contents. This marginalization is also happening in intonation when the embeddings are quantized, as shown in the huge reduction in pitch correlation compared to non-quantized model, resulting in a flattened speech generation. This pattern is shared in both SDHuBERT and Sylber."
"2410.07168v2.pdf","The articulation is slightly better reconstructed by HuBERT units with 100 or more clusters than the units from SDHuBERT or our model, as shown in Table 3. This can be attributed to HuBERT's subphonemic, articulatory representations (Cho et al., 2023), which have a fine temporal granularity of 26.68 Tok/s or higher. The intelligibility is also slightly better with HuBERT units of 100 or more clusters, with WERs of 5.04-7.78, compared to the best-performing syllabic units with a WER of 7.95. Though the difference is marginal, HuBERT units require at least 6-8 times more tokens per second. Also, we find HuBERT units perform worse in representing pitch, corroborating findings by Polyak et al. (2021); Kharitonov et al. (2021); Nguyen et al. (2023)."
"2410.07168v2.pdf","Table 6: Speech uLM performance comparison. Sections are divided by training data size (top: LibriSpeech (LS) and bottom: LibriLight (LL) or more).

Model | # Param. | Vocab size | Tok/s ↓ | Bitrate ↓ | Corpus | Data size (hr) | sWUGGY ↑ | sBLIMP ↑
GSLM | 150M | 100 | 26.68 | 177.26 | LS | 1K | 68.70 | 57.06
 |  | 5K |  | 64.39 | LS | 1K | 65.80 | 54.87
SDHuBERT-uLM | 125M | 10K | 5.24 | 69.63 | LS | 1K | 67.42 | 54.48
 |  | 20K |  | 74.87 | LS | 1K | 67.85 | 54.87
 |  | 5K |  | 52.47 | LS | 1K | 67.32 | 57.34
Sylber-uLM | 125M | 10K | 4.27 | 56.74 | LS | 1K | 68.41 | 58.04
 |  | 20K |  | 61.01 | LS | 1K | 70.27 | 57.67
tGSLM | 150M | - | 5 | - | LL | 6K | 68.53 | 55.31
NAST | 150M | 200 | 28.97 | 221.44 | LL | 6K | 76.42 | 55.62
TWIST-ColdInit | 125M | 500 | 16.78 | 150.45 | LL++ | 150K | 77.74 | 54.27
TWIST | 13B | 500 | 16.78 | 150.45 | LL++ | 150K | 84.10 | 59.20
Sylber-uLM | 125M | 20K | 4.27 | 61.01 | LL | 66K | 76.31 | 60.54
Sylber-w/SIL-uLM | 125M | 20K | 4.76 | 68.01 | LL | 66K | 78.03 | 60.78"
"2410.07168v2.pdf","To further evaluate coding efficiency, we compare Sylber against baselines with comparable settings of HuBERT units in Table 4. Our model outperforms each baseline in every metric, showing about a 20% gain over the SDHuBERT tokens. In addition, Table 4 demonstrates the innate inefficiency in previous approaches using HuBERT units. There is a minimal gain in sequence compression while increasing the vocabulary size, where BPE is not able to reduce Tok/s by even half of the original when applied to 100 and 200 clusters. The only comparable baseline is BPE on 50 HuBERT clusters, which can reduce Tok/s from 23.59 to between 6.30-7.45. However, there is a huge information loss as shown in the high WER of 13.32, which results in a lower coding-rate (0.0283, 0.0285, 0.0287) compared to ours (0.0315, 0.0302, 0.0289) for vocab size of (5K, 10K, 20K) respectively.

HuBERTunits and Sylber units show comparable quality in terms of naturalness in both machine and human evaluation (UTMOS in Table 3; nMOS in Table 5). In terms of prosody, Sylber 20K units show higher subjective similarity than HuBERT 200 or 2K units as shown in the psMOS results (Table 5)."
"2410.07168v2.pdf","Without quantization, the best performance is achieved by our model, with a WER of 4.88, Tok/s of 4.27, and higher correlations in loudness and pitch (Table 3). Furthermore, both of the subjective qualities, nMOS and psMOS, significantly increase (Table 5). This indicates the significant potential of syllabic tokens as an efficient speech coding that can be harnessed by a better quantization method. We leave this investigation for future work."
"2410.07168v2.pdf","5.3 SPOKEN LANGUAGE UNDERSTANDING

Table 6 compares the sWUGGY and sBLIMP scores of speech uLMs. In the limited resource setting that uses 1K hours of training data. Sylber-uLMs generally outperform the baselines, GSLM and SDHuBERT-uLMs at sBLIMP, and the model with 20K vocab size outperforms GSLM in sWUGGY, while none of the SDHuBERT-uLMs outperform GSLM or Sylber-uLMs (top section of Table 6). This indicates that our syllabic tokens have better utility in terms of language modeling compared to the syllabic tokens from SDHuBERT. We also observe a general trend shared in SDHuBERT and ours that a larger vocab size yields a higher sWUGGY score, indicating that a finer clustering better covers the lexical space. Notably, Sylber-uLM trained on 1K hours outperforms tGSLM which has a similar token granularity as 5 Hz but with a fixed pooling window, even though their model is trained on a larger dataset of 150K hours. This suggests that a variable pooling window by syllabic segmentation is more suitable than using a fixed pooling window."
"2410.07168v2.pdf","When we scale up the train data to 66K hours, Sylber-uLMs are able to achieve comparable or better sWUGGY scores than the models with similar sizes: tGSLM, NAST, and TWIST-ColdInit (bottom section of Table 6). We also include a silence interleaved version (Sylber-w/SIL-uLM), where we insert a silence token when the gap between two adjacent tokens is longer than 140 ms.

Table 5: Subjective evaluation on resynthesis quality.

Model.GT | KM.GT | nMOS ↑.4.37 | psMOS ↑.4.71
HB | 200 | 3.24 | 2.65
HB | 2K | 3.33 | 2.90
Sylber | 20K | 3.32 | 3.04
Sylber | ∞ | 3.80 | 3.62

This improves the performance, especially sWUGGY, while increasing Tok/s and bitrate to 4.76 and 68.01, which are still far below the previous models. Although sWUGGY falls short of the TWIST model with 13B parameters, Sylber-uLMs show slightly better performance in sBLIMP, which is astonishing given the huge gap in model size and training data. Most importantly, all these results are obtained using significantly smaller sequence length and bitrate, several times lower than previous approaches. This suggests that Sylber units are highly efficient and valid tokens for spoken language modeling."
"2410.07168v2.pdf","6 EMERGENT CATEGORICAL PERCEPTION IN SYLBER

The results shown in Section 5.2 suggest that HuBERT features might densely tile the embedding space, requiring many clusters to fully cover the space with fidelity. This lack of discreteness leads to a redundant token vocabulary (Sicherman & Adi, 2023), resulting in an exponentially growing token vocabulary size when tokens are grouped to reduce sequence length. However, human speech perception exhibits categorical effects, where listeners tend to impose discrete boundaries on a continuum of speech sounds rather than tracking gradual acoustic changes (Liberman et al., 1957; Pisoni & Lazarus, 1974; Harnad, 2003). This phenomenoncategorical perception -suggests that phonemic categories are perceived as discrete units despite underlying acoustic variability. If similar categorical effects emerge in the embedding space of SSL models, they could enable more efficient tokenization with a compressed set of discrete units. Based on this linguistic theory, we evaluate the degree of categorical perception in Sylber and other SSL models to assess the discreteness of their embedding spaces."
"2410.07168v2.pdf","We simulate interpolation between two rhyming words to probe the embeddings of speech SSL models to check whether they are categorical. Specifically, monosyllabic words are used where a single consonant is different at the front (onset) or back (coda) of the syllable. We make the contrast to be varying one of the phonological properties: nasality, voicedness, or place (e.g., ' b all' vs ' m all', ' d own' vs ' t own', or ' l est' vs ' r est', respectively). We do not include vowel contrasts since categorical perception of vowels is not as consistent as consonants (Pisoni, 1973; Pisoni & Lazarus, 1974). We consider 13 types of such difference and simulate 4 pairs for each type, resulting 52 word pairs in total. The details of the difference types and the full list of word pairs can be found in Appendix A.1.9. To simulate a continuum between words, we utilize SPARC (Cho et al., 2024c) which allows direct editing in the physical articulatory space (Figure 3-A). We first generate audio"
"2410.07168v2.pdf","using the an off-the-shelf TTS API. 7 Weextract articulatory features from the speech, which are then temporally aligned by dynamic time warping to either end if necessary. We sample 51 equidistant samples in the linear interpolation between two words, where each end is manually adjusted to make the perceptual boundary drawn approximately in the middle ( α = 0 . 5 ), which can be heard here. The pitch and loudness are also controlled to be at the same level. More details about SPARC can be found in Appendix A.1.4."
"2410.07168v2.pdf","Given a speech representation model, we extract features for each interpolating point between words in each pair. We calculate the similarity between interpolating features with features from either end, forming a likelihood curve along the interpolation. Hypothetically, if the representation is categorical, the likelihood curves should show a sharp transition at the boundary (Figure 3-B). If the embeddings are not categorical and tracing the interpolation, the curves would show 'X' pattern as the dashed line in Figure 3-B. We define the Discriminability index (DI) to quantify the level of categorical perception. The DI measures an empirical risk of wrong discrimination, where the probability is calculated based on similarities. See Appendix A.1.10 for the detailed definition. If the embeddings are categorical, DI will be close to 0. If they are non-categorical with X-shaped curves, DI will be 0.25. The maximum value of DI is 0.5, which would be random chance discrimination."
"2410.07168v2.pdf","Figure 3-C illustrates that a clear boundary is drawn when interpolating between two rhyming words, whereas such a boundary is less prominent in HuBERT. This indicates that Sylber needs only 2 categories to represent the interpolating continuum, while HuBERT requires multiple categories or units, which induces high levels of inefficiency and redundancy. The similarity curves using the melspectrogram resemble an X-shape, indicating a non-categorical embedding space."
"2410.07168v2.pdf","We compare Sylber with traditional acoustic features (Melspectrogram and MFCC), representative frame-wise SSL models (HuBERT (HB), Wav2Vec2 (W2V2), WavLM, and large (-L) versions (if applicable), and SDHuBERT. As shown in Table 7, our model's embeddings demonstrate the best discriminability, with the lowest DIs across both onset and coda contrasts (overall DI: 0.112). The results are unexpected as we only impose the model to learn temporal structure, and our loss objective does not involve any categorical learning at all. However, the embedding space of Sylber is naturally structured to be categorical, indicating the self-segmentation distillation might be a natural learning algorithm that resembles human language learning. Taken together, these qualitative and quantitative results suggest that the embedding space of Sylber is readily quantized, contributing to the performance improvements observed in previous sections."
"2410.07168v2.pdf","7 CONCLUSION

We propose a novel self-supervised learning framework of speech, Sylber, that learns to transform speech waveform into a syllabic embedding that is well aligned with linguistic theories. Sylber offers promising potential for interpretable and efficient speech tokenization, and scalable and efficient spoken language modeling.

Limitations As we present our model more as a coding framework of speech, we largely put our focus on demonstrating efficiency and reconstruction quality. Therefore, our model is not yet suitable for universal speech representation, which the most speech SSL approaches aim for (Yang et al., 2021). We find that Sylber degrades in some SUPERB downstream tasks, which we believe is due to the parsimonious structure we are imposing. See Appendix A.2.4 and Table 12 for details and discussion. Also, the SUPERB protocol is optimally designed for frame-wise SSL; therefore, more investigation is needed on downstream architectures that better leverage the syllabic structure.

7 We use the TTS service in Vertex AI (https://cloud.google.com/vertex-ai) with a default female voice."
"2410.07168v2.pdf","Table 7: DI comparison.

Model.Model | DI ↓.Onset | DI ↓.Coda | DI ↓.All
Mel | 0.198 | 0.193 | 0.196
MFCC | 0.191 | 0.182 | 0.188
W2V2 | 0.172 | 0.178 | 0.174
HB | 0.136 | 0.152 | 0.141
W2V2-L | 0.138 | 0.156 | 0.143
HB-L | 0.166 | 0.180 | 0.170
WavLM-L | 0.136 | 0.148 | 0.140
SDHB | 0.133 | 0.126 | 0.131
Sylber | 0.116 | 0.103 | 0.112

ACKNOWLEDGEMENTS

This research is supported by the following grants to PI Anumanchipalli - NSF award 2106928, BAIR Commons-Meta AI Research, the Rose Hills Innovator Program, UC Noyce Initiative at UC Berkeley, and Google Research Scholar, JP Morgan AI research Award. Special thanks to ShangWen (Daniel) Li and Abdelrahman Mohamed for valuable discussions and advice.

ETHICS STATEMENT

We believe that Sylber is a substantial step forward for speech models and spoken language understanding. Our technique enables efficient and effective speech tokenization which can potentially be used for malicious purposes. It is important for users, researchers, and developers to use this model and this framework ethically and responsibly."
"2410.07168v2.pdf","REPRODUCIBILITY STATEMENT

In the spirit of open research, we will be releasing all of the code associated with Sylber. We will release the pretrained model weights as well as the code necessary to retrain the model. In addition, we will be releasing all of the interpolation samples so that other researchers can also use our Discriminability Index as an evaluation metric for future research."
"2410.07168v2.pdf","REFERENCES

Badr M Abdullah, Mohammed Maqsood Shaik, Bernd M¨ obius, and Dietrich Klakow. An information-theoretic analysis of self-supervised discrete representations of speech. arXiv preprint arXiv:2306.02405 , 2023.
Robin Algayres, Yossi Adi, Tu Anh Nguyen, Jade Copet, Gabriel Synnaeve, Benoit Sagot, and Emmanuel Dupoux. Generative spoken language model based on continuous word-sized audio tokens. arXiv preprint arXiv:2310.05224 , 2023.
Alexei Baevski, Yuhao Zhou, Abdelrahman Mohamed, and Michael Auli. wav2vec 2.0: A framework for self-supervised learning of speech representations. Advances in neural information processing systems , 33:12449-12460, 2020.
Alexei Baevski, Wei-Ning Hsu, Alexis Conneau, and Michael Auli. Unsupervised speech recognition. Advances in Neural Information Processing Systems , 34:27826-27839, 2021.
Zal´ an Borsos, Rapha¨ el Marinier, Damien Vincent, Eugene Kharitonov, Olivier Pietquin, Matt Sharifi, Olivier Teboul, David Grangier, Marco Tagliasacchi, and Neil Zeghidour. Audiolm: a language modeling approach to audio generation.(2022). arXiv preprint arXiv:2209.03143 , 2022."
"2410.07168v2.pdf","(cd.)
Xuankai Chang, Brian Yan, Kwanghee Choi, Jee-Weon Jung, Yichen Lu, Soumi Maiti, Roshan Sharma, Jiatong Shi, Jinchuan Tian, Shinji Watanabe, et al. Exploring speech recognition, translation, and understanding with discrete speech units: A comparative study. In ICASSP 20242024 IEEE International Conference on Acoustics, Speech and Signal Processing (ICASSP) , pp. 11481-11485. IEEE, 2024.
Sanyuan Chen, Chengyi Wang, Zhengyang Chen, Yu Wu, Shujie Liu, Zhuo Chen, Jinyu Li, Naoyuki Kanda, Takuya Yoshioka, Xiong Xiao, et al. Wavlm: Large-scale self-supervised pre-training for full stack speech processing. IEEE Journal of Selected Topics in Signal Processing , 16(6):15051518, 2022.
Cheol Jun Cho, Peter Wu, Abdelrahman Mohamed, and Gopala K Anumanchipalli. Evidence of vocal tract articulation in self-supervised learning of speech. In ICASSP 2023-2023 IEEE International Conference on Acoustics, Speech and Signal Processing (ICASSP) , pp. 1-5. IEEE, 2023."
"2410.07168v2.pdf","(cd.)
Cheol Jun Cho, Abdelrahman Mohamed, Alan W Black, and Gopala K Anumanchipalli. Selfsupervised models of speech infer universal articulatory kinematics. In ICASSP 2024-2024 IEEE International Conference on Acoustics, Speech and Signal Processing (ICASSP) , pp. 1206112065. IEEE, 2024a.
Cheol Jun Cho, Abdelrahman Mohamed, Shang-Wen Li, Alan W Black, and Gopala K Anumanchipalli. Sd-hubert: Sentence-level self-distillation induces syllabic organization in hubert. In ICASSP 2024-2024 IEEE International Conference on Acoustics, Speech and Signal Processing (ICASSP) , pp. 12076-12080. IEEE, 2024b.
Cheol Jun Cho, Peter Wu, Tejas S. Prabhune, Dhruv Agarwal, and Gopala K. Anumanchipalli. Coding speech through vocal tract kinematics. IEEE Journal of Selected Topics in Signal Processing , 18(8):1427-1440, 2024c. doi: 10.1109/JSTSP.2024.3497655.
Kwanghee Choi, Ankita Pasad, Tomohiko Nakamura, Satoru Fukayama, Karen Livescu, and Shinji Watanabe. Self-supervised speech representations are more phonetic than semantic. arXiv preprint arXiv:2406.08619 , 2024."
"2410.07168v2.pdf","(cd.)
Yu-An Chung, Yu Zhang, Wei Han, Chung-Cheng Chiu, James Qin, Ruoming Pang, and Yonghui Wu. W2v-bert: Combining contrastive learning and masked language modeling for selfsupervised speech pre-training. In 2021 IEEE Automatic Speech Recognition and Understanding Workshop (ASRU) , pp. 244-250. IEEE, 2021.
Christopher Cieri, David Miller, and Kevin Walker. The fisher corpus: A resource for the next generations of speech-to-text. In LREC , volume 4, pp. 69-71, 2004.
Xue L Gong, Alexander G Huth, Fatma Deniz, Keith Johnson, Jack L Gallant, and Fr´ ed´ eric E Theunissen. Phonemic segmentation of narrative speech in human cerebral cortex. Nature communications , 14(1):4309, 2023.
Kyle Gorman. A python english syllabification script. https://github.com/kylebgorman/syllabify, 2013.
Alex Graves. Sequence transduction with recurrent neural networks. arXiv preprint arXiv:1211.3711 , 2012.
Steven Greenberg. A syllable-centric framework for the evolution of spoken language. Behavioral and brain sciences , 21(4):518-518, 1998."
"2410.07168v2.pdf","(cd.)
Mark Hallap, Emmanuel Dupoux, and Ewan Dunbar. Evaluating context-invariance in unsupervised speech representations. arXiv preprint arXiv:2210.15775 , 2022.
Stevan Harnad. Categorical perception. 2003.
Michael Hassid, Tal Remez, Tu Anh Nguyen, Itai Gat, Alexis Conneau, Felix Kreuk, Jade Copet, Alexandre Defossez, Gabriel Synnaeve, Emmanuel Dupoux, et al. Textually pretrained speech language models. Advances in Neural Information Processing Systems , 36, 2024.
Wei-Ning Hsu, Benjamin Bolte, Yao-Hung Hubert Tsai, Kushal Lakhotia, Ruslan Salakhutdinov, and Abdelrahman Mohamed. Hubert: Self-supervised speech representation learning by masked prediction of hidden units. IEEE/ACM transactions on audio, speech, and language processing , 29:3451-3460, 2021.
Shujie Hu, Long Zhou, Shujie Liu, Sanyuan Chen, Hongkun Hao, Jing Pan, Xunying Liu, Jinyu Li, Sunit Sivasankaran, Linquan Liu, et al. Wavllm: Towards robust and adaptive speech large language model. arXiv preprint arXiv:2404.00656 , 2024."
"2410.07168v2.pdf","(cd.)
Jacob Kahn, Morgane Riviere, Weiyi Zheng, Evgeny Kharitonov, Qiantong Xu, Pierre-Emmanuel Mazar´ e, Julien Karadayi, Vitaliy Liptchinsky, Ronan Collobert, Christian Fuegen, et al. Librilight: A benchmark for asr with limited or no supervision. In ICASSP 2020-2020 IEEE International Conference on Acoustics, Speech and Signal Processing (ICASSP) , pp. 7669-7673. IEEE, 2020.
Eugene Kharitonov, Ann Lee, Adam Polyak, Yossi Adi, Jade Copet, Kushal Lakhotia, Tu-Anh Nguyen, Morgane Rivi` ere, Abdelrahman Mohamed, Emmanuel Dupoux, et al. Text-free prosodyaware generative spoken language modeling. arXiv preprint arXiv:2109.03264 , 2021.
Yuma Koizumi, Heiga Zen, Shigeki Karita, Yifan Ding, Kohei Yatabe, Nobuyuki Morioka, Michiel Bacchiani, Yu Zhang, Wei Han, and Ankur Bapna. Libritts-r: A restored multi-speaker text-tospeech corpus. arXiv preprint arXiv:2305.18802 , 2023.
Ryota Komatsu and Takahiro Shinozaki. Self-supervised syllable discovery based on speakerdisentangled hubert. pp. 1131-1136, 2024. doi: 10.1109/SLT61566.2024.10832325."
"2410.07168v2.pdf","(cd.)
Jungil Kong, Jaehyeon Kim, and Jaekyoung Bae. Hifi-gan: Generative adversarial networks for efficient and high fidelity speech synthesis. Advances in neural information processing systems , 33:17022-17033, 2020.
Kushal Lakhotia, Eugene Kharitonov, Wei-Ning Hsu, Yossi Adi, Adam Polyak, Benjamin Bolte, Tu-Anh Nguyen, Jade Copet, Alexei Baevski, Abdelrahman Mohamed, et al. On generative spoken language modeling from raw audio. Transactions of the Association for Computational Linguistics , 9:1336-1354, 2021.
Matthew Le, Apoorv Vyas, Bowen Shi, Brian Karrer, Leda Sari, Rashel Moritz, Mary Williamson, Vimal Manohar, Yossi Adi, Jay Mahadeokar, et al. Voicebox: Text-guided multilingual universal speech generation at scale. Advances in neural information processing systems , 36, 2024.
Ann Lee, Peng-Jen Chen, Changhan Wang, Jiatao Gu, Sravya Popuri, Xutai Ma, Adam Polyak, Yossi Adi, Qing He, Yun Tang, et al. Direct speech-to-speech translation with discrete units. In Proceedings of the 60th Annual Meeting of the Association for Computational Linguistics (Volume 1: Long Papers) , pp. 3327-3339, 2022."
"2410.07168v2.pdf","(cd.)
Xinjian Li, Ye Jia, and Chung-Cheng Chiu. Textless direct speech-to-speech translation with discrete speech representation. In ICASSP 2023-2023 IEEE International Conference on Acoustics, Speech and Signal Processing (ICASSP) , pp. 1-5. IEEE, 2023.
Alvin M Liberman, Katherine Safford Harris, Howard S Hoffman, and Belver C Griffith. The discrimination of speech sounds within and across phoneme boundaries. Journal of experimental psychology , 54(5):358, 1957.
Yaron Lipman, Ricky TQ Chen, Heli Ben-Hamu, Maximilian Nickel, and Matt Le. Flow matching for generative modeling. arXiv preprint arXiv:2210.02747 , 2022.
Peter F MacNeilage. The frame/content theory of evolution of speech production. Behavioral and brain sciences , 21(4):499-511, 1998.
Michael McAuliffe, Michaela Socolof, Sarah Mihuc, Michael Wagner, and Morgan Sonderegger. Montreal forced aligner: Trainable text-speech alignment using kaldi. In Interspeech , volume 2017, pp. 498-502, 2017.
Shoval Messica and Yossi Adi. Nast: Noise aware speech tokenization for speech language models. arXiv preprint arXiv:2406.11037 , 2024."
"2410.07168v2.pdf","(cd.)
Abdelrahman Mohamed, Hung-yi Lee, Lasse Borgholt, Jakob D Havtorn, Joakim Edin, Christian Igel, Katrin Kirchhoff, Shang-Wen Li, Karen Livescu, Lars Maaløe, et al. Self-supervised speech representation learning: A review. IEEE Journal of Selected Topics in Signal Processing , 16(6): 1179-1210, 2022.
Tu Anh Nguyen, Wei-Ning Hsu, Antony d'Avirro, Bowen Shi, Itai Gat, Maryam Fazel-Zarani, Tal Remez, Jade Copet, Gabriel Synnaeve, Michael Hassid, et al. Expresso: A benchmark and analysis of discrete expressive speech resynthesis. arXiv preprint arXiv:2308.05725 , 2023.
Yulia Oganian and Edward F Chang. A speech envelope landmark for syllable encoding in human superior temporal gyrus. Science advances , 5(11):eaay6279, 2019.
John J Ohala. An ethological perspective on common cross-language utilization of f0 of voice. Phonetica , 41(1):1-16, 1984.
John J Ohala. There is no interface between phonology and phonetics: a personal view. Journal of phonetics , 18(2):153-171, 1990."
"2410.07168v2.pdf","(cd.)
Vassil Panayotov, Guoguo Chen, Daniel Povey, and Sanjeev Khudanpur. Librispeech: an asr corpus based on public domain audio books. In 2015 IEEE international conference on acoustics, speech and signal processing (ICASSP) , pp. 5206-5210. IEEE, 2015.
Puyuan Peng, Shang-Wen Li, Okko R¨ as¨ anen, Abdelrahman Mohamed, and David Harwath. Syllable discovery and cross-lingual generalization in a visually grounded, self-supervised speech model. arXiv preprint arXiv:2305.11435 , 2023.
David B Pisoni. Auditory and phonetic memory codes in the discrimination of consonants and vowels. Perception & psychophysics , 13:253-260, 1973.
David B Pisoni and Joan House Lazarus. Categorical and noncategorical modes of speech perception along the voicing continuum. The Journal of the Acoustical Society of America , 55(2):328-333, 1974.
Adam Polyak, Yossi Adi, Jade Copet, Eugene Kharitonov, Kushal Lakhotia, Wei-Ning Hsu, Abdelrahman Mohamed, and Emmanuel Dupoux. Speech resynthesis from discrete disentangled self-supervised representations. arXiv preprint arXiv:2104.00355 , 2021."
"2410.07168v2.pdf","(cd.)
Vineel Pratap, Qiantong Xu, Anuroop Sriram, Gabriel Synnaeve, and Ronan Collobert. Mls: A large-scale multilingual dataset for speech research. Interspeech , 2020.
Alec Radford, Jong Wook Kim, Tao Xu, Greg Brockman, Christine McLeavey, and Ilya Sutskever. Robust speech recognition via large-scale weak supervision. In International conference on machine learning , pp. 28492-28518. PMLR, 2023.
Okko Johannes R¨ as¨ anen, Unto Kalervo Laine, and Toomas Altosaar. An improved speech segmentation quality measure: the r-value. In Tenth Annual Conference of the International Speech Communication Association . Citeseer, 2009.
Chandan KA Reddy, Harishchandra Dubey, Vishak Gopal, Ross Cutler, Sebastian Braun, Hannes Gamper, Robert Aichner, and Sriram Srinivasan. Icassp 2021 deep noise suppression challenge. In ICASSP 2021-2021 IEEE International Conference on Acoustics, Speech and Signal Processing (ICASSP) , pp. 6623-6627. IEEE, 2021.
Takaaki Saeki, Detai Xin, Wataru Nakata, Tomoki Koriyama, Shinnosuke Takamichi, and Hiroshi Saruwatari. Utmos: Utokyo-sarulab system for voicemos challenge 2022. arXiv preprint arXiv:2204.02152 , 2022."
"2410.07168v2.pdf","(cd.)
Fernando Sanz-L´ azaro. Del fonema al verso: una caja de herramientas digitales de escansi´ on teatral. Revista de Humanidades Digitales , 8:74-89. doi: https://doi.org/10.5944/rhd.vol.8.2023.37830.
Feiyu Shen, Yiwei Guo, Chenpeng Du, Xie Chen, and Kai Yu. Acoustic bpe for speech generation with discrete tokens. In ICASSP 2024-2024 IEEE International Conference on Acoustics, Speech and Signal Processing (ICASSP) , pp. 11746-11750. IEEE, 2024.
Yao Shi, Hui Bu, Xin Xu, Shaoji Zhang, and Ming Li. Aishell-3: A multi-speaker mandarin tts corpus and the baselines. Interspeech , 2021.
Amitay Sicherman and Yossi Adi. Analysing discrete self supervised speech representation for spoken language modeling. In ICASSP 2023-2023 IEEE International Conference on Acoustics, Speech and Signal Processing (ICASSP) , pp. 1-5. IEEE, 2023.
Jianlin Su, Murtadha Ahmed, Yu Lu, Shengfeng Pan, Wen Bo, and Yunfeng Liu. Roformer: Enhanced transformer with rotary position embedding. Neurocomputing , 568:127063, 2024.
A Vaswani. Attention is all you need. Advances in Neural Information Processing Systems , 2017."
"2410.07168v2.pdf","(cd.)
Chengyi Wang, Sanyuan Chen, Yu Wu, Ziqiang Zhang, Long Zhou, Shujie Liu, Zhuo Chen, Yanqing Liu, Huaming Wang, Jinyu Li, et al. Neural codec language models are zero-shot text to speech synthesizers. arXiv preprint arXiv:2301.02111 , 2023."
"2410.07168v2.pdf","Shu-wen Yang, Po-Han Chi, Yung-Sung Chuang, Cheng-I Jeff Lai, Kushal Lakhotia, Yist Y Lin, Andy T Liu, Jiatong Shi, Xuankai Chang, Guan-Ting Lin, et al. Superb: Speech processing universal performance benchmark. arXiv preprint arXiv:2105.01051 , 2021.

Dong Zhang, Shimin Li, Xin Zhang, Jun Zhan, Pengyu Wang, Yaqian Zhou, and Xipeng Qiu. Speechgpt: Empowering large language models with intrinsic cross-modal conversational abilities. arXiv preprint arXiv:2305.11000 , 2023."
"2410.07168v2.pdf","A APPENDIX

A.1 IMPLEMENTATION DETAILS

A.1.1 SELF-SEGMENTATION DISTILLATION

Given a speech audio signal x , we extract features, M S ( x ) = z S and M T ( x ) = z T , where M S and M T are the student and teacher models, respectively. The unsupervised segmentation algorithm, Useg , outputs segment boundaries from z as Useg ( z ) = { s } N , where N is the number of discovered segments, and s ∈ N 2 denotes start and end frames of the segment, indexed as s j, 0 and s j, 1 for the j -th segment. We define an assignment function, A ( i ) = j , that gives the index of the segment, j , given a frame number, i , such that s j, 0 ≤ i ≤ s j, 1 . Whenthere is no assignable segment, A ( i ) = -1 , meaning i is a non-speech frame. The segment-averaged feature, v j , is defined by averaging across frames in the j -th segment: v j = 1 p -q ∑ k ∈ [ p,q ] z k , where ( p, q ) = ( s j, 0 , s j, 1 ) . v T A ( i ) is defined as the teacher's segment-averaged feature of the segment that i -th frame belongs to, which is the target of the regression, which is zero for any non-speech frame: v T -1 = 0 . Finally, the loss function of the proposed self-segmentation distillation is defined as L SegDistill := ∑ i || v T A ( i ) -z S i || 2 2 ."
"2410.07168v2.pdf","A.1.2 GREEDY SEGMENTATION ALGORITHM

Algorithm 1 Greedy Segmentation Algorithm

1: procedure GREEDY-SEGMENTATION(states, N thr , M thr ) 2: Compute L2 norms and mark speech frames: speech i = ( ∥ s i ∥ 2 ≥ N thr ) 3: Initialize empty list of segments S 4: for i = 1 to n do 5: if speech i and (no current segment or sim ( s i , avg ( S k )) < M thr ) then 6: Start new segment S k +1 with s i 7: else if speech i then 8: Add s i to current segment S k and update avg ( S k ) 9: else if current segment S k exists then 10: Finalize current segment S k 11: end if 12: end for 13: for each boundary j between segments S k and S k +1 do 14: if speech j then 15: if sim ( avg ( S k ) , avg ( S k +1 ) ≥ M thr then 16: Merge S k and S k +1 17: Continue 18: end if 19: Define local search range from a = midpoint ( S k ) to b = midpoint ( S k +1 ) 20: Get similarity to left or right segment L = [ sim ( s i , avg ( S k ))] b a , R = [ sim ( s i , avg ( S k +1 ))] b a 21: Find optimal boundary j ∗ = arg max j ( sum ( L 1: j -1 ) + sum ( R j : b -a )) 22: Update boundary to j ∗ 23: end if 24: end for 25: return S 26: end procedure"
"2410.07168v2.pdf","The algorithm involves three linear passes through the audio embeddings (Algorithm 1). The first step thresholds all embeddings based on their L2 norm, distinguishing between speech and nonspeech segments. Next, a monotonic agglomeration process iterates through the embeddings, group-

ing them into segments. At each time step, a frame is merged into the current segment if its cosine similarity with the segment's average embedding exceeds a predefined threshold. This process runs in a single pass without constructing the entire similarity matrix by greedily starting a new segment whenever a frame falls below the threshold."
"2410.07168v2.pdf","However, this greedy approach can introduce segmentation errors by slightly misaligning frame assignments. To correct this, a third pass refines segment boundaries. If adjacent segments have a cosine similarity above the merge threshold, they are merged. Otherwise, a local search range is defined from the midpoint of the previous segment to the midpoint of the following segment. Within this range, we compute the cosine similarity between each frame and the averages of the two segments. Instead of updating the averages dynamically, we use the original segment embeddings to keep the computational complexity linear. Finally, we determine the optimal boundary by maximizing the sum of cosine similarities between each frame and its assigned segment across all frames within the search range.

The time complexity is determined by the asymptotic number of dot product operations (or similarity computations), as these are the most computationally expensive steps in the segmentation algorithm."
"2410.07168v2.pdf","A.1.3 NOISE AUGMENTATION

For the denoising objective, we mix the input with a randomly sampled environmental sound or other speech audio. For mixing with environmental sound, we randomly select a clip from Reddy et al. (2021) and sample a 5 second clip from it. We first z-score the waveform and multiply by a factor sampled from [0 . 05 , 0 . 7] , and mix with the original speech audio. Note that the original speech is also z-scored. For mixing with other speech, we randomly select another clip in the batch and shift from left or right with a percentage sampled from [0 . 4 , 0 . 7] , to make sure the original speech holds the dominant information context in the mixture. The magnitude is also modulated by multiplying by a factor sampled from [0 . 0 , 0 . 2] . We apply this augmentation to 20% of the samples in the batch, and only to the inputs fed to the student model. Within the 20%, we have the source of noise be 75% environmental noise and 25% other speech."
"2410.07168v2.pdf","A.1.4 TOKEN-TO-SPEECH

SPARC The target of our token-to-speech model is processed by SPARC (Cho et al., 2024c), which is composed of articulatory encoding and decoding. The encoding pipeline outputs 14 articulatory features at 50 Hz, which are composed of the XY coordinates of 6 articulators (lower incisor; upper and lower lips; tongue tip, blade and dorsum;), loudness, and pitch. These are interpretable and grounded representations of speech that are fully informative of speech contents (Cho et al., 2024c). The decoder, or articulatory vocoder, is a Hifi-GAN (Kong et al., 2020) conditioned on a speaker embedding inferred from a separate speaker encoder. Cho et al. (2024c) shows that SPARC successfully decomposes speech contents and speaker identity, by normalizing pitch to remove speaker specific pitch level. We replicate the implementation from Cho et al. (2024c), except that we change the layer of WavLM in the speaker encoder from the CNN outputs to the sixth Transformer layer, based on the observation that this layer contributes the most to the downstream speaker identification task (Chen et al., 2022). Following Kharitonov et al. (2021), the pitch is normalized by dividing it by the mean pitch and then taking its logarithm for the target of the token-to-speech model. The original pitch range is restored from the predicted normalized pitch by reversing the normalization process. For training SPARC, we use LibriTTS-R using a single A5000-24GB GPU."
"2410.07168v2.pdf","Conditional flow-matching (CFM) The input model in the CFM is composed of two feed forward networks (FFNs) and a linear layer, where each FFN has two linear layers with 512 hidden units and residual connection, with a ReLU activation and dropout rate of 0.05. Layernorm is applied to the output of each FFN. The final linear layer projects the 512 dimensional feature to 256. The Transformer in the CFM has 8 layers and each layer has 8 heads with 64 dimensions, and 512 for the encoding dimension. We use Rotary positional embeddings (Su et al., 2024). The final output is projected to the 14 dimensional flow in articulatory feature space. For training, the learning rate is fixed as 1e-4, with a batch size of 64 and 200k updates using a single A6000-48GB GPU.

Inference The SSL token embeddings are restored by the k-means codebooks, and expanded to the durations of the original segments. The non-speech frames are filled with zeros. For the case without quantization, the segment-averaged features are used. We use the extracted speaker embedding and"
"2410.07168v2.pdf","mean pitch from the original speaker to synthesize speech from articulatory features predicted from tokens. We use the original segment durations for each token without predicting them since the duration information can be easily tokenized. (For example, duration can be tagged for each token. See Appendix A.2.3.) We remove randomness in the CFM to yield consistent generations for the evaluation purposes."
"2410.07168v2.pdf","A.1.5 SYLBER TRAINING DETAILS

We train Sylber in two stages. The first stage is training with segment boundaries inferred from SDHuBERT which are extracted once at the beginning and fixed while in this stage. The second stage utilizes online segmentation using the teacher model's outputs, by the algorithm in Section 3.2. Note that this training is only possible since our model exhibits features clean enough for our greedy segmentation to work. In the second stage, the L2 norm threshold is updated online by aggregating the statistics of speech and non-speech segments, and the merge threshold is randomly sampled from [0 . 8 , 0 . 9] . After the training, the norm threshold is fixed at 3.09 and the merge threshold is fixed at 0.8. See Appendix A.1.7 for details about the thresholding. The first-stage teacher is set and fixed as the initial student model, which is SDHuBERT with nine encoder layers. The second-stage teacher is then updated and fixed using the student model trained in the first stage. The model is trained for 115K steps in the first stage and further trained for 50K steps in the second stage. We use a batch size of 64 and each data point is randomly cropped to be 5 seconds, following Cho et al. (2024b). We show in Appendix A.2.9 that this does not significantly impact resynthesis for longer segments. The learning rate is set as 1e-4 with initial 500 warmup updates for the first stage and 5e-5 for the second stage. The second stage training improves performance in syllable detection and discovery (Appendix A.2.1). We used a single A6000-48GB GPU for training."
"2410.07168v2.pdf","A.1.6 ULM TRAINING DETAILS

For training uLMs, we largely follow Hassid et al. (2024). When training on LibriLight, we use 96% of the data for training and 2% each is held out for validation and test. For each speech clip, we sample 100 tokens for training, which is roughly corresponding to 20 seconds. We use a single A6000-48GB GPU for training uLMs on LibriSpeech and two of them for training on LibriLight."
"2410.07168v2.pdf","A.1.7 THRESHOLDS SETTING

Thresholds in SDHuBERT segmentation For segmenting SDHuBERT features, we apply the minimum cut algorithm (MinCut) introduced by Peng et al. (2023) and modified by Cho et al. (2024b). Following Cho et al. (2024b), the initial mask is obtained by thresholding norms of features from the eleventh layer of the Transformer, where we normalize norms to be in [0 , 1] and use 0.1 as threshold. The minimum cut refines each masked chunk to make it syllabic. Specifically, the algorithm conducts intra-segment agglomerative clustering with a preset number of clusters. This preset number is estimated by a pre-defined speaking rate. As this preset number of syllables may be larger than the number of segments, a post-hoc merging process merges adjacent segments with cosine similarity higher than a threshold, which we call the merge threshold. We use a more sensitive segmentation configuration than the original setting by Cho et al. (2024b) to prevent loss of speech contents due to overly broad segments. Specifically, we halve the estimated syllable duration from 200ms to 100ms to cover speech with fast speaking rate, and increase the merge threshold from 0.3 to 0.4. Note that the scores of SDHuBERT in Table 1 are those reported by Cho et al. (2024b), which use the original setting."
"2410.07168v2.pdf","Non-speech Frames The non-speech frames are initially defined as'knocked out' frames by norm thresholding with SDHuBERT. However, we find that SDHuBERT is still sensitive to non-speech noise events. Therefore, we mark segments where the average absolute amplitude of z-scored waveform is lower than 0.1 as non-speech frames as well.

Thresholds in Sylber greedy segmentation algorithm Unlike the thresholds in SDHuBERT, which are heuristically driven, we aim to set the thresholds in our algorithm in a more principled way, especially in the second stage of training where the target segments are dynamically generated. We first set the norm threshold to be optimal boundary between signal (speech) and noise (non-speech), where the likelihoods of being signal and noise are equal. Specifically, we assume both signal and noise distributions to be Gaussian and solve the equality condition. After the first training stage, we"
"2410.07168v2.pdf","use the pseudo-ground truth segments used for training to get the distribution of segment norms and norms of non-speech frames in the dev split of LibriSpeech. To make the distribution reflect noise, we apply the noise augmentation as described in the denoising objective (Section A.1.3) to each sample. In the second training stage, we update the mean and variance of noise distribution using the non-segment portions of student outputs using an exponential moving average with a decay rate of 0.9999, while keeping the signal distribution the same as initially set. This results in the threshold of 3.09 after training."
"2410.07168v2.pdf","On the other hand, we still remain largely heuristically driven in terms of setting our merge threshold. We use a particularly high threshold of 0.8 compared to 0.3 in the previous works. Such a high threshold for merging is effective in Sylber since the features are much cleaner than SDHuBERT. Instead setting this threshold to a fixed number, we sample a value from [0 . 8 , 0 . 9] during the second stage training, which is somewhat arbitrarily set after visually inspecting multiple samples. For inference, we select 0.8 as the threshold since it is the lowest number in the range we impose during training. While other threshold values (e.g., 0.7 or 0.9) generally work well, the phoneme recognition experiment in Appendix A.2.4 empirically proves that 0.8 is optimal when thresholds of 0.1 increments are tested (Table 11)."
"2410.07168v2.pdf","A.1.8 SYLLABLE SEGMENTATION EVALUATION DETAILS

The evaluation protocol for syllable detection and discovery follows the previous studies (Cho et al., 2024b; Komatsu & Shinozaki, 2024). We use the syllable labels of dev and test splits of LibriSpeech created by forced aligned phonemes and syllabication of them. Similar to SDHuBERT, Sylber interleaves silence frames between syllables. Thus, we use the front boundaries of the detected segments as the boundary predictions. Since this may incur some shifts in the detected boundaries, we use the dev split for finding the optimal constant shift to correct the boundaries, following the previous studies (Peng et al., 2023; Cho et al., 2024b; Komatsu & Shinozaki, 2024). The boundary prediction is considered a hit if it falls within a 50 ms tolerance window of the ground truth boundary. The scores are measured by precision (Pr), recall (Re), F1, and an additional R-value (R) that is introduced by R¨ as¨ anen et al. (2009) to balance hit-rate and oversegmentation in measuring the quality."
"2410.07168v2.pdf","For syllable discovery, the segment averaged embeddings are first clustered with 16384 centroids using k-means clustering and then the centroids are merged to 4096 using agglomerative (or hierarchical) clustering. We use the same setting as the previous studies (Peng et al., 2023; Cho et al., 2024b; Komatsu & Shinozaki, 2024) to make a fair comparison, whereas we use a separate clustering setting in the main tokenization experiments. The detected segments are mapped to the ground truth syllables by maximizing the temporal overlap between paired segments and syllables. We then measure the purity terms-cluster purity (CP), which indicates how purely each segment cluster is mapped to a syllable, and syllable purity (SP), which measures the reverse-as well as mutual information (MI). We refer to Section 4.1 of Komatsu & Shinozaki (2024) for formal definitions of these terms."
"2410.07168v2.pdf","A.1.9 RHYMING WORD PAIRS

For the consonant at the onset, we constrain the difference to be phonologically adjacent: voiced or voiceless sounds (e.g., ' d own' vs ' t own'), non-nasal or nasal sounds (e.g., ' b all' vs ' m all'), or spatially adjacent pairs (e.g., ' l est' vs ' r est'). For the consonant at the coda, we confine the words to have /I/ as the nucleus vowel to minimize different coarticulation pattern induced by different ending consonants. We only consider nasality difference at the coda and we regard voiced and unvoiced consonants the same since voiced-ness is relatively subtle at the coda position. Additionally, we include the 'n-ng' contrast. Table 8 shows the full list of word pairs."
"2410.07168v2.pdf","A.1.10 DISCRIMINABILITY INDEX

Given words at the left and right ends in interpolation, x L , x R ∈ W , the probability of being the left word given interpolating factor α is defined as p ( x L | x α ) = sim ( x L ,x α ) -offset L sim ( x L ,x α ) -offset L + sim ( x R ,x α ) -offset R . The probability of being the right word is symmetrically defined. We need to subtract an offset due to the high base similarity, as the words are rhyming pairs, such that offset A = min α ∈ [0 , 1] sim ( x A , x α ) . Then the empirical risk can be defined as L Disc ( q | x L , x R ) := E α ∈ [0 , 1] ✶ α<q p ( x R | x α ) + ✶ α ≥ q p ( x L | x α ) , for the decision boundary at q ∈ [0 , 1] . The optimal boundary can be drawn by"
"2410.07168v2.pdf","Table 8: Rhyming word pairs used in the discriminability task.

Onset | Onset | Onset | Onset | Onset
Voicedness | Voicedness | Voicedness | Voicedness | Voicedness
b-p | v-f | d-t | z-s | g-k
bay, pay bar, par ban, pan bad, pad | vill, fill vine, fine vault, fault vox, fox | down, town dall, tall deen, teen dime, time | zeal, seal zip, sip zig, sig zoo, sue | goal, coal gap, cap gain, cane gauge, cage
Nasality | Nasality | Place | Place | 
b-m | d-n | l-r | t-s | 
ball, mall bean, mean boon, moon bost, most | dose, nose dull, null dine, nine deal, kneal | lock, rock lane, rain long, wrong lest, rest | tank, sank tale, sale tip, sip tell, sell | 
Coda | Coda | Coda | Coda | 
g/k-ng pig, dig, | n-ng thin, bin, bing sin, sing | d/t-n kid, kin seed, chit, grid, | b/p-m trip, trim deep, deem sip, seem rip, rim | 
ping sick, sing ding click, cling | thing kin, king | seen chin grin |  |

minimizing the risk, α ∗ = argmin q ∈ [0 , 1] L Disc ( q | x L , x R ) . Discriminability index (DI) is then defined as the risk at the optimal boundary, averaged over word pairs:

DI := 1 | W | ∑ x L ,x R ∈ W L Disc ( α ∗ | x L , x R ) (1)"
"2410.07168v2.pdf","For the models with frame-level features like MFCC or HuBERT, we use dynamic time warping to find an optimal alignment that maximizes similarity. While some sample pairs are already aligned, we find that additional warping yields better scores. For models with syllabic features (SDHuBERT and Sylber), we average across all speech (or norm thresholded) parts of the features as all samples are monosyllabic, yielding a single embedding per sample. We use cosine similarity to measure similarity between embeddings from samples. For frame-wise SSL models, the best layers with the lowest DIs are chosen.

A.2 ADDITIONAL EXPERIMENTS AND ANALYSES

A.2.1 EFFECT OF THE SECOND STAGE TRAINING

To check the effectiveness of the second stage training, we compare syllable detection and discovery metrics between the stage 1 and stage 2 models. As shown in Table 9, we observe some gain after the second stage training, especially in precision of the segmentation."
"2410.07168v2.pdf","Table 9: Syllable detection and discovery performance comparison between two stages.

Model.Model | Syllable Detection.Pr ↑ | Syllable Detection.Re ↑ | Syllable Detection.F1 ↑ | Syllable Detection.R ↑ | Syllable Discovery.SP ↑ | Syllable Discovery.CP ↑ | Syllable Discovery.MI ↑
Sylber-Stage-1 | 73.7 | 69.2 | 71.4 | 75.6 | 63.2 | 43.9 | 5.24
Sylber-Stage-2 | 76.6 | 68.3 | 72.2 | 75.9 | 64.0 | 43.9 | 5.28

A.2.2 EFFECT OF DENOISING OBJECTIVE

As demonstrated in left two panels in Figure 4, the syllabic structures are already highly visible without the denoising objective, indicating that the major learning source is self-segmentation distillation rather than the denoising objective. However, adding the denoising objective significantly

improves robustness; otherwise, the model becomes highly sensitive to noisy audio as shown in the right two panels in Figure 4."
"2410.07168v2.pdf","A.2.3 CODING EFFICIENCY WITH DURATION-INFORMED TOKENIZATION

When we measure coding efficiency in Section 3, we ignore the duration information. Here, we recalculate the metrics by adding duration as a separate token tagged to each speech token. Note that duration is counted as the number of frames, so it already lies on a discrete space. We find that 99% of HuBERT tokens have duration less than 8, 7, and 6 with the vocab size of 50, 100, and 200, respectively. This means that the duration of each token can be coded by 3 bits. However, when BPE is applied, these 3 bits will be multiplied by the maximum number of units in subwords to count per-token duration bits, which is 10 to 16 depending on the vocab size and cluster granularity.

The syllabic tokens do not densely cover the frames. Therefore, the duration of subsequent silence can be tagged along with the duration of the tokens. 98% of syllabic tokens have duration less than or equal to 16 (4 bits). We can also keep the subsequent silence duration up-to 7 frames (3 bits) efficiently, and silence longer than 7 frames can be regarded as a separate 'silence token,' adding one more token to the k-means codebook."
"2410.07168v2.pdf","Taking all these into consideration, we measure the coding efficiency metrics with the durationinformed tokens as Table 10. Compared to Table 4, the gap between HuBERT-BPE and Sylber gets even larger, where we achieve around or more than 4 × gains in bitrate and coding-rate compared to HuBERT baselines. Moreover, even after appending duration tokens, Sylber tokens still have very low bitrates which are below or around 100.

Table 10: Coding efficiency of duration-informed tokens.

Model. | Token/second ↓.Vocab size.5K | Token/second ↓.Vocab size.10K | Token/second ↓.Vocab size.20K | Bitrate ↓.Vocab size.5K | Bitrate ↓.Vocab size.10K | Bitrate ↓.Vocab size.20K | Coding-rate ↑.Vocab size.5K | Coding-rate ↑.Vocab size.10K | Coding-rate ↑.Vocab size.20K
HB50-BPE | 7.45 | 6.82 | 6.30 | 449.26 | 418.24 | 392.36 | 0.0058 | 0.0062 | 0.0066
HB100-BPE | 14.78 | 14.40 | 14.10 | 624.82 | 666.64 | 709.06 | 0.0044 | 0.0041 | 0.0039
HB200-BPE | 16.67 | 15.99 | 15.53 | 654.77 | 979.72 | 967.13 | 0.0043 | 0.0029 | 0.0029
SDHB |  | 5.84 |  | 112.73 | 118.58 | 124.42 | 0.0239 | 0.0228 | 0.0219
Sylber |  | 4.76 |  | 91.80 | 96.56 | 101.32 | 0.0297 | 0.0284 | 0.0271"
"2410.07168v2.pdf","A.2.4 GENERAL REPRESENTATIONAL POWER OF SYLBER

Though the universal utility of our model is not of our focus, we evaluate and benchmark downstream tasks using SUPERB (Yang et al., 2021). First of all, to find the optimal merge threshold, we train a phoneme recognition (PR) model with syllabic embeddings, where the merge threshold is sampled from [0 . 3 , 0 . 9] . The regular CTC based approach is not applicable to syllabic granularity, since it requires that the input length must be no shorter than the target length. Instead, we adopt"
"2410.07168v2.pdf","RNN-T (Graves, 2012) which does not have a restriction on the length of the sequence. To keep the model size similar to the PR model in SUPERB, we use a very simple, non-RNN transcriber, which is a Layernorm followed by two linear layers where the GELU activation function is applied to the first linear layer's output. The output size of the first layer is set as 768 and set as the vocab size of phonemes, 73, for the second layer. The predictor network has a 3 layer LSTM with a hidden size of 1024, 0.1 dropout rate and Layernorm applied. The model is trained with the RNN-T implementation in PyTorch, and we use beam size of 5 for decoding. The learning rate is set as 0.001 and AdamW is used. The model is trained until no improvement is found in validation loss. We use LibriSpeech clean subsets (train-clean-100, dev-clean, and test-clean), which are the datasets used in the SUPERB PR task setting. For the results in Table 11, the merge threshold of 0.8 is selected and used throughout the SUPERB evaluation. This number coincides with the threshold we use in the main results as well. We use the code provided by S3PRL for the experiment. 8"
"2410.07168v2.pdf","Table 11: Phoneme recognition on LibriSpeech (LS) dev-clean with different merge thresholds.

Dataset.Dataset | PER ↓.Mthr=0.5 | PER ↓.Mthr=0.6 | PER ↓.Mthr=0.7 | PER ↓.Mthr=0.8 | PER ↓.Mthr=0.9
LS dev-clean | 6.15 | 5.88 | 5.73 | 5.68 | 5.68

We evaluate 3 versions of Sylber. We freeze the model following the SUPERB protocol.

Sylber-All Layer uses all layer features without segmenting with 50 Hz full-sampling rate, being a regular entry to SUPERB.

Sylber-Segment uses the segment embedding after segmentation, with syllable granularity.

Sylber-Segment-Expand expands segment embedding to the original length."
"2410.07168v2.pdf","Table 12 compares these with a HuBERT base model, which has a comparable model size and is trained on the same data. Since Sylber-Segment has a shorter sequence length than the target, thus making the CTC-based recognition task inapplicable, we replace the scores using the aforementioned RNN-T model, and we find a reasonable performance in PR as PER of 5.98, while ASR is lagging behind by a large margin. As our model features are syllabic, this structure may need to be resolved to be converted to characters, adding an additional layer of complexity on top of mapping phonemic features to characters, which is hard to resolve in a limited resource setting.

Another notable point is that our models achieve higher keyword spotting accuracy (KS) and intent classification (IC) compared to the HuBERT base model in all 3 versions. This is aligned with the improved performance in language learning reported in Section 5.3. Also, there is a huge drop in speaker identity detection (SID) when our syllabic embedding is used, indicating that the speaker information is somewhat marginalized out."
"2410.07168v2.pdf","Also, the failure in slot filling (SF) and automatic speech verification (ASV) by Sylber-Segment is attributed to the fact that S3PRL is tuned to a lengthy input of speech representation with a regular sampling rate. Further investigation is required, for a proper application of syllabic embedding to those tasks.

Table 12: Performance comparison of various models across different metrics

Model.Model | PR.PER ↓ | KS.Acc ↑ | IC.Acc ↑ | SID.Acc ↑ | ER.Acc ↑ | ASR.WER ↓ | ASR (w/ LM).WER ↓ | QbE.MTWV ↑ | SF.F1 ↑ | SF.CER ↓ | ASV.EER ↓ | SD.DER ↓
Hubert-base | 5.41 | 96.3 | 98.34 | 81.42 | 64.92 | 6.42 | 4.79 | 0.0736 | 88.53 | 25.2 | 5.11 | 5.88
Sylber-All Layer | 11.78 | 96.75 | 98.44 | 76.16 | 64.34 | 11.76 | 8.32 | 0.0623 | 85.79 | 29.21 | 6.72 | 5.08
Sylber-Segment | ∗ 5.98 | 97.08 | 98.92 | 50.59 | 64.50 | ∗ 14.07 | - | 0.0139 | - | - | - | 13.21
Sylber-Segment-Expand | 88.79 | 97.11 | 99.08 | 51.25 | 65.25 | 12.04 | 8.88 | 0.0591 | 85.66 | 29.49 | 8.75 | 15.55"
"2410.07168v2.pdf","A.2.5 OUT-OF-DOMAIN GENERALIZABILITY OF SYLBER

To verify whether the syllable segmentation by Sylber can be applied to other domains, we evaluated the model on different datasets from other domains and languages. Specifically, we use the Fisher corpus Cieri et al. (2004), an English conversational dataset with noisy phone call dialogues. As the

8 https://github.com/s3prl/s3prl"
"2410.07168v2.pdf","training data of Sylber is clean audio-book reading data, evaluation on Fisher can show whether Sylber can work on a different style of speaking and noisy speech. To create the testbed, we sample 200 conversations each for the validation and test sets, and we filtered utterances with less than 3 words spoken, leaving 23K utterances for each set. Furthermore, we also evaluated two datasets from different languages, Spanish and Mandarin, to demonstrate that the syllable boundary detection by Sylber is not limited to English. These two languages are selected since they are the most common languages other than English and a have distinct nature from English. In particular, Mandarin is a tonal language and a distinct Asian language which has a different root from the Indo-European language family. We used a Spanish subset of Multilingual LibriSpeech (MLS) (Pratap et al., 2020) and AISHELL-3 (Shi et al., 2021) for Mandarin."
"2410.07168v2.pdf","We follow the same procedure proposed by Peng et al. (2023) and Cho et al. (2024b) to get ground truth syllable segments. We apply the Montreal Forced Aligner (MFA) (McAuliffe et al., 2017) to get phoneme alignments and we group phonemes by syllabification rules to get syllable boundaries. For syllabification, we use a script by Gorman (2013) for English and Silabeador (Sanz-L´ azaro) for Spanish. For Mandarin, we regard character boundaries as syllable boundaries since Mandarin is a syllabic language. Figure 9 shows the resulting boundaries. Lastly, we measure the same syllable detection scores as in Table 1 using exactly the same configuration of Sylber and greedy segmentation. Note that we do not include any language or domain-specific optimization or training."
"2410.07168v2.pdf","Table 2 shows the boundary detection scores in the three out-of-domain (OOD) datasets. As we can see, all metrics show close to or even better scores compared to the in-domain scores that are denoted in the top row. Sylber shows a surprising generalization capacity in challenging noisy conversation data and even novel languages distinct from English. The similarity matrices in Figure 5 show clean and prominent segments, similar to the in-domain sample shown in Figure 2. This high performance does not require any domain-specific design adaptation. The main reason for this zeroshot multilingual generalization is due to the fact that Sylber represents phonological information rather than other higher order linguistic information like semantic concepts. This finding resonates well with a linguistics perspective that suggests a shared physical basis of phonologies of different languages (Ohala, 1984; 1990). This also corroborates a universal articulatory basis shared across languages, which is revealed by analyzing articulatory physiology encoded in SSL models (Cho et al., 2024a)."
"2410.07168v2.pdf","Hypothetically, we can use Sylber for initial segmentation of other domain or languages to train a domain-specific or data-scaled domain-general Sylber. To sum, this result suggests a strong potential for our method for real-world, multilingual applications.

A.2.6 ABLATION EXPERIMENTS: DIFFERENT MODEL & SEGMENT INITIALIZATION

To demonstrate the robustness of training Sylber, we conduct a set of ablation experiments with different initial segments and model weights. In particular, we simulate a noisier setting by randomly adding noise to the initial segment boundaries. We randomly selected 20% of the syllable boundaries from training, and shifted them between 20-80ms, affecting 36% of the segment annotations in total. This perturbation is applied to the SDHuBERT unsupervised segmentation we used in the first stage and is done once before training."
"2410.07168v2.pdf","We train models with two different initialization - SDHuBERT and HuBERT, to see if initialization with SDHuBERT is necessary. We do not include training from scratch since the training is not successful, resulting in degenerate representations. Moreover, we train the models with a reduced setting by reducing the number of updates from 115K to 50K, increasing the learning rate from 1e-4 to 5e-4, and skipping the second-stage training. We measure the same syllable detection and discovery metrics used in Table 1.

As shown in Table 13, the models trained with the noisier initial segments can perform well, showing high scores closer to the main Sylber model. The frame-wise similarity matrices visualized in Figure 6 show similar prominent syllabic structures in both models. The performance difference between two initializations is marginal and no single model outperforms in all metrics. This indicates that HuBERT can also be used for weight initialization and that SDHuBERT is unnecessary if a reasonable initial segmentation is provided.

Furthermore, we train models using phoneme boundaries as initial segments to see the case where the granularity of boundaries is dramatically different. While syllabic segmentation is naturally"
"2410.07168v2.pdf","Table 13: Syllable detection and discovery performance for Sylber trained with noisy initial segmentation with reduced training setting. Original Sylber result is denoted at the top. Pr: precision, Re: recall, R: R-value, SP: syllabic purity, CP: cluster purity, and MI: mutual information.

Initial Segmentation. | Model Init.. | Syllable Detection.Pr ↑ | Syllable Detection.Re ↑ | Syllable Detection.F1 ↑ | Syllable Detection.R ↑ | Syllable Discovery.SP ↑ | Syllable Discovery.CP ↑ | Syllable Discovery.MI ↑
SDHuBERT Segment | SDHuBERT | 76.6 | 68.3 | 72.2 | 75.9 | 63.16 | 43.92 | 5.24
Noisy SDHuBERT Segment | SDHuBERT | 74.9 | 67.8 | 71.2 | 75.2 | 61.87 | 42.19 | 5.17
Noisy SDHuBERT Segment | HuBERT | 73.4 | 68.6 | 70.9 | 75.2 | 63.48 | 41.62 | 5.22

driven from SDHuBERT, we do not have a readily available unsupervised phonemic segmentation. Therefore, we utilize the ground truth phoneme transcription and alignment inferred by MFA (McAuliffe et al., 2017). We train the exact same settings as above with two different model initializations and the reduced training setting. We measure the same detection metrics but against the ground truth phoneme boundaries (Table 14)."
"2410.07168v2.pdf","SYLBER: SYLLABIC EMBEDDING REPRESENTATION OF SPEECH FROM RAW AUDIO

Cheol Jun Cho 1 , Nicholas Lee 1 , Akshat Gupta 1 , Dhruv Agarwal 1 , Ethan Chen 1 , Alan W Black 2 , Gopala K. Anumanchipalli 1 1 University of California, Berkeley, 2 Carnegie Mellon University"
"2410.07168v2.pdf","Lastly, the reduced training setting with higher learning rate is expected to induce a less stable optimization than the original setting. However, we were still able to train models with comparable performance even with additional noise added to the segmentations. This means that our method is not sensitive to a specific choice of hyperparameters, and is easy to train.

A.2.7 VISUALIZATION OF SYLBER EMBEDDING

To provide a better sense of embedding structure in Sylber, we apply t-SNE to syllabic embeddings obtained from Sylber. We select the 50 most frequent syllables in the LibriSpeech dataset, ignoring stress. Then, for each syllable, we select the top-1K Sylber segments with highest temporal intersection-over-unions with the ground truth syllables and use those embeddings (50K vector em-"
"2410.07168v2.pdf","beddings in total). We plot the result with colorization by different categories in Figure 7. Overall, the Sylber embedding space demonstrates a highly discrete structure. The top row shows color distributions by nucleus vowels, onset consonants, and coda consonants. We can see the syllables with the same phoneme components are closely clustered. Also, the distance reflects phonological similarity of the sounds. This is most prominently shown in vowels and coda consonants. For example, the similar vowels /AH/ and /AE/ clusters are adjacent. Furthermore, /N/ and /N-D/ at the coda are clustered together. The bottom row shows color distributions of individual syllables selected from the top-N most frequent syllables. We can see each individual island corresponds to a different syllable suggesting a high level of specificity in Sylber for representing syllables. In addition, the clusters of phonologically similar syllables are adjacent. For example, /DH-AH/, /T-AH/, and /AH/ in the bottom left plot, and /L-IY/ and /DH-IY/ in the bottom middle plot are close to each other. On the other hand, /AE-N-D/ and /AH-N-D/ are not well distinguishable, overlapping in the embedding space, which is natural given the highly phonological similarity between those syllables. In summary, the Sylber embedding space is highly discrete and well aligned with the phonological characteristics of syllables."
"2410.07168v2.pdf","A.2.8 REAL-TIME FACTOR

We evaluate the inference efficiency of Sylber and compare it to SDHubert to show the efficacy of using these models as segmentation models in Table 15. In the first two rows, we evaluate the real-time factor (RTF) in the small batch size regime to measure the efficacy for realtime speech processing. We randomly sampled 32 LibriSpeech files and sequentially ran them through the model and measured the end-to-end latency in order to calculate the RTF. In the latter two rows, we evaluate the RTF in the large batch size regime to measure the efficacy for offline speech processing. We randomly sampled 32 batches of 32 files from LibriSpeech and ran them through the model in a batched manner. All experiments used the same set of randomly selected files in the same order for both SDHuBERT and Sylber. Every experiment was run on a single A6000-48GB GPU with 2 AMD EPYC 7513 32-Core Processor. As a result, Sylber shows a ∼ 4 × reduction in RTF in both the single and batched inference settings compared to SDHuBERT. As we are using a naive numpy implementation for Sylber, this gap can be even larger with a more optimized implementation."
"2410.07168v2.pdf","Table 15: Real-time factor (RTF) of syllable segmentation by Sylber and SDHuBERT.

Batch Size | Model | RTF ↓
1 | SDHuBERT Sylber | 0.00635 0.00174
32 | SDHuBERT Sylber | 0.00600 0.00169

A.2.9 PERFORMANCE BY INPUT LENGTH

We decomposed the performance for syllable detection and resynthesis into different input length bins. As shown in Figure 8, the syllable detection scores have marginal differences across different input length bins. In terms of resynthesis, there is also minimal difference in input lengths longer than 5 seconds, slightly degrading for 15-20s and 20-25s inputs in resynthesis. This indicates that our token-to-speech model is not dependent on long-context and the speech information is coming from the tokens rather than being inferred from the context. This suggests that our model is not reliant on long-context information; instead, the tokens themselves primarily carry the speech information."
"2410.11774v2.pdf","Table 2. Comparison against SOTA on LVISv1 dataset. Our method reaches the best results in all metrics.

Method | Reference | AP m | AP m r | AP m c | AP m f | AP b
Baseline | N/A | 25.7 | 15.8 | 25.1 | 30.6 | 25.9
NorCal [69] | NeurIPS 21 | 25.2 | 19.3 | 24.2 | 29.0 | 26.1
GOL [2] | ECCV 22 | 27.7 | 21.4 | 27.7 | 30.4 | 27.5
ECM [34] | ECCV 22 | 27.4 | 19.7 | 27.0 | 31.1 | 27.9
CRAT w/ LOCE [91] | IJCV 24 | 27.5 | 21.2 | 26.8 | 31.0 | 28.2
LogN [107] | IJCV 24 | 27.5 | 21.8 | 27.1 | 30.4 | 28.1
FRACAL (ours) | - | 28.6 +0.9 | 23.0 +1.2 | 28.0 +0.3 | 31.5 +0.4 | 28.4 +0.2
Baseline | N/A | 27.0 | 16.8 | 26.5 | 32.0 | 27.3
NorCal [69] | NeurIPS 21 | 27.3 | 20.8 | 26.5 | 31.0 | 28.1
GOL [2] | ECCV 22 | 29.0 | 22.8 | 29.0 | 31.7 | 29.2
ECM [34] | ECCV 22 | 28.7 | 21.9 | 27.9 | 32.3 | 29.4
ROG [105] | ICCV 23 | 28.8 | 21.1 | 29.1 | 31.8 | 28.8
CRAT w/ LOCE [91] | IJCV 24 | 28.8 | 22.0 | 28.6 | 32.0 | 29.7
LogN [107] | IJCV 24 | 29.0 | 22.9 | 28.8 | 31.8 | 29.8
FRACAL (ours) | - | 29.8 +0.8 | 24.5 +1.5 | 29.3 +0.2 | 32.7 +0.4 | 29.8"
"2410.11774v2.pdf","4.3. Ablation Study and Analysis

The effect of each module. FRACAL consists of simple modules that we ablate in Table 5-a. First, MaskRCNN with CARAFE [85], normalised mask predictor [86], cosine classifier [86] and random sampler achieves 22 . 8% AP m and 8 . 2% rare category AP r m . On top of this, the fractal dimension calibration (S) improves AP m and AP r m by 2 . 8 pp and 5 . 5 pp respectively.

Using only the classification calibration, (C), AP m and"
"2410.11774v2.pdf","Results on object detectors. We evaluate FRACAL with common object detectors in Table 4-b using ResNet50. FRACAL boosts the overall and rare category performance of both one-stage detectors such as ATSS [103] or GFLv2 [50] and two-stage detectors such as Cascade RCNN [7] and APA-MaskRCNN [4]. Note that on sigmoid-detectors such as ATSS or GFLv2, FRACAL largely boosts the performance of rare and common categories but it slightly reduces the performance of frequent categories. Since the sigmoid activation performs independent classification, the binary version of FRACAL struggles to properly calibrate the predicted unnormalised vector. This limitation was also found in previous works [69] which also reported that binary logit adjustment produces performance trade-offs between frequent and rare categories. For softmax-based detectors, such as Cascade RCNN and APA, FRACAL boosts all categories. In the Appendix, we discuss FRACAL's expected calibration error and detection error"
"2410.11774v2.pdf","We also compare our method in Transformer backbones. Using Swin-T, FRACAL considerably outperforms Seesaw [86] by 1 . 2 pp AP m , 1 . 7 pp AP r m , 1 . 2 pp AP c m , 1 . 0 pp AP f m and 0 . 8 pp AP b as shown in Table 4-a. Using Swin-S, FRACAL largely surpasses Seesaw in all metrics and particularly in AP r m by 2 . 2 pp which is a significant 8 . 6% relative improvement for the rare classes."
"2410.11774v2.pdf","4.2. Main Results

Comparison to SOTA. In Table 2, we compare FRACAL to the state-of-the-art using ResNet50 and ResNet101. Us- ing ResNet50, FRACAL significantly surpasses GOL [2] by 0 . 9 percentage points (pp) in AP m and by 1 . 6 pp AP r m . On ResNet101 FRACAL achieves 29 . 8% AP m and 24 . 5% AP r m , outbesting GOL by 0 . 8 pp and 1 . 7 pp respectively.

FRACAL achieves excellent results not only for rare categories but also for frequent ones, due to the use of fractal dimension, which allows the model to upscale the predictions of frequent but non-uniformly located categories. It achieves 31 . 5% AP f m with ResNet50 and 32 . 7% AP f m with ResNet101 and surpasses the next best method, ECM [34] by 0 . 4 pp.

Compared to the previous post-calibration method, Norcal [69], FRACAL increases performance by 3 . 4 pp AP m , 3 . 7 pp AP r m , 3 . 8 pp AP c m , 2 . 5 pp AP f m and 2 . 3 pp AP b using ResNet50. This is because FRACAL boosts both rare and frequent categories via classification and space calibration, respectively, while Norcal only boosts the rare categories and lacks space information."
"2410.11774v2.pdf","4. Results

4.1. Experimental Setup

We use the Large Vocabulary Instance Segmentation (LVISv1) dataset [22] which consists of 100 k images in the train set and 20 k images in the validation set. This dataset has 1 , 203 classes grouped according to their image frequency into frequent (those that contain > 100 images), common (those that contain 10 ∼ 100 images) and rare classes (those that contain < 10 images) in the training set. For evaluation, we use average mask precision AP m , average box precision AP b and AP f m , AP c m and AP r m that correspond to AP m for frequent , common and rare classes. Unless mentioned, we use Mask R-CNN [24] with FPN [54], ResNet50 [23], repeat factor sampler (RFS) [22], Normalised Mask [86], CARAFE [85] and we train the baseline model using the 2x schedule [25], SGD, learning rate 0 . 02 and weight decay 1 e -4 . For Swin T and S, we train the baseline models with the 1x schedule, RFS, AdamW [38] and 0 . 001 learning rate. During inference, we set the IoU threshold at 0 . 3 and the mask threshold at 0 . 4 . FRACAL is applied before the non-maximum suppression step and it does not have any computational overhead as the weights are precomputed."
"2410.11774v2.pdf","where η ( z i ) is the sigmoid activation function that acts as a filter for low-scoring proposals. Compared to Eq. 10, Eq. 11 performs class calibration and space calibration in logit space, lowering the false-positive detection rate."
"2410.11774v2.pdf","Our proposed method tackles the classification imbalance using additional space statistics. On the classification axis, we use the class priors p s ( y ) and perform logit adjustments. On the space axis, we use the fractal dimension Φ( y ) to perform a space-aware calibration that accounts for the object's location distribution p s ( y, u ) . In Eq. 10, we renormalise both foreground and background logits to preserve a probabilistic prediction after the space calibration in Eq. 9.

Extending to binary classifiers. In long-tailed object detection there are many works that use only binary classifiers [2, 30, 34, 45, 82, 83, 89]. In this case, the logit z i performs two tasks simultaneously: It discriminates among the foreground classes and performs background-to-foreground classification. Thus, to correctly apply foreground calibration, we first need to decouple the foreground and background predictions. To do so, we filter out the background proposals using the model's predictions as follows:

F b ( z i ) = η ( C ( z i ) -log β ( Φ( y ) λ ∑ C i Φ( i ) λ ) + log β ( 1 C )) · η ( z i ) , (11)"
"2410.11774v2.pdf","where σ ( z y ) ∈ (0 , 1) is the model's prediction for class y , with σ () the Softmax activation, and λ ≥ 0 is a hyperparameter. Eq. 9 downweighs the classes that appear most uniformly and it upweighs the classes that appear less uniformly. In practice, (S) calibration forces the detector to predict both frequent and rare classes uniformly across all spatial locations. For example, in Fig. 2-bottom-right after applying our method, the model predicts hats and tiaras in every image location and not just the in top of the images as the baseline. Intuitively, this removes the spatial bias, producing balanced detectors that have better performance as shown in our ablation and our qualitative results.

3.4. Localised Calibration

By putting Eq. 6 and Eq. 9 together, we get the final FRActal CALibration (FRACAL) as:

F ( z y ) = S ( C ( z y )) ∑ C +1 j =1 S ( C ( z j )) . (10)"
"2410.11774v2.pdf","Relationship to frequency. As shown in Fig. 4-d and e, the fractal dimension weakly correlates with frequency, i.e., 0 . 35 for LVIS and 0 . 375 for COCO using Pearson correlation. Also, there are many rare classes with large Φ ≈ 2 , showing that our threshold selection technique is robust for small sample sets. The weak correlation between frequency and fractal dimension, highlights that our method complements the frequency statistics and adds new information to the model resulting in superior performance as shown experimentally.

Usage. After calculating Φ for all classes in the training set, we store the fractal dimensions in the memory. During inference, we fuse them with the model's prediction using the space-aware calibration (S):

S ( z y ) = { σ ( z y ) Φ( y ) λ , y ∈ { 1 , ..., C } σ ( z y ) , y = bg , (9)"
"2410.11774v2.pdf","Dealing with rare classes. To select the threshold t , we use the quadratic rule G ≤ t = ⌊ √ n y ⌋ . The motivation for this rule is simple, for example, if an object is rare, e.g., it appears 4 times in the whole training set, then it can, at most, fill a grid of size 2 × 2 . For objects with fewer occurrences we cannot compute Φ and thus we assign Φ = 1 . Using this rule, we define the maximum number of pairs that are required for fitting the 'fractality' line highlighted in orange in Fig. 4-b and Fig. 4-c. For example, the rare object birdbath appears 12 times in the training set, thus we use the first three orange points in Fig. 4-c that correspond to G = { 1 , 2 , 3 } , to fit the 'fractality' line, resulting in a large Φ = 1 . 67 . This rule ensures that the fractal dimension computation does not underestimate the rare classes and it gives robust measurements that increase rare class performance as shown in our experiments. For the cow object that has larger frequency we use more G -ν orange pairs to fit the line as shown in Fig. 4-b, resulting in Φ = 1 . 80 ."
"2410.11774v2.pdf","For brevity, we rewrite ν y = ∑ G -1 j =0 ∑ G -1 i =0 ✶ ( n y ( u )) and we give an example in Fig. 4-a. In practice, Eq. 8 cannot be computed because by increasing G , the computation becomes intractable. Instead, we approximate Φ , by evaluating nominator-denominator pairs of Eq. 8 for various values of G up to a threshold t and then fit a line to those points. The slope of this line approximates Φ( y ) , because it considers all computed G -ν y pairs."
"2410.11774v2.pdf","However, the choice of the grid size G largely affects the estimation of p ( y, u ) , as shown in Fig.3-right. For example, if we use smaller G , the generic object distribution becomes denser and little location information is encoded. If we use larger G , the distribution becomes sparse. This is problematic for the rare classes because they are already sparse and their location information is noisy. In Table 5-e, we show that this baseline shows limited performance.

3.3. Calibration using fractals

To solve the sparsity problem introduced by the grid-size, we use the fractal dimension Φ [70], which is a metric independent of the grid size G . To calculate Φ , we use the box-counting method [80]:

Φ( y ) = lim G →∞ log ∑ G -1 j =0 ∑ G -1 i =0 ✶ ( n y ( u )) log( G ) , (8)

where ✶ is the indicator function. For objects in 2D images, as in our case, Φ( y ) ∈ [0 , 2] , where 0 is only one object, 1

shows that the objects lie across a line and 2 shows that they are located uniformly across the image space."
"2410.11774v2.pdf","end, Eq. 6 can get good performance as shown in our ablation study but it is limited because the assumption that p ( y, u ) = p ( y ) · p ( u ) is not correct. In the real world, the object detection distribution has a strong center bias, as shown in Fig.3 and discussed in [68]. Furthermore, the location is correlated with the class [36], therefore, p ( y, u ) = p ( y ) · p ( u ) . As we show, the location provides valuable information for the long-tailed detection task and we enhance Eq. 6 by fusing location information.

3.2.2. Location-class dependence.

One way to compute p ( y, u ) is by counting the class occurrences n y ( u ) along locations that fall inside the cell u = [ i, j ] as shown in Fig. 3-left. To do so, we discretise the space of various image resolutions into a normalised square grid U G × G of fixed size G ∈ N and count class occurrences inside every grid cell. Accordingly, the grid dependent calibration is defined as:

C G ( z y, u ) = { z y, u -log β ( p s ( y, u )) + log β ( p t ( y, u )) z y, u , if y = bg , (7)

where z y, u is the predicted logit whose center falls inside the discrete cell u = [ i, j ] and p t ( y, u ) is uniform, i.e., p t ( y, u ) = 1 C · 1 G 2 ."
"2410.11774v2.pdf","where p ( u ) is the probability of a random location in the image space and it has been simplified because it is the same in both source and target distributions, i.e., p s ( u ) = p t ( u ) . In theory p t ( y ) is unknown, thus Eq.5 cannot be applied. Despite that, we found that setting p t ( y ) = 1 C works well, because it forces the model to do balanced detections on the test set. In practice, this maximises average precision because this metric independently evaluates all classes and it rewards balanced detectors [17]. Accordingly, the Classification (C) calibration of the logit z y is:

C ( z y ) = { z y -log β ( n y ∑ C i n i ) + log β ( 1 C ) , y ∈ { 1 , ..., C } z y , y = bg , (6)

where β is the base of the logarithm that we optimise through hyperparameter search. The background logit remains unaffected because of the assumption that the object distribution is the same in train and test set p s ( o, u ) ≈ p t ( o, u ) , (this assumption is taken from [69, 107]). To this

1 Typically object detectors use an extra background logit bg to implicitely learn p ( o, u ) .

̸"
"2410.11774v2.pdf","where o is an object, irrespective of class, and u is the location inside the image.

Substituting Eq.2 in Eq.1, ¯ y becomes:

¯ y = arg max y ( f y ( x ; θ ) + log( p t ( y, u ) · p t ( o, u ) p s ( y, u ) · p s ( o, u ) ) . (3)

The term p ( o, u ) in Eq.3 cannot be calculated apriori as it depends on the model's training (e.g., the IoU sampling algorithm, how the object class is encoded etc 1 ). Despite this, p s ( o, u ) ≈ p t ( o, u ) , as we show in the Appendix, which means that the object distributions of the train and the test set remain the same and only the foreground class distribution changes. As a result:

¯ y = arg max y ( f y ( x ; θ ) + log( p t ( y, u )) -log( p s ( y, u ))) . (4)

Next, we show how the location parameter u affects Eq. 4.

3.2.1. Location-class independence.

We consider the case where the location u does not give any information. In this case, u and y are independent variables, thus p ( y, u ) = p ( y ) · p ( u ) and we rewrite Eq. 4 as:

¯ y = arg max y ( f y ( x ; θ ) + log( p t ( y ) · p t ( u ) p s ( y ) · p s ( u )) ) = arg max y ( f y ( x ; θ ) + log( p t ( y )) -log( p s ( y ))) , (5)"
"2410.11774v2.pdf","3.1. Background: Classification Calibration

Let f y ( x ; θ ) = z be a classifier parameterised by θ , x the input image, y the class, z the logit, ¯ y is the model's prediction and p s ( y ) and p t ( y ) the class priors on the train and test distributions respectively. The post-calibration equation is:

¯ y =argmax y ( f y ( x ; θ ) + log( p t ( y )) -log( p s ( y ))) . (1)

This has been numerously analysed in previous literature [3, 28, 56, 65, 76] and we derive it in Appendix. In short, this shows that to get better performance, one can align the model's predictions with the test distribution, by subtracting log( p s ( y )) and adding log( p t ( y )) in the logit space. We now extend it to object detection.

3.2. Classification Calibration for Object Detection

In classification, p ( y ) can be easily defined using the dataset's statistics, by using instance frequency n y , i.e.

p ( y ) = n y ∑ C j n j . In object detection, this is not the case because p ( y ) is affected by the location and the object class. Following [2], we define the class priors as:

p ( y, o, u ) = p ( y | o, u ) · p ( o, u ) = p ( y, u ) · p ( o, u ) , (2)"
"2410.11774v2.pdf","Relation to previous works. In Table 1, we contrast our work to previous post-calibration methods used in classification and object detection. As the Table suggests, all prior methods use only frequency information and none of them considers the space information.

3. Methodology

We show the overview of our approach in Fig.2. FRACAL is essentially a post-processing method that calibrates the classification logits of the detector using precomputed weights based on the class and space statistics of the trainset. The FRACAL weights can be stored in the memory, thus during inference our method has insignificant overhead. Its effects on the detector are twofold, on the frequency axis, it decreases frequent class predictions like hat and increases rare class predictions like tiara . On the space axis, it produces more uniformly spaced predictions for all classes, by forcing e.g. both hats and tiaras to appear in all locations and not just the top. Next, we analyse our method in detail."
"2410.11774v2.pdf","Norcal [69] was the first method to apply a postcalibration technique in imbalanced object detection, achieving promising results without training the detector. They proposed to calibrate only the foreground logits using the train-set's label statistics and applied a re-normalisation step. LogN [107] proposed to use the model's own predictions to estimate the class statistics and applied standardisation in the classification layer.

However LogN, requires forward-passing the whole training set through the model to estimate the weights, thus it is slower than FRACAL, which is not model-dependent. Also, both methods do not utilise the spatial statistics of the classes which are valuable indicators since the classes and their location are correlated [36].

To this end, FRACAL balances the detectors using both class and space information, largely surpassing the performance of the previous methods. FRACAL can be easily combined with two-stage softmax-based models like MaskRCNN [24], or one-stage sigmoid detectors such as GFLv2 [50] achieving great results without training or additional inference cost."
"2410.11774v2.pdf","mension. Through space-aware logit-adjustment, FRACAL mitigates biases in both the detection's location and classification axes.

Long-tailed object detection. The most prevalent technique is adaptive rare class re-weighting, which could be applied using either the statistics of the mini-batch [30, 82, 89] or the statistics of the gradient [45, 83]. Other works use adaptive classification margins based on the classifier's weight norms [43, 90], classification score [18, 27, 86], activation functions [2, 4], group hierarchies [51, 95] and ranking loss [105]. Many works use data resampling techniques [18, 22, 35, 95, 100] or external rare class augmentation [101, 102]. All these works optimise the model on the longtailed distribution and require the construction of a complicated and cumbersome training pipeline. In contrast, our method operates during the model's inference stage thus it is easier to use and less evasive to the user's codebase."
"2410.11774v2.pdf","Long-tailed image classification. In the past years, the long-tailed image recognition problem has received great attention, as demonstrated by many recent surveys [68, 97, 106] and newly created benchmarks [19, 84, 98]. In long-tailed classification, the works could be split into two groups, representation learning and classifier learning. Representation learning techniques aim to efficiently learn rare class features using oversampling [29, 72, 100], contrastive learning [14, 49, 112], using ensemble or fusion models [1, 13, 44, 46, 92], knowledge distillation [26, 46, 48], knowledge transfer [60, 71, 113], sharpness aware minimisation [64, 110, 111] and neural collapse [47, 58, 109]. Classifier learning techniques aim to adjust the classifier in favour of the rare classes via decoupled training [31, 35, 104], margin adjustment [3, 8, 28, 34, 65, 76, 99, 108] and cost-sensitive learning [15, 37, 93]. Among these works, the Post-Calibrated Softmax Adjustment (PCSA) method [28, 63, 65] distinguishes itself through both its strong performance and the absence of any training requirements. However, most of the classifier and representation learning techniques are hard to adopt in long-tailed object detection. This difficulty arises from the larger imbalance inherent in this task, amplified by the presence of the background class [66, 97]. Moreover, the optimisation of models for this task becomes more complex due to multiple sources of imbalance such as batch imbalance, class imbalance and task imbalance as outlined in this survey [68]. For this reason, we develop FRACAL, which is a post-calibration method tailored to the long-tailed object detection task. Different from post-calibration classification methods [28, 65], FRACAL enhances the detection performance by leveraging classdependent space information derived from the fractal di-"
"2410.11774v2.pdf","Table 1. Post-calibration techniques in long-tailed tasks. τ and γ are hyper-parameters, bg is the background class, µ y and ς y are estimated class mean and standard deviation respectively. Compared to past works, FRACAL uses both frequency ( F ) and space ( S ) information, as shown in Section 3.

Method | Use | Adjustment
LA. [65] | F F | z ′ y = z y - τ log( p s ( y )) z ′ y = - z y · log( p s ( y )) z ′ y = z y - log( p s ( y ))+log( p t ( y p ′ y = p y /n γ y p bg + ∑ p y /n γ y , y / ∈ bg z ′ = z y - ( µ y - min y ( µ y )) , y / ∈ bg
IIF [3] | F | 
PCSA [28] |  | ))
Norcal [69] | F | 
LogN [107] | F | y ς y
FRACAL | S + F | z ′ y = S ( C ( z y )) / ∑ C +1 j =1 S ( C ( z y ))

proposals [9, 114], or diffusion-based methods which use a de-noising process to learn bounding boxes [11] and segmentation masks [20]. However, all of these methods struggle to learn the rare classes when trained with long-tailed data [22, 68] due to the insufficient rare samples. To this end, FRACAL enhances the rare class performance using a space-aware logit adjustment that can be easily applied during inference."
"2410.11774v2.pdf","Our contributions are as follows:
· For the first time, we show the importance of the classlocation dependence in post-calibration for long-tailed object detection.
· We capture the location-class dependence via a spaceaware long-tailed object detection calibration method based on the fractal dimension.
· Our method performs remarkably on various detectors and backbones, on both heavily imbalanced datasets such as LVIS and less imbalanced datasets such as COCO, V3DET and OpenImages, outperforming the state-of-theart by up to 8 . 6% .

2. Related Work

General Object Detection. General object detection [9, 11, 52, 55, 57, 75, 77, 81, 114] and instance segmentation [5, 7, 10, 24, 33, 52, 85] have witnessed tremendous advancements. Recently, transformer-based detectors were proposed which use self-attention to directly learn object"
"2410.11774v2.pdf","Motivated by the class-location dependence [36], in this work, we investigate a novel way to incorporate location information into post-calibration for imbalanced object detection to boost the performance of rare classes by fully exploiting dataset statistics. We empirically show that naively injecting location statistics results in inferior performance because the location information is sparse for the rare classes. To overcome this, we propose FRACAL (FRActal CALibration), a novel post-calibration method based on the fractal dimension, as shown in Fig.1-bottom. Our method aggregates the location distribution of all objects in the training set, using the box-counting method [80]. This resolves the sparsity problem and significantly enhances the performance of both frequent and rare classes as shown in our experiments. Our method comes with several advantages. First, it performs an effective class calibration, suitable for the object detection task, using the dataset's class frequencies. Secondly, it captures the class-location dependency [36], using the fractal dimension, and it fuses this information into class calibration. This results in a better and unique space-aware logit-adjustment technique that complements the frequency-dependent class calibration method and achieves higher overall performance compared to previous PCSA techniques. FRACAL can be easily combined with both one-stage and two stage detectors, Softmax and Sigmoid-based models, various instance segmentation architectures, various backbones, sampling strategies, and largely increase the performance during the inference step. FRACAL significantly advances the performance on the challenging LVISv1 benchmark [22] with no training, or additional inference cost by 8 . 6% rare mask average precision ( AP r m )."
"2410.11774v2.pdf","1. Introduction

In recent years, there have been astonishing developments in the field of object detection [9, 11, 62]. Most of these works utilise vast, balanced, curated datasets such as ImageNet1k [16], or MS-COCO [53] to learn efficient image representations. However, in the real world, data are rarely balanced, in fact, they follow a long-tailed distribution [60]. When models are trained with long-tailed data, they perform well for the frequent classes of the distribution but they perform inadequately for the rare classes [51, 76, 88]. This problem poses significant challenges to the safe deployment of detection and instance segmentation models

is a critical indicator considering the correlation between classes y and their respective locations u ."
"2410.11774v2.pdf","Abstract

Real-world datasets follow an imbalanced distribution, which poses significant challenges in rare-category object detection. Recent studies tackle this problem by developing re-weighting and re-sampling methods, that utilise the class frequencies of the dataset. However, these techniques focus solely on the frequency statistics and ignore the distribution of the classes in image space, missing important information. In contrast to them, we propose FRA ctal CAL ibration (FRACAL): a novel post-calibration method for long-tailed object detection. FRACAL devises a logit adjustment method that utilises the fractal dimension to estimate how uniformly classes are distributed in image space. During inference, it uses the fractal dimension to inversely downweight the probabilities of uniformly spaced class predictions achieving balance in two axes: between frequent and rare categories, and between uniformly spaced and sparsely spaced classes. FRACAL is a post-processing method and it does not require any training, also it can be combined with many off-the-shelf models such as one-stage sigmoid detectors and two-stage instance segmentation models. FRACAL boosts the rare class performance by up to 8 . 6% and surpasses all previous methods on LVIS dataset, while showing good generalisation to other datasets such as COCO, V3Det and OpenImages. We provide the code at https: //github.com/kostas1515/FRACAL ."
"2410.11774v2.pdf","However, current PCSA methods utilise solely the train set's class frequency p s ( y ) as shown in Fig.1-top, overlooking the significance of the classes' dependence on the location distribution p s ( y, u ) . This is a significant limitation of previous PCSA methods because the location information"
"2410.11774v2.pdf","Fractal Calibration for long-tailed object detection

Konstantinos Panagiotis Alexandridis 1 , ∗ , Ismail Elezi 1 , Jiankang Deng 2 , Anh Nguyen 3 and Shan Luo 4 1 Huawei Noah's Ark Lab; 2 Imperial College London; 3 University of Liverpool; 4 King's College London

∗ konstantinos.alexandridis@huawei.com

in real-world safe-critical applications such as autonomous vehicles, medical applications, and industrial applications, scenarios where rare class detection is paramount.

Many approaches address the long-tailed detection problem by employing adaptive re-weighting or data resampling techniques to handle imbalanced distributions [86, 89, 100]. However all these methods require training. In contrast, in long-tailed image classification, alternative methods focus on mitigating class imbalance during inference through a post-calibrated softmax adjustment (PCSA) [3, 28, 76]. PCSA boasts strong performance, good compatibility with many methods like data augmentation, masked image modeling, contrastive learning, and does not necessitate specialized loss function optimization, making it more user friendly [12, 96, 112]."
"2410.11774v2.pdf","11.1. Visualisation of the Φ distribution

As shown in the Figure 7, after applying our method, the detected objects have larger Φ values than the baseline, especially for the rare classes, which means that the detector makes more spatially balanced detections than the baseline.

12. FRACAL computational cost

FRACAL needs 28 seconds to compute the fractal dimension of all objects in LVIS dataset, using multiprocessing with 24 CPU cores. In comparison, LVIS inference costs 90 minutes, using 4-V100, thus our method only accounts for 0 . 5% of the total computation."
"2410.11774v2.pdf","11. Visualisations

We provide more visualisations of our method in Figure 8. In (a) the ground-truth p ( y, u ) of LVIS validation set is displayed using a grid of 64 by 64. In (b) the Baseline ˜ p b ( y, u ) is shown, with an one example prediction in (c) using a detection threshold of 0 . 01 . In (d) our FRACAL ˜ p f ( y, u ) is shown using the same detection threshold and finally in (e) one example prediction of FRACAL is shown. In these subfigures, the name of the y-axis denotes the class name and the name of the x-axis indicates the average euclidean distance D between the coordinates of the predictions and the center point in image space. This distance measure shows how spread-out are the predictions and a larger distance indicates larger spatial uniformity because more predictions are further away from the image center. As the Figure suggests, our FRACAL predictions in (d) have larger distance D from the image center compared to the baseline predictions in (b), highlighting that FRACAL is more spatially balanced than the baseline. Furthermore, FRACAL makes more rare class-predictions as shown in (d) than the baseline predictions shown in (b), and correctly retrieves the rare classes scarecrow , sobrero , crow , gargoyle and heron in the (1-e), (2-e), (3-e), (4-e) and (5-e) respectively, in contrast to the baseline that fails to detect them."
"2410.11774v2.pdf","As Table 11 shows, FRACAL reduces the calibration error by 1 . 9 LaECE 0 points and by 4 . 7 LaACE 0 points, compared to the baseline. This shows that FRACAL logit calibration does not produce unreasonable class confidence estimates, in contrast, it enhances the confidence estimates for the rare classes making FRACAL a suitable logit adjustment method for long-tailed object detection."
"2410.11774v2.pdf","In our main paper, we have focused on logit calibration, following the terminology of [69], which is different from confidence calibration, as the former aims in improving the rare class performance and the latter aims in reducing the expected calibration error. Despite that, we have analysed the calibration performance of our method compared to the baseline using the LVIS validation set, MaskRCNN ResNet50 and the newly proposed LaECE 0 and LaACE 0 metrics [42]. The LaECE 0 metric shows the mean absolute error between the detection confidence of all predictions and the respective IoU that matches the ground-truth aggregated over 25 confidence bins. LaACE 0 is similar to LaECE 0 , however instead of using 25 bins, it uses an adaptive bin size. Both metrics jointly measure the localisation and classification quality and a low value indicates that the detection has an aligned localisation and classification estimate for the ground-truth. For more details on these metrics, please refer to [42].

Table 11. Calibration Errors using MaskRCNN ResNet50 on LVIS validation set. FRACAL reduces the calibration error compared to the baseline.

0 | 1 | 2
Method | LaECE 0 ( ↓ ) | LaACE 0 ( ↓ )
Baseline | 16.8 | 19.8
FRACAL (ours) | 14.9 | 15.1"
"2410.11774v2.pdf","10. Confidence Calibration.

Many works in classification [21, 39, 67, 74] and object detection [40, 42, 73] study confidence calibration, which is a technique that allows the model to match its confidence score with its expected accuracy. Confidence calibration is important because it allows the detectors to output calibrated predictions that match the expected average precision. This leads to a safer deployment of detectors because the calibrated detectors provide reassurance regarding their detections which is a desired property in many safe-critical applications like autonomous vehicles [42]."
"2410.11774v2.pdf","As Table 10 shows, by adding only the class calibration, the dAP b Cls is reduced significantly by 11 . 29 percentage points (pp) compared to the baseline. This shows that the class calibration method increases the correct rare class predictions. However, the class calibration sometimes overestimates the rare classes and predicts rare objects instead of background obtaining 1 . 44 pp larger dAP b Bkg than the baseline. When the space calibration is added to the class calibration then it further reduces the misclassification rate dAP b Cls by 3 . 58 pp showing that the space calibration classifies better the rare classes. At the same time, the space calibration slightly reduces the false background predictions by 0 . 42 pp compared to the class calibration method. This analysis shows that both class and space calibration are important and the joint use can lead to better and more balanced detectors."
"2410.11774v2.pdf","9. Error Analysis

We perform an error analysis on the baseline method that uses MaskRCNN ResNet50 and our FRACAL with the same architecture, using the TIDE toolkit [6]. The TIDE toolkit, reports errors using the dAP b metric which shows the AP b loss due to a specific detection error. In more detail, dAP b Cls shows the AP b loss due to misclassification, dAP b Loc shows the AP b loss due to mislocalisation, dAP b Both indicates the loss due to both misclassification and mislocalisation, dAP b Dupe indicates the loss due to duplicate detections, dAP b Bkg shows the error due to background detections and dAP b Miss shows the errors due to miss-detections."
"2410.11774v2.pdf","Table 10. Error analysis using TIDE toolkit [6]. The class calibration reduces the misclassification error but it introduces more false background detections compared to the baseline. When adding the space calibration, it further reduces the misclassification error and also reduces the false background detections compared to the class calibration only.

0 | 1 | 2 | 3 | 4 | 5 | 6
Method | dAP b Cls ( ↓ ) | dAP b Loc ( ↓ ) | dAP b Both ( ↓ ) | dAP b Dupe ( ↓ ) | dAP b Bkg ( ↓ ) | dAP b Miss ( ↓ )
Baseline | 31.76 | 6.16 | 0.45 | 0.32 | 1.8 | 6.82
Cls calibration | 20.49 | 6.96 | 1.02 | 0.01 | 3.26 | 6.46
Cls + Space calibration | 16.91 | 6.42 | 0.85 | 0.01 | 2.84 | 6.84"
"2410.11774v2.pdf","This Equation is inspired by the smooth Inverse Document Frequency [79] used in natural language processing and its purpose is to smooth out zero values in ✶ ( n y ( u )) calculation.

All variants are robust and SmoothInfo achieves slightly better AP r m because its calculation is more tolerant to few samples compared to the box-counting method. However, SmoothInfo and Info achieve slightly worse AP b , thus we use the box-counting method in the main paper.

8. Object Distributions

We show that the object distribution p s ( o, u ) in the training set is similar to the object distribution p t ( o, u ) on the test set in the LVIS v1 dataset [22]. As shown in Figure 6, the distributions are close therefore we can safely assume that p s ( o, u ) ≈ p t ( o, u ) . This explains the reason why the background logit should remain intact during calibration because there does not exist label shift for the generic object class (also for the background class) between the train and test sets."
"2410.11774v2.pdf","Table 9. Fractal Dimension Variants using MaskRCNN with ResNet50 and RFS on LVISv1. All of the are robust and we have chosen the Box variant in the main paper.

0 | 1 | 2 | 3
Dimension | AP m | AP m r | AP b
Info | 28.6 | 23.2 | 28.3
SmoothInfo | 28.6 | 23.4 | 28.3
Box | 28.6 | 23.0 | 28.4

dimension [78] (Info), and a smooth variant (SmoothInfo). The information variant is defined as:

InfoΦ( y ) = lim G →∞ log ∑ G -1 j =0 ∑ G -1 i =0 ✶ ( n y ( u )) G 2 log( G ) (16)

It is the similar to the box-counting dimension, except for the box count which is normalised by the grid size G 2 . This way, the information dimension is represented by the growth rate of the probability p = ✶ ( n y ( u )) G 2 as G grows to infinity.

In practise, the quantity ✶ ( n y ( u )) can be frequently zero for many locations u especially for rare classes that have few samples and are sparsely located. For this reason, we also proposed a smooth information variant defined as:

SmoothΦ( y ) = lim G →∞ 1 + log ∑ G -1 j =0 ∑ G -1 i =0 1+ ✶ ( n y ( u )) G 2 log( G ) (17)"
"2410.11774v2.pdf","p t ( y | x ) ∝ 1 κ ( x ) p t ( y ) p s ( y ) e f y ( x ; θ ) p t ( x | y ) p s ( x | y ) = d ( x, y ) · e f y ( x ; θ )+log( p t ( y )) -log( p s ( y )) -log( κ ( x )) (14)

where we assume that d ( x, y ) = p t ( x | y ) p s ( x | y ) = 1 . This is a reasonable assumption, in cases where both train and test generating functions come from the same dataset, as it is in our benchmarks. In inference, we calculate the prediction ¯ y by taking the maximum value of Eq. 14:

¯ y =argmax y e ( f y ( x ; θ )+log( p t ( y )) -log( p s ( y )) -log( κ ( x ))) =argmax y ( f y ( x ; θ ) + log( p t ( y )) -log( p s ( y ))) (15)

where κ ( x ) is simplified because it is a function of x and it is invariant to arg max y . Eq. 15 is the post-calibration method [28, 65]. It can be used during inference to achieve balanced performance by injecting prior knowledge inside the model's predictions, via p t ( y ) and p s ( y ) , in order to align the source with the target label distribution and compensate for the label shift problem.

7. Fractal Dimension Variants

We explore various ways for computing the fractal dimension using the box-counting method [80], the information"
"2410.11774v2.pdf","Fractal Calibration for long-tailed object detection

Supplementary Material

6. Background: Classification Calibration

We theoretically derive the classification calibration for image classification. Let p s ( y | x ) and p t ( y | x ) be the source and target conditional distributions. Using the Bayes theorem, we write the source and target conditional distributions as:

p s ( y | x ) = p s ( x | y ) p s ( y ) p s ( x ) , p t ( y | x ) = p t ( x | y ) p t ( y ) p t ( x ) (12)

Dividing them, we write the target conditional distribution:

p t ( y | x ) = 1 κ ( x ) p t ( y ) p s ( y ) p s ( y | x ) p t ( x | y ) p s ( x | y ) (13)

where κ ( x ) = p t ( x ) p s ( x ) . During training, we approximate p s ( y | x ) by model f y ( x ; θ ) = z and a scorer function s ( x ) = e x for multiple category classification. Thus, the learned source conditional distribution is p s ( y | x ) ∝ e f y ( x ; θ ) . Substituting it inside Eq. 13, we rewrite the target condition distribution as:"
"2410.11774v2.pdf","(cd.)
[112] Jianggang Zhu, Zheng Wang, Jingjing Chen, YiPing Phoebe Chen, and Yu-Gang Jiang. Balanced contrastive learning for long-tailed visual recognition. In CVPR , 2022. 1, 2
[113] Linchao Zhu and Yi Yang. Inflated episodic memory with region self-attention for long-tailed visual recognition. In CVPR , 2020. 2
[114] Xizhou Zhu, Weijie Su, Lewei Lu, Bin Li, Xiaogang Wang, and Jifeng Dai. Deformable { detr } : Deformable transformers for end-to-end object detection. In ICLR , 2021. 2"
"2410.11774v2.pdf","(cd.)
[105] Shaoyu Zhang, Chen Chen, and Silong Peng. Reconciling object-level and global-level objectives for long-tail detection. In ICCV , 2023. 3, 7
[106] Yifan Zhang, Bingyi Kang, Bryan Hooi, Shuicheng Yan, and Jiashi Feng. Deep long-tailed learning: A survey. tPAMI , 2023. 2
[107] Liang Zhao, Yao Teng, and Limin Wang. Logit normalization for long-tail object detection. arXiv preprint arXiv:2203.17020 , 2022. 2, 3, 4, 7
[108] Yan Zhao, Weicong Chen, Xu Tan, Kai Huang, and Jihong Zhu. Adaptive logit adjustment loss for long-tailed visual recognition. In AAAI , 2022. 2
[109] Zhisheng Zhong, Jiequan Cui, Yibo Yang, Xiaoyang Wu, Xiaojuan Qi, Xiangyu Zhang, and Jiaya Jia. Understanding imbalanced semantic segmentation through neural collapse. In CVPR , 2023. 2
[110] Yixuan Zhou, Yi Qu, Xing Xu, and Hengtao Shen. Imbsam: A closer look at sharpness-aware minimization in classimbalanced recognition. arXiv preprint arXiv:2308.07815 , 2023. 2
[111] Zhipeng Zhou, Lanqing Li, Peilin Zhao, Pheng-Ann Heng, and Wei Gong. Class-conditional sharpness-aware minimization for deep long-tailed recognition. In CVPR , 2023. 2"
"2410.11774v2.pdf","(cd.)
[99] Han-Jia Ye, Hong-You Chen, De-Chuan Zhan, and WeiLun Chao. Identifying and compensating for feature deviation in imbalanced deep learning. arXiv preprint arXiv:2001.01385 , 2020. 2
[100] Yuhang Zang, Chen Huang, and Chen Change Loy. Fasa: Feature augmentation and sampling adaptation for longtailed instance segmentation. In ICCV , 2021. 1, 2, 3
[101] Cheng Zhang, Tai-Yu Pan, Yandong Li, Hexiang Hu, Dong Xuan, Soravit Changpinyo, Boqing Gong, and Wei-Lun Chao. Mosaicos: a simple and effective use of objectcentric images for long-tailed object detection. In ICCV , 2021. 3
[102] Cheng Zhang, Tai-Yu Pan, Tianle Chen, Jike Zhong, Wenjin Fu, and Wei-Lun Chao. Learning with free object segments for long-tailed instance segmentation. In ECCV , 2022. 3
[103] Shifeng Zhang, Cheng Chi, Yongqiang Yao, Zhen Lei, and Stan Z Li. Bridging the gap between anchor-based and anchor-free detection via adaptive training sample selection. In CVPR , 2020. 6, 7
[104] Songyang Zhang, Zeming Li, Shipeng Yan, Xuming He, and Jian Sun. Distribution alignment: A unified framework for long-tail visual recognition. In CVPR , 2021. 2"
"2410.11774v2.pdf","(cd.)
[92] Xudong Wang, Long Lian, Zhongqi Miao, Ziwei Liu, and Stella Yu. Long-tailed recognition by routing diverse distribution-aware experts. In ICLR , 2021. 2
[93] Yu-Xiong Wang, Deva Ramanan, and Martial Hebert. Learning to model the tail. In NeurIPS , 2017. 2
[94] Sanghyun Woo, Jongchan Park, Joon-Young Lee, and In So Kweon. Cbam: Convolutional block attention module. In ECCV , 2018. 8
[95] Jialian Wu, Liangchen Song, Tiancai Wang, Qian Zhang, and Junsong Yuan. Forest r-cnn: Large-vocabulary longtailed object detection and instance segmentation. In PACM International Conference on Multimedia , 2020. 3
[96] Zhengzhuo Xu, Ruikang Liu, Shuo Yang, Zenghao Chai, and Chun Yuan. Learning imbalanced data with vision transformers. In CVPR , 2023. 1
[97] Lu Yang, He Jiang, Qing Song, and Jun Guo. A survey on long-tailed visual recognition. IJCV , 2022. 2
[98] Yuzhe Yang, Hao Wang, and Dina Katabi. On multi-domain long-tailed recognition, imbalanced domain generalization and beyond. In ECCV , 2022. 2"
"2410.11774v2.pdf","(cd.)
[87] Jiaqi Wang, Pan Zhang, Tao Chu, Yuhang Cao, Yujie Zhou, Tong Wu, Bin Wang, Conghui He, and Dahua Lin. V3det: Vast vocabulary visual detection dataset. In Proceedings of the IEEE/CVF International Conference on Computer Vision (ICCV) , pages 19844-19854, 2023. 7, 8
[88] Tao Wang, Yu Li, Bingyi Kang, Junnan Li, Junhao Liew, Sheng Tang, Steven Hoi, and Jiashi Feng. The devil is in classification: A simple framework for long-tail instance segmentation. In ECCV , 2020. 1
[89] Tong Wang, Yousong Zhu, Chaoyang Zhao, Wei Zeng, Jinqiao Wang, and Ming Tang. Adaptive class suppression loss for long-tail object detection. In CVPR , 2021. 1, 3, 6
[90] Tong Wang, Yousong Zhu, Yingying Chen, Chaoyang Zhao, Bin Yu, Jinqiao Wang, and Ming Tang. C2am loss: Chasing a better decision boundary for long-tail object detection. In CVPR , 2022. 3
[91] Tao Wang, Li Yuan, Xinchao Wang, and Jiashi Feng. Learning box regression and mask segmentation under longtailed distribution with gradient transfusing. International Journal of Computer Vision , pages 1-17, 2024. 7"
"2410.11774v2.pdf","(cd.)
[81] Peize Sun, Rufeng Zhang, Yi Jiang, Tao Kong, Chenfeng Xu, Wei Zhan, Masayoshi Tomizuka, Lei Li, Zehuan Yuan, Changhu Wang, et al. Sparse r-cnn: End-to-end object detection with learnable proposals. In CVPR , 2021. 2
[82] Jingru Tan, Changbao Wang, Buyu Li, Quanquan Li, Wanli Ouyang, Changqing Yin, and Junjie Yan. Equalization loss for long-tailed object recognition. In CVPR , 2020. 3, 6
[83] Jingru Tan, Xin Lu, Gang Zhang, Changqing Yin, and Quanquan Li. Equalization loss v2: A new gradient balance approach for long-tailed object detection. In CVPR , 2021. 3, 6
[84] Kaihua Tang, Mingyuan Tao, Jiaxin Qi, Zhenguang Liu, and Hanwang Zhang. Invariant feature learning for generalized long-tailed classification. In ECCV , 2022. 2
[85] Jiaqi Wang, Kai Chen, Rui Xu, Ziwei Liu, Chen Change Loy, and Dahua Lin. Carafe: Content-aware reassembly of features. In ICCV , 2019. 2, 6
[86] Jiaqi Wang, Wenwei Zhang, Yuhang Zang, Yuhang Cao, Jiangmiao Pang, Tao Gong, Kai Chen, Ziwei Liu, Chen Change Loy, and Dahua Lin. Seesaw loss for longtailed instance segmentation. In CVPR , 2021. 1, 3, 6, 8"
"2410.11774v2.pdf","(cd.)
[74] John Platt et al. Probabilistic outputs for support vector machines and comparisons to regularized likelihood methods. Advances in large margin classifiers , 10(3):61-74, 1999. 14
[75] Joseph Redmon and Ali Farhadi. Yolo9000: better, faster, stronger. In CVPR , 2017. 2
[76] Jiawei Ren, Cunjun Yu, Shunan Sheng, Xiao Ma, Haiyu Zhao, Shuai Yi, and Hongsheng Li. Balanced meta-softmax for long-tailed visual recognition. In NeurIPS , 2020. 1, 2, 3
[77] Shaoqing Ren, Kaiming He, Ross Girshick, and Jian Sun. Faster r-cnn: Towards real-time object detection with region proposal networks. In NeurIPS , 2015. 2
[78] Alfr´ ed R´ enyi. On the dimension and entropy of probability distributions. Acta Mathematica Academiae Scientiarum Hungarica , 10(1-2):193-215, 1959. 13
[79] Stephen Robertson. Understanding inverse document frequency: on theoretical arguments for idf. Journal of documentation , 60(5):503-520, 2004. 13
[80] Manfred Schroeder. Fractals, chaos, power laws: Minutes from an infinite paradise . Courier Corporation, 2009. 2, 4, 13"
"2410.11774v2.pdf","(cd.)
[69] Tai-Yu Pan, Cheng Zhang, Yandong Li, Hexiang Hu, Dong Xuan, Soravit Changpinyo, Boqing Gong, and Wei-Lun Chao. On model calibration for long-tailed object detection and instance segmentation. In NeurIPS , 2021. 2, 3, 4, 6, 7, 14
[70] Chinmaya Panigrahy, Ayan Seal, Nihar Kumar Mahato, and Debotosh Bhattacharjee. Differential box counting methods for estimating fractal dimension of gray-scale images: A survey. Chaos, Solitons & Fractals , 126:178-202, 2019. 4
[71] Sarah Parisot, Pedro M Esperanc ¸a, Steven McDonagh, Tamas J Madarasz, Yongxin Yang, and Zhenguo Li. Longtail recognition via compositional knowledge transfer. In CVPR , 2022. 2
[72] Seulki Park, Youngkyu Hong, Byeongho Heo, Sangdoo Yun, and Jin Young Choi. The majority can help the minority: Context-rich minority oversampling for long-tailed classification. In CVPR , 2022. 2
[73] Bimsara Pathiraja, Malitha Gunawardhana, and Muhammad Haris Khan. Multiclass confidence and localization calibration for object detection. In Proceedings of the IEEE/CVF Conference on Computer Vision and Pattern Recognition , pages 19734-19743, 2023. 14"
"2410.11774v2.pdf","[63] Chengcheng Ma, Ismail Elezi, Jiankang Deng, Weiming Dong, and Changsheng Xu. Three heads are better than one: Complementary experts for long-tailed semisupervised learning. In AAAI , 2024. 2
[64] Yanbiao Ma, Licheng Jiao, Fang Liu, Shuyuan Yang, Xu Liu, and Lingling Li. Curvature-balanced feature manifold learning for long-tailed classification. In CVPR , 2023. 2
[65] Aditya Krishna Menon, Sadeep Jayasumana, Ankit Singh Rawat, Himanshu Jain, Andreas Veit, and Sanjiv Kumar. Long-tail learning via logit adjustment. In ICLR , 2021. 2, 3, 13
[66] Ravi Teja Mullapudi, Fait Poms, William R Mark, Deva Ramanan, and Kayvon Fatahalian. Background splitting: Finding rare classes in a sea of background. In CVPR , 2021. 2
[67] Alexandru Niculescu-Mizil and Rich Caruana. Predicting good probabilities with supervised learning. In Proceedings of the 22nd international conference on Machine learning , pages 625-632, 2005. 14
[68] Kemal Oksuz, Baris Can Cam, Sinan Kalkan, and Emre Akbas. Imbalance problems in object detection: A review. tPAMI , 2020. 2, 4"
"2410.11774v2.pdf","(cd.)
[62] Chengqi Lyu, Wenwei Zhang, Haian Huang, Yue Zhou, Yudong Wang, Yanyi Liu, Shilong Zhang, and Kai Chen. Rtmdet: An empirical study of designing real-time object detectors. arXiv preprint arXiv:2212.07784 , 2022. 1"
"2410.11774v2.pdf","(cd.)
[56] Zachary Lipton, Yu-Xiang Wang, and Alexander Smola. Detecting and correcting for label shift with black box predictors. In ICML , 2018. 3
[57] Wei Liu, Dragomir Anguelov, Dumitru Erhan, Christian Szegedy, Scott Reed, Cheng-Yang Fu, and Alexander C Berg. Ssd: Single shot multibox detector. In ECCV , 2016. 2
[58] Xuantong Liu, Jianfeng Zhang, Tianyang Hu, He Cao, Yuan Yao, and Lujia Pan. Inducing neural collapse in deep longtailed learning. In AISTAT , 2023. 2
[59] Yu Liu, Guanglu Song, Yuhang Zang, Yan Gao, Enze Xie, Junjie Yan, Chen Change Loy, and Xiaogang Wang. 1st place solutions for openimage2019-object detection and instance segmentation. arXiv preprint arXiv:2003.07557 , 2020. 8
[60] Ziwei Liu, Zhongqi Miao, Xiaohang Zhan, Jiayun Wang, Boqing Gong, and Stella X Yu. Large-scale long-tailed recognition in an open world. In CVPR , 2019. 1, 2
[61] Ze Liu, Yutong Lin, Yue Cao, Han Hu, Yixuan Wei, Zheng Zhang, Stephen Lin, and Baining Guo. Swin transformer: Hierarchical vision transformer using shifted windows. In ICCV , 2021. 8"
"2410.11774v2.pdf","(cd.)
[50] Xiang Li, Wenhai Wang, Xiaolin Hu, Jun Li, Jinhui Tang, and Jian Yang. Generalized focal loss v2: Learning reliable localization quality estimation for dense object detection. In CVPR , 2021. 3, 6, 7
[51] Yu Li, Tao Wang, Bingyi Kang, Sheng Tang, Chunfeng Wang, Jintao Li, and Jiashi Feng. Overcoming classifier imbalance for long-tail object detection with balanced group softmax. In CVPR , 2020. 1, 3
[52] Yanghao Li, Hanzi Mao, Ross Girshick, and Kaiming He. Exploring plain vision transformer backbones for object detection. In ECCV , 2022. 2
[53] Tsung-Yi Lin, Michael Maire, Serge Belongie, James Hays, Pietro Perona, Deva Ramanan, Piotr Doll´ ar, and C Lawrence Zitnick. Microsoft coco: Common objects in context. In ECCV , 2014. 1, 7
[54] Tsung-Yi Lin, Piotr Doll´ ar, Ross Girshick, Kaiming He, Bharath Hariharan, and Serge Belongie. Feature pyramid networks for object detection. In CVPR , 2017. 6
[55] Tsung-Yi Lin, Priya Goyal, Ross Girshick, Kaiming He, and Piotr Doll´ ar. Focal loss for dense object detection. In ICCV , 2017. 2"
"2410.11774v2.pdf","(cd.)
[43] Banghuai Li. Adaptive hierarchical representation learning for long-tailed object detection. In CVPR , 2022. 3
[44] Bolian Li, Zongbo Han, Haining Li, Huazhu Fu, and Changqing Zhang. Trustworthy long-tailed classification. In CVPR , 2022. 2
[45] Bo Li, Yongqiang Yao, Jingru Tan, Gang Zhang, Fengwei Yu, Jianwei Lu, and Ye Luo. Equalized focal loss for dense long-tailed object detection. In CVPR , 2022. 3, 6
[46] Jun Li, Zichang Tan, Jun Wan, Zhen Lei, and Guodong Guo. Nested collaborative learning for long-tailed visual recognition. In CVPR , 2022. 2
[47] Jian Li, Ziyao Meng, Daqian Shi, Rui Song, Xiaolei Diao, Jingwen Wang, and Hao Xu. Fcc: Feature clusters compression for long-tailed visual recognition. In CVPR , 2023. 2
[48] Tianhao Li, Limin Wang, and Gangshan Wu. Self supervision to distillation for long-tailed visual recognition. In ICCV , 2021. 2
[49] Tianhong Li, Peng Cao, Yuan Yuan, Lijie Fan, Yuzhe Yang, Rogerio S Feris, Piotr Indyk, and Dina Katabi. Targeted supervised contrastive learning for long-tailed recognition. In CVPR , 2022. 2"
"2410.11774v2.pdf","(cd.)
[39] Meelis Kull, Telmo Silva Filho, and Peter Flach. Beta calibration: a well-founded and easily implemented improvement on logistic calibration for binary classifiers. In Artificial Intelligence and Statistics , pages 623-631. PMLR, 2017. 14
[40] Fabian Kuppers, Jan Kronenberger, Amirhossein Shantia, and Anselm Haselhoff. Multivariate confidence calibration for object detection. In Proceedings of the IEEE/CVF conference on computer vision and pattern recognition workshops , pages 326-327, 2020. 14
[41] Alina Kuznetsova, Hassan Rom, Neil Alldrin, Jasper Uijlings, Ivan Krasin, Jordi Pont-Tuset, Shahab Kamali, Stefan Popov, Matteo Malloci, Alexander Kolesnikov, et al. The open images dataset v4: Unified image classification, object detection, and visual relationship detection at scale. International Journal of Computer Vision , 128(7):19561981, 2020. 7, 8
[42] Selim Kuzucu, Kemal Oksuz, Jonathan Sadeghi, and Puneet K Dokania. On calibration of object detectors: Pitfalls, evaluation and baselines. In European Conference on Computer Vision , pages 185-204. Springer, 2025. 14"
"2410.11774v2.pdf","(cd.)
[33] Zhaojin Huang, Lichao Huang, Yongchao Gong, Chang Huang, and Xinggang Wang. Mask scoring r-cnn. In CVPR , 2019. 2
[34] Jang Hyun Cho and Philipp Kr¨ ahenb¨ uhl. Long-tail detection with effective class-margins. In ECCV , 2022. 2, 6, 7, 8
[35] Bingyi Kang, Saining Xie, Marcus Rohrbach, Zhicheng Yan, Albert Gordo, Jiashi Feng, and Yannis Kalantidis. Decoupling representation and classifier for long-tailed recognition. In ICLR , 2020. 2, 3
[36] Osman Semih Kayhan and Jan C van Gemert. On translation invariance in cnns: Convolutional layers can exploit absolute spatial location. In Proceedings of the IEEE/CVF Conference on Computer Vision and Pattern Recognition , pages 14274-14285, 2020. 2, 3, 4
[37] Salman H Khan, Munawar Hayat, Mohammed Bennamoun, Ferdous A Sohel, and Roberto Togneri. Costsensitive learning of deep feature representations from imbalanced data. IEEE transactions on neural networks and learning systems , 2017. 2
[38] Diederik P Kingma and Jimmy Ba. Adam: A method for stochastic optimization. arXiv preprint arXiv:1412.6980 , 2014. 6"
"2410.11774v2.pdf","(cd.)
[26] Yin-Yin He, Jianxin Wu, and Xiu-Shen Wei. Distilling virtual examples for long-tailed recognition. In ICCV , 2021. 2
[27] Yin-Yin He, Peizhen Zhang, Xiu-Shen Wei, Xiangyu Zhang, and Jian Sun. Relieving long-tailed instance segmentation via pairwise class balance. In CVPR , 2022. 3
[28] Youngkyu Hong, Seungju Han, Kwanghee Choi, Seokjun Seo, Beomsu Kim, and Buru Chang. Disentangling label distribution for long-tailed visual recognition. In CVPR , 2021. 1, 2, 3, 13
[29] Yan Hong, Jianfu Zhang, Zhongyi Sun, and Ke Yan. Safa: Sample-adaptive feature augmentation for long-tailed image classification. In ECCV , 2022. 2
[30] Ting-I Hsieh, Esther Robb, Hwann-Tzong Chen, and JiaBin Huang. Droploss for long-tail instance segmentation. In AAAI , 2021. 3, 6
[31] Yen-Chi Hsu, Cheng-Yao Hong, Ming-Sui Lee, Davi Geiger, and Tyng-Luh Liu. Abc-norm regularization for fine-grained and long-tailed image classification. IEEE Transactions on Image Processing , 2023. 2
[32] Jie Hu, Li Shen, and Gang Sun. Squeeze-and-excitation networks. In CVPR , 2018. 8"
"2410.11774v2.pdf","(cd.)
[19] Xiao Gu, Yao Guo, Zeju Li, Jianing Qiu, Qi Dou, Yuxuan Liu, Benny Lo, and Guang-Zhong Yang. Tackling longtailed category distribution under domain shifts. In ECCV , 2022. 2
[20] Zhangxuan Gu, Haoxing Chen, Zhuoer Xu, Jun Lan, Changhua Meng, and Weiqiang Wang. Diffusioninst: Diffusion model for instance segmentation. arXiv preprint arXiv:2212.02773 , 2022. 2
[21] Chuan Guo, Geoff Pleiss, Yu Sun, and Kilian Q Weinberger. On calibration of modern neural networks. In International conference on machine learning , pages 1321-1330. PMLR, 2017. 14
[22] Agrim Gupta, Piotr Dollar, and Ross Girshick. Lvis: A dataset for large vocabulary instance segmentation. In CVPR , 2019. 2, 3, 6, 8, 13
[23] Kaiming He, Xiangyu Zhang, Shaoqing Ren, and Jian Sun. Deep residual learning for image recognition. In CVPR , 2016. 6, 8
[24] Kaiming He, Georgia Gkioxari, Piotr Doll´ ar, and Ross Girshick. Mask r-cnn. In ICCV , 2017. 2, 3, 6
[25] Kaiming He, Ross Girshick, and Piotr Doll´ ar. Rethinking imagenet pre-training. In ICCV , 2019. 6"
"2410.11774v2.pdf","(cd.)
[12] Jiequan Cui, Zhisheng Zhong, Shu Liu, Bei Yu, and Jiaya Jia. Parametric contrastive learning. In ICCV , 2021. 1
[13] Jiequan Cui, Shu Liu, Zhuotao Tian, Zhisheng Zhong, and Jiaya Jia. Reslt: Residual learning for long-tailed recognition. tPAMI , 2022. 2
[14] Jiequan Cui, Zhisheng Zhong, Zhuotao Tian, Shu Liu, Bei Yu, and Jiaya Jia. Generalized parametric contrastive learning. tPAMI , 2023. 2
[15] Yin Cui, Menglin Jia, Tsung-Yi Lin, Yang Song, and Serge Belongie. Class-balanced loss based on effective number of samples. In CVPR , 2019. 2
[16] Jia Deng, Wei Dong, Richard Socher, Li-Jia Li, Kai Li, and Li Fei-Fei. Imagenet: A large-scale hierarchical image database. In CVPR , 2009. 1
[17] Mark Everingham, Luc Van Gool, Christopher KI Williams, John Winn, and Andrew Zisserman. The pascal visual object classes (voc) challenge. International journal of computer vision , 88:303-338, 2010. 4
[18] Chengjian Feng, Yujie Zhong, and Weilin Huang. Exploring classification equilibrium in long-tailed object detection. In ICCV , 2021. 3"
"2410.11774v2.pdf","(cd.)
[6] Daniel Bolya, Sean Foley, James Hays, and Judy Hoffman. Tide: A general toolbox for identifying object detection errors. In Computer Vision-ECCV 2020: 16th European Conference, Glasgow, UK, August 23-28, 2020, Proceedings, Part III 16 , pages 558-573. Springer, 2020. 14
[7] Zhaowei Cai and Nuno Vasconcelos. Cascade r-cnn: High quality object detection and instance segmentation. tPAMI , 2019. 2, 6, 7
[8] Kaidi Cao, Colin Wei, Adrien Gaidon, Nikos Arechiga, and Tengyu Ma. Learning imbalanced datasets with labeldistribution-aware margin loss. In NeurIPS , 2019. 2
[9] Nicolas Carion, Francisco Massa, Gabriel Synnaeve, Nicolas Usunier, Alexander Kirillov, and Sergey Zagoruyko. End-to-end object detection with transformers. In ECCV , 2020. 1, 2
[10] Kai Chen, Jiangmiao Pang, Jiaqi Wang, Yu Xiong, Xiaoxiao Li, Shuyang Sun, Wansen Feng, Ziwei Liu, Jianping Shi, Wanli Ouyang, et al. Hybrid task cascade for instance segmentation. In CVPR , 2019. 2
[11] Shoufa Chen, Peize Sun, Yibing Song, and Ping Luo. Diffusiondet: Diffusion model for object detection. arXiv preprint arXiv:2211.09788 , 2022. 1, 2"
"2410.11774v2.pdf","References

[1] Emanuel Sanchez Aimar, Arvi Jonnarth, Michael Felsberg, and Marco Kuhlmann. Balanced product of calibrated experts for long-tailed recognition. In CVPR , 2023. 2
[2] Konstantinos Panagiotis Alexandridis, Jiankang Deng, Anh Nguyen, and Shan Luo. Long-tailed instance segmentation using gumbel optimized loss. In ECCV , 2022. 3, 4, 6, 7
[3] Konstantinos Panagiotis Alexandridis, Shan Luo, Anh Nguyen, Jiankang Deng, and Stefanos Zafeiriou. Inverse image frequency for long-tailed image recognition. IEEE Transactions on Image Processing , 2023. 1, 2, 3
[4] Konstantinos Panagiotis Alexandridis, Jiankang Deng, Anh Nguyen, and Shan Luo. Adaptive parametric activation. In European Conference on Computer Vision , pages 455-476. Springer, 2024. 3, 6, 7, 8
[5] Daniel Bolya, Chong Zhou, Fanyi Xiao, and Yong Jae Lee. Yolact: Real-time instance segmentation. In CVPR , 2019. 2"
"2410.11774v2.pdf","both one-stage Sigmoid detectors and two-stage Softmax segmentation models. Our method boosts the performance of detectors by up to 8 . 6% without training or additional inference cost, surpassing the SOTA in the LVIS benchmark and generalising well to COCO, V3Det and OpenImages. Acknowledgments. Anh Nguyen was supported by Royal Society ISPF International Collaboration Awards 2023 (Japan) ICA \ R1 \ 231067. The project was co-funded by ViTac: Visual-Tactile Synergy for Handling Flexible Materials' (EP/T033517/2)."
"2410.11774v2.pdf","5. Conclusion

We propose FRACAL, a novel post-calibration method for long-tailed object detection. Our method performs a space-

Table 7. Results on V3Det [87] using FasterRCNN ResNet50.

Method | AP b | AP b 50 | AP b 75
Normalised Layer [86] | 25.3 | 32.8 | 28.1
APA [4] | 29.9 | 37.6 | 32.9
APA + FRACAL (ours) | 30.3 | 37.7 | 33.2

Figure 5. Detection results in LVIS, FRACAL detects more uniformly in both frequency and space axis compared to the baseline.

Method | Detector | AP b 50
CAS [59] | Faster RCNN | 65.0
CAS + FRACAL (ours) | Faster RCNN | 67.0
ECM [34] | Cascade RCNN | 65.8
CAS [59] | Cascade RCNN | 66.3
CAS + FRACAL (ours) | Cascade RCNN | 67.5

aware logit adjustment, utilising the fractal dimension and incorporating space information during calibration. FRACAL majorly boosts the performance of the detectors by detecting rare classes that are evenly spread inside the image. We show that FRACAL can be easily combined with"
"2410.11774v2.pdf","Qualitative Analysis. In Fig. 5, we show: (a) the ground truth distribution, (b) the baseline and (c) FRACAL predicted distributions concerning all objects (1), the rare class ferret (2) and the frequent class zebra (3). FRACAL achieves better precision than the baseline because it predicts more rare objects in (2-c) increasing recall and fewer frequent objects in (3-c) decreasing false positives. Regarding the spatial distributions, FRACAL increases the spatial uniformity of all predictions because it has less centered predictions for all objects in (1-c), more evenly spread predictions for the ferret in (2-c) and less centrally biased predictions for the zebra in (3-c). This shows that FRACAL makes balanced predictions in both frequency and space perspectives, enabling higher detection performance.

Table 6. Results on COCO with MaskRCNN.

Method | AP m | AP m 50 | AP b | AP b 50
ResNet-50 [23] | 35.4 | 56.7 | 39.4 | 59.9
with FRACAL | 35.8 | 57.5 | 39.9 | 60.6
SE-ResNet-50 [32] | 36.9 | 58.8 | 40.5 | 61.7
with FRACAL | 37.4 | 59.5 | 41.1 | 62.4
CB-ResNet-50 [94] | 37.3 | 59.2 | 40.9 | 62.1
with FRACAL | 37.8 | 60.2 | 41.5 | 62.9
Swin-T [61] | 41.6 | 65.3 | 46.0 | 68.2
with FRACAL | 41.9 | 66.0 | 46.4 | 68.7"
"2410.11774v2.pdf","balanced therefore, we do not expect our long-tailed designed detector to massively outperform the others. In Table 6, FRACAL increases the performance of all models, by an average of 0 . 5 pp AP b and AP m . In Table 7, FRACAL increases the performance of APA [4] by 0 . 4 pp AP b . In Table 8, we show that FRACAL outperforms ECM using CascadeRCNN by 1 . 7 pp and it further increases the performance of CAS by 2 . 0 pp and 1 . 2 pp using FasterRCNN and CascadeRCNN respectively."
"2410.11774v2.pdf","C | S | AP m | AP m r | λ | AP m | AP m r | AP m | c | AP m f | AP b
 |  | 22.8 | 8.2 | 0.0 | 28.0 | 22.4 | 27.3 |  | 31.2 | 27.4
 | ✓ | 25.6 | 13.7 | 1.0 | 28.5 | 23.0 |  | 28.0 | 31.6 | 28.3
✓ |  | 26.3 |  | 2.0 | 28.6 | 23.0 |  | 28.0 | 31.5 | 28.4
 |  |  | 16.5 | 3.0 | 28.5 | 23.2 |  | 28.0 | 31.5 | 28.4
✓ | ✓ | 27.3 | 19.0 | 4.0 | 28.5 | 23.4 |  | 27.9 | 31.3 | 28.4
(a) Results with random sampler. | (a) Results with random sampler. | (a) Results with random sampler. | (a) Results with random sampler. | (b) Ablation of λ , using RFS. | (b) Ablation of λ , using RFS. | (b) Ablation of λ , using RFS. | (b) Ablation of λ , using RFS. | (b) Ablation of λ , using RFS. | (b) Ablation of λ , using RFS. | (b) Ablation of λ , using RFS.
C | S | AP m | AP m r | Method | AP | m | AP m r | AP m c | AP m f | AP b
 |  | 25.7 | 15.8 | G=1 | 28.0 |  | 22.4 | 27.3 | 31.2 | 27.4
 | ✓ | 27.7 | 20.7 | G=2 | 27.1 |  | 17.5 | 27.2 | 31.1 | 26.6
✓ |  | 28.0 | 22.4 | G=4 | 25.0 |  | 10.5 | 25.4 | 31.1 | 24.9
✓ | ✓ | 28.6 | 23.0 | ours | 28.6 |  | 23.0 | 28.0 | 31.5 | 28.4

(d) Results using RFS [22].

(e) Comparison against Grid-based methods."
"2410.11774v2.pdf","FRACAL Opposite. We further test, FRACAL-Opposite which is a variant that applies an invert weighting logic, (i.e. it upweights the uniformly located classes and downweights the non-uniform ones, which rectifies the space bias). As Table 5-f shows, our standard FRACAL achieves better AP m and AP b than the Opposite. This shows that it is preferable to remove spatial bias from the object detectors rather than rectify it, because it leads to balanced detectors. Generalisation to other datasets. We test FRACAL on MS-COCO [53], V3DET [87] and OpenImages [41] to understand its generalisation ability and report the results in Tables 6,7,8 respectively. The first two datasets are fairly

Table 5. Ablations using MaskRCNN-ResNet50. C and S denote the class and location calibration.

random.AP m | random.AP m r | RFS.AP m | RFS.AP m r
19.9 | 14.7 | 19.9 | 18.8
25.1 | 16.6 | 25.8 | 21.1
26.3 | 16.5 | 28.0 | 22.4

(c) Ablation of β , under various samplers.

0 | 1 | 2 | 3
Method | AP m | AP m r | AP b
FRACAL-Opposite | 27.4 | 20.5 | 26.9
FRACAL | 28.6 | 23.0 | 28.4

(f) FRACAL fusion ablation study."
"2410.11774v2.pdf","Class calibration parameter search . We further ablate the choice of the log base β in Eq. 6, using the most common cases: 2 (bit), e (nat), and 10 (hartley). As shown in Table 5-c, the base-10 is the best as it achieves 26 . 3% AP m and 16 . 5% AP r m with the random sampler and 28 . 0% AP m and 22 . 4% AP r m with RFS, thus we use it for all experiments on LVIS. We also observe that further increasing β does not come with a performance improvement.

Comparison to grid-dependent calibration. We compare FRACAL against the grid-based method, Eq. 7, in Table 5e. When G = 1 the method does not consider any location information because all predictions fall inside the same grid cell. This achieves the second best performance and it is the same result with the λ = 0 of Table 5-b. When the grid size G is enlarged, the performance of the rare classes drops significantly because the estimated prior distribution p s ( y, u ) becomes sparse (see Fig. 3). FRACAL does not suffer from this problem, because it re-weights all classes based on fractal dimension."
"2410.11774v2.pdf","AP r m are enhanced by 3 . 5 pp and 8 . 3 pp respectively, because this technique majorly upweights the rare classes. When (S) is added, then it further increases AP m by 1 . 0 pp and AP r m by 2 . 5 pp compared to only (C), reaching 27 . 3% AP m and 19 . 0% AP r m . This suggests that (S) is useful and the detector can benefit from space information. The same trend is observed with RFS in Table 5-d, however, both calibration methods have lower gains because RFS partly balances the classes via oversampling.

Fractal dimension coefficient. Weablate the choice of the λ coefficient in Eq. 9. As shown in Table 5-b, the optimal performance is achieved with λ = 2 which increases the rare categories by 0 . 6 pp, the common categories by 0 . 7 pp, the frequent categories by 0 . 3 pp, the overall mask performance by 0 . 6 pp and the box performance by 1 . 0 pp."
"2410.11774v2.pdf","Table 3. Results with MaskRCNN, Swin-T/S and 1x schedule.

Method | AP m | AP m r | AP m c | AP m f | AP b
RFS-(T) | 27.7 | 17.9 | 27.9 | 31.8 | 27.1
Seesaw-(T) | 29.5 | 24.0 | 29.3 | 32.2 | 29.5
GOL-(T) | 28.5 | 21.1 | 29.5 | 30.6 | 28.3
FRACAL-(T) | 30.7 | 25.7 | 30.5 | 33.2 | 30.3
RFS-(S) | 30.9 | 21.7 | 31.0 | 34.7 | 31.0
Seesaw-(S) | 32.4 | 25.6 | 32.8 | 34.9 | 32.9
GOL-(S) | 31.5 | 24.1 | 32.3 | 33.8 | 32.0
FRACAL-(S) | 33.6 | 27.8 | 33.9 | 35.9 | 33.4

Method | AP b | AP b r | AP b c | AP b f
ATSS [103] | 25.3 | 15.8 | 23.4 | 31.6
with FRACAL (ours) | 26.7 | 20.8 | 25.9 | 30.9
GFLv2 [50] | 26.6 | 14.7 | 25.1 | 33.5
with FRACAL (ours) | 28.2 | 19.4 | 27.2 | 33.2
GFLv2 (DCN) [50] | 27.4 | 13.7 | 26.1 | 34.8
with FRACAL (ours) | 28.9 | 18.7 | 27.9 | 34.5
APA [4] | 26.9 | 14.3 | 26.2 | 33.2
with FRACAL (ours) | 29.2 | 22.1 | 28.0 | 33.7
Cascade RCNN [7] | 28.6 | 16.5 | 27.8 | 34.9
with FRACAL (ours) | 31.5 | 24.3 | 31.0 | 35.3"
"2410.14077v2.pdf","Estimating R and L is more accurate when there is a clear frequency separation between V d,q g and i d,q in (4). In this case, high-frequency variations in V d c (or V q c ) used for estimation are less affected by the unmeasured V d,q g , allowing better parameter estimation from measured signals. However, if V d,q g and the measured signals (e.g., V d,q c ) share similar frequency components, estimation errors can arise. For instance, an incorrect yet valid estimation satisfying (4) could be R,L = 0 and V d,q g = V d,q c .

Most of the literature assumes inherent frequency separation, often treating V d,q g as constant, based on the premise that V g and ω g change slowly due to the grid's inertia. Consequently, many methods estimate constant impedance and grid voltage from measurements.

B. Preconditioning Strategy for Improved Estimation

1) Decoupling d-Axis and q-Axis Dynamics for Robust Estimation: In this section, we relax the assumption that V d,q g remains constant by analyzing its dynamics. Consider the approximation of V d,q g around its nominal phase, ψ grid,nom as follows:

V d g = V g cos( ψ grid,nom + δψ grid ) ≈ V g ( cos( ψ grid,nom ) -sin( ψ grid,nom ) δψ grid ) (5)"
"2410.14077v2.pdf","This equation explicitly shows how ω can be adjusted to control ψ grid , which can be achieved through a (secondary) PLL design. Noting that for ϕ grid = 0 , V q c = V c sin( ψ inv ) ≈ V c ψ inv = V c ∫ ( ω grid -ω ( τ ) ) dτ ; then the PLL dynamics, as described in [12], are given by:

ˆ ω = H ( s ) ˆ V q c = H ( s ) V c 1 s ( ˆ ω grid -ˆ ω ) ⇒ ˆ ω = ( H ( s ) V c s + H ( s ) V c ) ω grid := Q ( s ) ω grid (8) ⇒ ψ grid = 1 s (1 -Q ( s )) ω grid (9) = 1 s ( 1 s + H ( s ) V c ) ω grid

where H ( s ) is a design transfer function. We design H ( s ) as a low-bandwidth transfer function, which ensures that 1 s (1 -Q ( s )) has low bandwidth and therefore ψ grid has only low-frequency components as desired.

Remark: In primary PLL, which is designed to assist the frequency regulation, the goal is to track ω grid ; H ( s ) in that case is designed to have enough bandwidth so that Q ( s ) in (8) has bandwidth large enough to react to high-frequency variations in ω grid ."
"2410.14077v2.pdf","Remark: This preconditioning is essential since, as discussed, ψ grid dynamics correlate with V q c and ultimately with i d,q . If the inverter attempts to follow a new setpoint by adjusting i d,q , it will induce a change in δ , which will ultimately lead to a change in ψ grid . With high bandwidth PLL, perturbations in ψ grid remain significant and cannot be treated as uncorrelated noise in estimation algorithms, leading to substantial estimation errors."
"2410.14077v2.pdf","3) Reformulating the Estimation Problem with Preconditioning: We reformulate the estimation problem that exploits the preconditioning step, where we have obtained signal separation between the unmeasurable grid voltage component V d g and the other measured signals. Some studies use the difference between two consecutive time instances, which is equivalent to taking a discrete-time derivative. This approach amplifies high-frequency noise and fails to effectively reject it, even when a low-pass filter is applied. Thus we can use a band-pass filter (BPF) that attenuates both V d g , which is dominant only in low frequencies, and very high-frequency noise, while retaining moderately high-frequency components of measured signals i d , i q and di d /dt . Accordingly we modify (4) to reformulate the relevant constitutive dynamics for the estimation problem as

BPF ( V d c ( t )) ︸ ︷︷ ︸ y = [ BPF ( i d ( t )) ( BPF ( di d ( t ) /dt ) ω 0 -( ω ( t ) ω 0 ) BPF ( i q ( t )) ) ] ⊤ ︸ ︷︷ ︸ u ⊤ [ R ω 0 L ] ︸ ︷︷ ︸ θ + w. (10)

where BPF ( · ) corresponds to a taking band-pass filter and w is noise."
"2410.14077v2.pdf","Here we have used ω 0 L instead of L for better numerical conditioning since BPF ( i d ( t ) and ω ( t ) ω 0 BPF ( i q ( t )) are of the same order. Without this, BPF ( i d ( t )) ≪ ω ( t ) BPF ( i q ( t )) since ω ≈ 377 rad/s ≫ 1 , which can cause numerical instability. Once ω 0 L is estimated, L can be easily obtained. Also, in (10), we approximate BPF ( ω ( t ) i d,q ) by ω ( t ) BPF ( i d,q ) since ω ( t ) varies slowly under our secondary PLL preconditioning, making its effect under BPF negligible. Another advantage of the BPF operation is that BPF ( di d dt ) , which inherently includes a low-pass filter component, avoids numerical issues with differentiating noisy i d . In this paper, we use a band-pass filter of the form

BPF ( s ) = ( ω 1 s + ω 1 )( s s + ω 2 ) (11)

where ω 1 and ω 2 represent the upper and lower cutoff frequencies, respectively.

The lower cutoff frequency is chosen to be 10 times the gain crossover frequency of 1 s H ( s ) , while the upper cutoff frequency is selected to be an order of magnitude lower (i.e., at least ten times lower) than the control frequency. This ensures stable numerical computation of di d /dt , as discussed earlier."
"2410.14077v2.pdf","III. ESTIMATION OF LINE PARAMETERS: RECURSIVE LEAST SQUARES ESTIMATION ALGORITHMS

A. RLS and CF-RLS

We introduce the RLS and CF-RLS algorithms, previously used in line-parameter estimation [9], [4], as the foundation for our VDF-RLS method. To highlight their limitations and how VDF-RLS addresses them, we first outline these algorithms. In RLS and CF-RLS, the optimal estimate ̂ θ K at each measurement instant K is obtained by minimizing:

J ( ̂ θ, K ) = K ∑ k =1 λ K -k ( y K -u ⊤ k ̂ θ ) ⊤ ( y k -u ⊤ k ̂ θ ) , (12)"
"2410.14077v2.pdf","where λ ∈ (0 , 1] is the forgetting factor. In RLS based estimation ( λ = 1 ), all past data from the beginning of the estimation process is weighted equally, causing new measurements to have diminishing influence on ˆ θ K as K increases. Only measurements that persist over many time instances affect ˆ θ , only when the trend stays for many time instances. Therefore RLS based estimation has less variation but is slow to adapt to changing parameters. In CF-RLS, 0 < λ < 1 , recent data is given higher weight, allowing faster adaptation. A smaller λ prioritizes new data, improving responsiveness to parameter changes, while a larger λ reduces noise sensitivity, and decreases fluctuations in the estimation. Thus, CF-RLS balances adaptability and fluctuation-reduction by adjusting λ .

The optimal ̂ θ K obtained from ∂J ∂ ̂ θ = 0 is given by:

̂ θ K = ( K ∑ k =1 λ K -k u k u ⊤ k ) -1 ( K ∑ k =1 λ K -k u k y k ) . (13)

This can be expressed in recursive form as:

ˆ θ K = ˆ θ K -1 + R -1 K u K ( y K -u ⊤ K ˆ θ K -1 ) . (14)

Here, R K is the information matrix, which can be updated recursively as:

R K = ( K ∑ k =1 λ K -k u k u ⊤ k ) = ( λR k + u K u ⊤ K ) . (15)"
"2410.14077v2.pdf","With this recursive form, there is no need to store all the data; only the information matrix and the previous estimate are required to update the new estimate when a new measurement is obtained.

Additionally, by using the Woodbury matrix identity, the terms ˆ θ k and R K in CF-RLS model (14,15) can be expressed as:

ˆ θ K = ˆ θ K -1 + R -1 K -1 u K λ + u ⊤ K R -1 K -1 u K ( y K -u ⊤ K ˆ θ K -1 ) (16)

and

R -1 K = 1 λ R -1 K -1 -1 λ R -1 K -1 u K u ⊤ K R -1 K -1 λ + u ′ ⊤ K R -1 K -1 u K = R -1 K -1 -R -1 K -1 u K u ⊤ K R -1 K -1 λ + u ⊤ K R -1 K -1 u K + ( 1 λ -1 )( R -1 K -1 -R -1 K -1 u K u ⊤ K R -1 K -1 λ + u ⊤ K R -1 K -1 u K ) . (17)

The main challenge in estimation is the lack of persistently rich data, leading to non-invertible or ill-conditioned information matrices. Specifically, for a fixed tolerance ϵ > 0 , the information matrix effectively incorporates data from the past K = log ϵ log λ measurements, as λ K ≤ ϵ beyond this time horizon. If u ( k ) lacks sufficient new information within this period, R K becomes non-invertible or ill-conditioned. As seen in equation (15), this approach discards the entire previous information matrix, regardless of data quality."
"2410.14077v2.pdf","In the context of power systems, it is common for the data to lack sufficient richness within such short intervals of time.

For example, an inverter might maintain a constant current, meaning u ≈ 0 over long periods, with only occasional set-point changes. In such scenarios, there is insufficient data richness for the information matrix to remain invertible within the time intervals dictated by a reasonable forgetting factor λ . In fact, during extended periods of constant current, the information matrix exponentially converges to the zero matrix. More generally, with CF-RLS, if there is no persistent excitation-where the 2 × 1 input vector u ( t ) lies along a single direction within the effective time horizon-the smaller singular value of R K will exponentially decay to zero at a rate determined by λ , except in the direction of u . Consequently, the singular value of R -1 K grows exponentially, making the estimation highly sensitive to that particular direction, as R -1 K dictates the update of the estimate, as seen in equation (14)."
"2410.14077v2.pdf","B. Kalman Filter

Another approach is to use a Kalman filter. In this method, the line impedance parameters are treated as state variables, and a time-varying system is formulated using measurements as follows:

θ k +1 = I 2 θ k + w p,k y k = u ⊤ k θ k + w m,k , (18)

where I 2 is a 2 × 2 identity matrix, and θ k , y k , u k are defined in (10). The terms w m,k and w p,k represent measurement noise and process noise, respectively.

The recursive update equations for Kalman filter-based parameter estimation are given by:

ˆ θ k +1 = ˆ θ k + P k u k ( S k + u ⊤ k P k u k ) -1 ( y k -u ⊤ k ˆ θ k ) P k +1 = P k + Q k -P k u k ( S k + u ⊤ k P k u k ) -1 u ⊤ k P k , (19)

where P k represents a priori estimate covariance.

With the optimal choice of S k and Q k , we set S k = E [ w 2 m,k ] and Q k = E [ w p,k w ⊤ p,k ] , which correspond to the covariance of measurement noise and process noise, respectively. However, these values are typically treated as tunable parameters."
"2410.14077v2.pdf","By comparing (19) with (16) and (17), it is evident that if we choose S k = λ and Q k = ( 1 λ -1) ( R -1 K -1 -R -1 K -1 u K u ⊤ K R -1 K -1 λ + u ⊤ K R -1 K -1 u K ) , the Kalman filter and CFRLS become identical, with P K = R -1 K . Notably, increasing Q k is implicitly equivalent to reducing λ smaller, which increases the adaptation speed to new data.

Due to its structural similarity, the Kalman filter faces similar issues as CF-RLS when there is no persistent excitation. With the proposed conditioning method, when the inverter maintains constant voltage and current, its DC component becomes zero, leading to u k = 0 . In such a scenario, the recursion of P k in (19) simplifies to P k +1 = P k + Q k . If Q k remains constant, P k grows polynomially. Although this growth is significantly slower than the exponential growth of R -1 k in CF-RLS, it still poses a problem if sustained for an extended period.

Additionally, another issue arises when the input is sparse. For accurate parameter estimation in such cases Q k needs to be large. However, this also means that the estimation results become highly sensitive to noise, leading to significant fluctuations."
"2410.14077v2.pdf","C. Proposed Algorithm: VDF-RLS

Therefore, to address the issue of insufficient data richness over short time intervals, we apply the VDF-RLS algorithm. In this method, the forgetting factor is applied selectively, targeting only the portion of the information matrix that corresponds to the new input vector u . This involves first evaluating the singular vectors of the information matrix, where the singular values associated with these vectors quantify the amount of information in their respective directions. Zero or low singular values indicate a lack of information richness in those directions. More specifically, we represent the singular value decomposition of information matrix as:

R K = V K Σ K V ⊤ K = ∑ i σ K ( i ) v K ( i ) v ⊤ K ( i ) , (20)

where σ K ( i ) and v K ( i ) correspond to a i th singular value and singular vector of information matrix R K at K th time instance. An input vector at the next instance u K +1 can then be evaluated to determine how much it is aligned with v K ( i ) ; here, the alignment is evaluated by the inner product u ⊤ K +1 v K ( i ) . The forgetting factor for each direction is then ascribed as:

λ i = { λ ∈ (0 , 1) if | v K ( i ) ⊤ u K +1 | > ϵ 1 else (21)"
"2410.14077v2.pdf","In this approach, the forgetting factor is applied only when the inner product between the new input vector and the singular vectors exceeds ϵ , a certain threshold. By adjusting this threshold, we can enhance the algorithm's robustness against noise. Specifically, when the magnitude of the input vector is small, it is treated as noise; even if the angle between the input vector and the information direction is aligned, the forgetting factor is not applied in such cases.

With the forgetting factor defined in (21), the information matrix can be updated as follows:

R K +1 = ∑ i λ i σ K ( i ) v K ( i ) v ⊤ K ( i ) + u K +1 u ⊤ K +1 . (22)

Then, the new estimation can be obtained recursively using (14).

IV. SIMULATION RESULTS

The proposed impedance estimation algorithm was implemented and tested using the MATLAB Simscape toolbox with a step size of 0.05 ms."
"2410.14077v2.pdf","The simulation setup follows the structure shown in Fig. 1 (b), where an inverter is connected to the grid with a voltage of 480 , V rms L-L and a frequency of 59.99 Hz, through a variable impedance. The inverter operates in grid-following mode using an average model, adjusting its output to meet a specified power setpoint.

A. Performance comparison between different estimation algorithms

In this section, the estimation performance of different algorithms is evaluated. The RLS algorithm with and without a forgetting factor, the Kalman filter-based algorithm, and the proposed VDF-RLS algorithm are compared.

For the VDF-RLS algorithm, just as before, λ = 0 . 995 and ϵ = 0 . 2 are used. Similarly, the CF-RLS algorithm employs a forgetting factor of λ = 0 . 99995 , as using λ = 0 . 995 led to excessive fluctuations between excitations, making a direct comparison with the same λ meaningless. Lastly, the Kalman filter is set with S k = λ = 0 . 995 to ensure similarity, as discussed in the previous section, and Q K = 0 . 00001 I 2 , which is tuned to initially exhibit a similar adaptation speed to the VDF-RLS algorithm."
"2410.14077v2.pdf","The initial conditions for the parameter estimation and the information matrix are set as ̂ θ 0 = [0 , 0] ⊤ and R 0 = P -1 0 = 0 . 001 I 2 . Additionally, the PLL is designed to have a gain crossover frequency of 1 Hz and for the band-pass filter used in preconditioning the data, the lower cutoff frequency is chosen to be 10 Hz, and the upper cutoff frequency is 100 Hz. Lastly, the power setpoints are provided as shown in Fig. 2, with white noise added to the measurements.

The simulation results are presented in Fig. 3 and the estimation performance is evaluated by the Root Mean Square Percent Error (RMSPE) for each parameter (see Table I), where

RMSPE = √ √ √ √ 1 N N ∑ k =1 ( ̂ θ k ( i ) -θ k ( i ) θ k ( i ) ) 2 × 100% . (23)

Here, due to a significant initial transient affecting the RMSPE, the evaluation is conducted using data from 15 to 20 seconds and 35 to 40 seconds."
"2410.14077v2.pdf","The VDF-RLS algorithm demonstrates superior performance in both adapting to impedance changes and maintaining stable estimation under no-excitation conditions. In contrast, the RLS algorithm without forgetting fails to adapt to impedance changes. While the Kalman filter and CF-RLS successfully adjust to impedance changes when excitation is present, they become highly sensitive to measurement noise once excitation ceases, leading to significantly higher RMSPE values. Specifically, as seen in Table I for the without excitation case, for resistance estimation, the Kalman filter and CF-RLS achieve 60.3797% and 785.3611%, respectively-approximately 24 times and 321 times higher

(b) Singular values of information matrix

than that of VDF-RLS (2.4459%). For inductance estimation, they reach 3.1674% and 104.9205%, which are 3 times and 103 times greater than the VDF-RLS result (1.016%)."
"2410.14077v2.pdf","Remark: Overall, when excitation is present, the VDFRLS, Kalman filter, and CF-RLS algorithms exhibit similar RMSPE, with any differences likely due to tuning issues. In contrast, when there is no more excitation (after t = 20 s), the Kalman filter and CF-RLS algorithms fail to maintain their estimation accuracy, becoming highly susceptible to measurement noise fluctuations. This degradation occurs due to the loss of information, as shown in Fig. 3 (b). One can tune the CF-RLS and Kalman filter to resist the effects of the no-excitation condition for a longer duration. However, this merely slows down the rate at which the information matrix is discounted. Given enough time, these algorithms will inevitably become susceptible to noise fluctuations, leading to instability in the estimation."
"2410.14077v2.pdf","TABLE I: RMSPE of R and L estimation under different algorithms

| Algorithm used | RMSPE R(%) | RMSPE L(%)
With excitation Measured from t = 15 to t = 20 s | VDF-RLS(Proposed) | 2.3426 | 1.1032
With excitation Measured from t = 15 to t = 20 s | Kalman filter | 3.1979 | 1.1169
With excitation Measured from t = 15 to t = 20 s | RLS w/o forgetting | 26.315 | 2.8145
With excitation Measured from t = 15 to t = 20 s | CF-RLS | 7.7352 | 1.5784
Without excitation Measured from t = 35 to t = 40 s | VDF-RLS(Proposed) | 2.4459 | 1.016
Without excitation Measured from t = 35 to t = 40 s | Kalman filter | 60.3797 | 3.1674
Without excitation Measured from t = 35 to t = 40 s | RLS w/o forgetting | 25.7157 | 2.8077
Without excitation Measured from t = 35 to t = 40 s | CF-RLS | 785.3611 | 104.9205

B. Evaluation on preconditioning

The proposed preconditioning consists of three main steps: (i) discarding q-axis dynamics and using only d-axis dynamics, (ii) employing a lower-bandwidth PLL to generate the rotating frame, and (iii) applying a bandpass filter. In this section, each method will be evaluated separately."
"2410.14077v2.pdf","During the evaluation, the power setpoint changes in Fig. 2, between t = 0 and t = 20 s are used, and white noise is added to the measurements as in previous tests. Additionally, throughout the assessment of the preconditioning effect, the VDF-RLS algorithm and the bandpass filter retain the same parameter settings as in previous evaluations.

1) Comparison between using only d axis dynamics and using both d,q axis dynamics: First, we compare the case when both the d- and q-axis dynamics are used. Due to the change in dimensions, we modify the input and output as fol-

lows: u = [ BPF ( i d ) ( BPF ( di d /dt ) -ωBPF ( i q ) ) /ω 0 BPF ( i q ) ( BPF ( di q /dt ) + ωBPF ( i d ) ) /ω 0 ] and y = [ BPF ( V d c ) BPF ( V q c ) ] . Additionally, during the update

process, we evaluate the alignment of the input vector using ∥ v K ( i ) ⊤ u K +1 ∥ 2 instead of the absolute value to accommodate the dimensional changes."
"2410.14077v2.pdf","As shown in Fig. 4 (a), when only d -axis dynamics are used, the RMSPE values are much lower compared to the case where both d and q -axis dynamics are used, despite the additional information provided by the q -axis dynamics. Specifically, the RMSPE for resistance is 2.1261%, and for inductance, it is 0.78482%-approximately 1/14 and 1/10 of the values observed when both d and q -axis dynamics are used.

This fluctuation arises from noise. When using both d and q axis dynamics, the noise is given by w = [ BPF ( V d g ) BPF ( V q g ) ] . Even within the same reference frame, V q g experiences larger fluctuation , leading to larger BPF ( V q g ) compare to V d g and BPF ( V d g ) as shown Fig. 4 (b). This is due to its larger sensitivity as discussed in previous section. In contrast, using only d axis dynamics allows for effective rejection of this noise."
"2410.14077v2.pdf","2) Comparison between rotating frame frequency source: In the previous section, we discussed the effect of the frequency source. To verify this, consider the following frequency sources:
· Proposed low bandwidth PLL. A newly designed PLL with a gain crossover frequency of 1 Hz is implemented.
· PLL with high bandwidth - used in inverter control.
The inverter's primary PLL, with a gain crossover frequency of 20 Hz, is utilized. This PLL ensures that ψ inv ≈ 0 at all times. However, phase changes induced by the inverter operation significantly affect the estimation results.
· Low pass filtered version of high bandwidth PLL. Instead of redesigning the PLL, a low-pass filter is applied to reduce the bandwidth of ω . While this approach keeps δψ grid in (5) small, it does not guarantee accurate tracking of ψ inv ≈ 0 . Two initial conditions are compared: ψ inv (0) = 0 and ψ inv (0) = -π/ 6 . In this study, a low-pass filter with a cutoff frequency of 1 Hz is used."
"2410.14077v2.pdf","TABLE II: RMSPE of R and L estimation under different preconditioning methods (measured from t = 15 to t = 20 s).

Preconditioning method | RMSPE R(%)RMSPE L(%) | RMSPE R(%)RMSPE L(%)
Proposed preconditioning method | 2.1261 | 0.78482
Using both d and q dynamics | 30.8127 | 7.8948
Using Primary (High bandwidth) PLL freq as a source of rotating frame | 25.3133 | 6.902
Using low pass filtered primary PLL freq as a source of rotating frame (with initial condition ψ inv (0) = 0 ) | 1.689 | 1.933
Using low pass filtered primary PLL freq as a source of rotating frame (with initial condition ψ inv (0) = - π 6 ) | 36.7264 | 14.0925
Filtering the signal using Derivative + Low pass filter | 5.6093 | 9.7878

As seen in Fig. 5 and Table II, the high-bandwidth PLL results in much higher RMSPE values-25.3133%

for resistance estimation and 6.902% for inductance estimation-compared to the proposed method, where a lowbandwidth PLL is used."
"2410.14077v2.pdf","The low-pass filtered frequency source, while performing better than the high-bandwidth PLL in some cases, shows significant variation in RMSPE depending on the ψ inv value. In one condition, it achieves RMSPE values of 1.689% for resistance and 1.933% for inductance, but in another, the RMSPE increases dramatically to 36.7264% and 14.0925%. This inconsistency makes the algorithm unreliable.

3) Applying bandpass filter: Lastly, we propose applying a bandpass filter to separate V d,q g from the rest of the dynamics, whereas other approaches rely on the difference between two consecutive time instances, which is equivalent to taking a discrete-time derivative. Also, because many approaches implicitly use low-pass filtered data to mitigate measurement noise, we consider such algorithm as a low pass filter with a derivative.

Therefore, here we are comparing the following two filters"
"2410.14077v2.pdf","· Proposed bandpass filter Filter with ( ω 1 s + ω 1 )( s s + ω 2 ) , where ω 1 = 200 π rad/s (100Hz), and ω 2 = 20 π rad/s (10Hz) is used as before
· Derivative with low pass filter Filter with ( ω 1 s + ω 1 )( s ω 2 ) is used with the same ω 1 and ω 2 as above scenario. Here, 1 ω 2 is introduced to scale the response so that both test cases exhibit the same magnitude at low frequencies, as shown in Fig. 6 (b).

Here, as seen in Fig. 6 (a) and Table II, the derivative with a low-pass filter is more vulnerable to measurement noise, resulting in RMSPE values of 5.6093% and 9.7878% for resistance and inductance estimation, respectively. In contrast, using a bandpass filter yields significantly lower RMSPE values of 2.1261% and 0.78482%. This is because the frequency response of the derivative does not roll off at high frequencies, preventing the preconditioning filter from effectively rejecting high-frequency noise, even with the lowpass filter, as shown in Fig. 6 (b)."
"2410.14077v2.pdf","V. CONCLUSIONS

In this paper, we propose a VDF-RLS-based grid line parameter estimation algorithm with a preconditioning method. The VDF-RLS algorithm selectively updates historical information when new data is acquired, enabling fast estimation similar to CF-RLS and Kalman filters when excitation is present, while maintaining stability in the absence of persistent excitation, like the RLS algorithm without forgetting.

Additionally, the proposed preconditioning method leverages the dynamics of the grid impedance, reducing sensitivity to noise caused by inverter setpoint changes and measurement noise.

We validate this approach through simulations, comparing parameter estimation results using CF-RLS, Kalman filter, and RLS without forgetting algorithms. Different preconditioning methods are also evaluated in a similar manner."
"2410.14077v2.pdf","REFERENCES

[1] T. Hossen, F. Sadeque, M. Gursoy, and B. Mirafzal, 'Self-secure inverters against malicious setpoints,' in 2020 IEEE Electric Power and Energy Conference (EPEC) . IEEE, 2020, pp. 1-6.
[2] Q.-C. Zhong and Y. Zeng, 'Universal droop control of inverters with different types of output impedance,' IEEE access , vol. 4, pp. 702712, 2016.
[3] A. Askarian, J. Park, and S. Salapaka, 'Enhanced grid following inverter (e-gfl): A unified control framework for stiff and weak grids,' IEEE Transactions on Power Electronics , pp. 1-17, 2024.
[4] I. Jarraya, J. Hmad, H. Trabelsi, A. Houari, and M. Machmoum, 'An online grid impedance estimation using recursive least square for islanding detection,' in 2019 16th International Multi-Conference on Systems, Signals & Devices (SSD) . IEEE, 2019, pp. 193-200.
[5] J. Park, A. Askarian, and S. Salapaka, 'Control designs for criticalcontinegency responsible grid-following inverters and seamless transitions to and from grid-forming modes,' in 2024 American Control Conference (ACC) , 2024, pp. 2958-2963."
"2410.14077v2.pdf","(cd.)
[6] M. Ciobotaru, R. Teodorescu, and F. Blaabjerg, 'On-line grid impedance estimation based on harmonic injection for grid-connected pv inverter,' in 2007 IEEE international symposium on industrial electronics . IEEE, 2007, pp. 2437-2442.
[7] A. Ghanem, M. Rashed, M. Sumner, M. A. Elsayes, and I. I. Mansy, 'Grid impedance estimation for islanding detection and adaptive control of converters,' IET Power Electronics , vol. 10, no. 11, pp. 1279-1288, 2017.
[8] J. C. Vasquez, J. M. Guerrero, A. Luna, P. Rodr´ ıguez, and R. Teodorescu, 'Adaptive droop control applied to voltage-source inverters operating in grid-connected and islanded modes,' IEEE transactions on industrial electronics , vol. 56, no. 10, pp. 4088-4096, 2009.
[9] S. Cobreces, P. Rodriguez, D. Pizarro, F. Rodriguez, and E. Bueno, 'Complex-space recursive least squares power system identification,' in 2007 IEEE Power Electronics Specialists Conference . IEEE, 2007, pp. 2478-2484.
[10] J. Fang, H. Deng, and S. M. Goetz, 'Grid impedance estimation through grid-forming power converters,' IEEE Transactions on Power Electronics , vol. 36, no. 2, pp. 2094-2104, 2020."
"2410.14077v2.pdf","(cd.)
[11] A. Goel, A. L. Bruce, and D. S. Bernstein, 'Recursive least squares with variable-direction forgetting: Compensating for the loss of persistency [lecture notes],' IEEE Control Systems Magazine , vol. 40, no. 4, pp. 80-102, 2020.
[12] A. Yazdani and R. Iravani, Voltage-sourced converters in power systems: modeling, control, and applications . John Wiley & Sons, 2010."
"2410.14077v2.pdf","Inverter Output Impedance Estimation in Power Networks: A Variable Direction Forgetting Recursive-Least-Square Algorithm Based Approach

Jaesang Park 1,a , Alireza Askarian 1,b , and Srinivasa Salapaka 1,c"
"2410.14077v2.pdf","Abstract -As inverter-based loads and energy sources become increasingly prevalent, accurate estimation of line impedance between inverters and the grid is essential for optimizing performance and enhancing control strategies. This paper presents a non-invasive method for estimating outputline impedance using measurements local to the inverter. It provides a specific method for signal conditioning of signals measured at the inverter, which makes the measured data better suited to estimation algorithms. An algorithm based on the Variable Direction Forgetting Recursive Least Squares (VDF-RLS) method is introduced, which leverages these conditioned signals for precise impedance estimation. The signal conditioning process transforms measurements into the direct-quadrature (dq) coordinate frame, where the rotating frame frequency is determined to facilitate a simpler and more accurate estimation. This frequency is implemented using a secondary Phase-Locked Loop (PLL) to attenuate grid voltage measurement variations. By isolating the variation-sensitive q-axis and relying solely on the less sensitive d-axis, the method further minimizes the impact of variations. The VDF-RLS estimation method achieves rapid adaptation while ensuring stability in the absence of persistent excitation by selectively discarding outdated data during updates. Proposed conditioning and estimation methods are non-invasive; estimations are solely done using measured outputs, and no signal is injected into the power network. Simulation results demonstrate a significant improvement in impedance estimation stability, particularly in low-excitation conditions, where the VDF-RLS method achieves more than three time lower error compared to existing approaches such as constant forgetting RLS and the Kalman filter."
"2410.14077v2.pdf","I. INTRODUCTION

The rapid expansion of distributed energy resources (DERs) and inverter-based loads has made inverter-based grids increasingly common, driving the need for precise power regulation and deeper insights into grid interactions. In this context, output line impedance-the impedance between the inverter and the grid-plays a crucial role in determining inverter performance, affecting power injection limits and droop control characteristics [1], [2]. Improved impedance estimation, as highlighted in [3], enhances controller bandwidth, while impedance also serves as an indicator of grid stiffness and assists in islanding detection [4]. This capability supports smooth operational transitions for inverters [5]. As inverter-based resources continue to expand, accurate monitoring of these factors is essential for maintaining grid stability.

Output impedance is commonly defined as the impedance between the inverter and the grid, where the grid, in this context, represents an abstraction of the remaining network.

1 Department of Mechanical Science and Engineering, University of Illinois at Urbana-Champaign, 61801 IL, USA a jaesang4@illinois.edu, b askaria2@illinois.edu, c salapaka@illinois.edu"
"2410.14077v2.pdf","In a complex power system, we model the grid as perceived by the inverter using Thevenin's theorem as an equivalent grid voltage source in series with the output line impedance (see Fig. 1). This Thevenin-equivalent impedance can vary significantly due to changes in the power network, such as fluctuations in electrical loads, the addition or removal of power sources, and environmental factors like temperature. Consequently, real-time impedance estimation is crucial for optimizing inverter performance and reliability. By continuously adapting to dynamic grid conditions, it enables stable power injection and ensures that control strategies remain effective."
"2410.14077v2.pdf","The main challenges in accurately estimating output line impedance stem from several factors. (i) First, inverters typically lack access to global measurements or networkwide data, which makes it difficult to estimate the effective grid voltage. (ii) Additionally, measured signals often lack the necessary persistence of excitation, which is crucial for accurate impedance estimation. (iii) Since inverters usually operate at a steady state, only local output voltage and current are measurable, while both line impedance and grid voltage influence these measurements, making it essential to distinguish between their effects. (iv) Finally, in most grids, altering the power system to assist in impedance estimation is either impractical or not allowed. As a result, the estimation must be non-invasive, relying solely on locally measured signals without injecting real power disturbances into the system."
"2410.14077v2.pdf","To address challenges (i) and (ii), many line impedance estimation methods rely on signal injection. In [6], a highfrequency signal is injected assuming that the grid voltage contains only the nominal frequency component, helping to separate line impedance from grid voltage. However, this can distort the output voltage, and tampering with power flow is often not allowed. In [7], the pulse-width modulation (PWM) signal used by inverters is leveraged to avoid additional distortion. However, it requires fast sensing beyond the PWM switching frequency, and filters on inverters reduce the injected signal, resulting in a low signal-to-noise ratio. In [8], a time-domain differentiation method perturbs the inverter's power, assuming constant grid voltage, with the resulting voltage and current changes attributed to line impedance. However, injection-based methods, along with concerns about voltage quality and power control, are often impractical due to grid regulations or operational constraints."
"2410.14077v2.pdf","Another important class of methods addresses challenges (i), (ii), and (iv) (lack of persistent excitation while avoiding signal injection) by utilizing historical current and voltage data to estimate line impedance. These techniques leverage variations in the inverter's operating point over time. For instance, [9] assumes constant grid voltage in the directquadrature ( d, q ) frame and uses a Recursive Least Squares (RLS) algorithm to estimate both line impedance and grid voltage. However, this algorithm continuously processes all data, meaning that changes in line parameters only have a noticeable impact when sustained over a long period to overcome the influence of previous data. As a result, updating the estimation to reflect new values becomes a slow process."
"2410.14077v2.pdf","To speed up convergence, [4] introduces the Constant Forgetting Recursive Least Squares (CF-RLS) method, which discounts older data using a forgetting factor. While this method enhances the adaptation speed to changing parameters, the exponential discounting of historical data can lead to a loss of relevant information, which is especially significant in the absence of persistent excitation. This issue is particularly important since many inverters operate in grid-following (GFL) mode, where they track a fixed current set point that seldom changes. Thus, even aggregated historical data lacks richness for effective impedance estimation. In [10], line impedance is modeled as a dynamic state in a time-varying system defined using measured inverter voltage and current. A Kalman filter is then implemented to estimate the output line impedance. This algorithm demonstrates performance similar to the CF-RLS algorithm, sharing the same issue of gradually losing relevant information in the absence of persistent excitation."
"2410.14077v2.pdf","In this work, we address challenges (i)-(iv) and also address the gaps of the above methods. We address these challenges in two steps -We first condition the measurement signals for better estimation before feeding them into the line parameter estimation algorithm. The conditioning step ensures our assumptions on grid attributes are practical and simplify the estimation process. Our approach operates in the d -q coordinate frame, using a rotating frame frequency tied to the inverter rather than the grid. To generate rotating frame frequency, we design a secondary Phase Locked Loop (PLL) , which is distinct from the usual PLL used for inverter control and droop regulation. This secondary PLL facilitates a coordinate frame where there is a frequency separation between current signals and grid voltage dynamics, by leveraging the algebraic structure of the constitutive equation relating the inverter and grid voltages. In this equation, the line parameters appear as coefficients of measured current signal while the uncertainty due to grid voltage comes as an additive disturbance. Thus frequency separation simplifies the estimation problem. Unlike the inverter's primary PLL, which has a fast bandwidth to quickly track frequency changes, the secondary PLL has a lower bandwidth provides which provides better frequency separation between grid frequency changes and its phase difference variations. Additionally, we demonstrate that while the d -axis dynamics are less sensitive to phase difference, the q -axis dynamics are highly sensitive. Therefore, by focusing on the less sensitive d -axis dynamics, we effectively reduce fluctuations in the estimation."
"2410.14077v2.pdf","In the second step, to address the issue of non-persistent excitation, we propose the use of the Variable Direction Forgetting Recursive Least Squares (VDF-RLS) method [11] for line impedance estimation. Similar to RLS and CF-RLS, VDF-RLS manages historical data using an information matrix. However, when updating the matrix with new data, VDF-RLS compares the direction of the new information vector with the singular vectors of the previous information matrix. The forgetting factor is then applied selectively, discounting only the singular values corresponding to directions aligned with the new information vector. We demonstrate that this method can estimate changing line parameters by aggregating information efficiently over time while remaining robust to noise, even when measures signals have low signal-to-noise ratio."
"2410.14077v2.pdf","Upon implementation, we demonstrate that the proposed VDF-RLS-based algorithm not only tracks parameter changes rapidly when excitation is present but also remains stable, achieving significantly lower error-up to three times smaller-even in the absence of excitation. This effectively balances adaptation speed and stability. Additionally, we show that the proposed preconditioning methods efficiently reduce estimation error by mitigating measurement noise and noise induced by inverter activity.

II. GRID MODELING AND PRECONDITIONING FOR IMPEDANCE ESTIMATION

A. Thevenin-Based Grid Representation

The grid around an inverter is simplified using Thevenin's theorem as a single voltage source and output line impedance. The stiff voltage source, unaffected by the inverter's operation, is treated as the grid voltage, while the impedance represents the output line impedance perceived by the inverter. For simplicity, we approximate the Thevenin impedance with a first-order model consisting of resistance R and inductance L . The dynamics that describe this system in Fig. 1 are given by

- → V c = R - → i + L d - → i dt + V ⃗ g , (1)"
"2410.14077v2.pdf","where - → V c , - → V g , - → i , and R and L respectively represent phasors of the voltage across the inverter's output capacitance, the grid voltage, the inverter current, and the line impedance parameters.

If we represent the magnitudes of the grid voltage, the inverter voltage and the output current respectively by V g , V c , i , their phasors in a stationary frame can be expressed as:

- → V g ( t ) = V g ( t ) e j ( ∫ t 0 ω grid ( τ ) dτ + ϕ grid ) - → V c ( t ) = V c ( t ) e j ( ∫ t 0 ω inv ( τ ) dτ + ϕ inv ) - → i ( t ) = i ( t ) e j ( ∫ t 0 ω curr ( τ ) dτ + ϕ curr ) , (2)

where ω grid , ω inv , and ω curr represent the frequency of each signal, ensuring ϕ grid , ϕ inv , and ϕ curr remain constant.

Also, (2) can be rewritten using the rotating frequency ω as:

- → V g ( t ) = V g ( t ) e j ( ∫ t 0 ω ( τ ) dτ + ψ grid ( t )) - → V c ( t ) = V c ( t ) e j ( ∫ t 0 ω ( τ ) dτ + ψ inv ( t )) - → i ( t ) = i ( t ) e j ( ∫ t 0 ω ( τ ) dτ + ψ curr ( t )) , (3)"
"2410.14077v2.pdf","where ψ grid , ψ inv , ψ curr represent the phases of each signal in the rotating frame. The direct-quadrature ( d -q ) components z d and z q of any phasor ⃗ z in the rotating frame are given by z d + jz q := e -j ∫ t 0 ω ( τ ) dτ ⃗ z . By applying this coordinate transformation, equations (3) and (1) can be rewritten as:

V d c = Ri d + L di d dt -ωLi q + V d g V q c = Ri q + L di q dt + ωLi d + V q g , (4)

where V d c = V c cos( ψ inv ) , V q c = V c sin( ψ inv ) , V d g = V g cos( ψ grid ) , V q g = V g sin( ψ grid ) . Here, the goal is to estimate the parameters R and L , given the measured signals V c ( t ) and i ( t ) . Here V g ( t ) is assumed to be not known, while V g is assumed to be near constant."
"2410.14077v2.pdf","V q g = V g sin( ψ grid,nom + δψ grid ) ≈ V g ( sin( ψ grid,nom ) + cos( ψ grid,nom ) δψ grid ) . (6)

Here, the high-frequency component of V d,q g stems from the terms sin( ψ grid,nom ) δψ grid and cos( ψ grid,nom ) δψ grid respectively. We first consider reducing sin( ψ grid,nom ) and cos( ψ grid,nom ) . Since both cannot be minimized simultaneously, we focus on the d -axis dynamics, reducing sin( ψ grid,nom ) by keeping ψ grid,nom small. During normal grid operation, δ = ψ grid -ψ inv is typically small, so ensuring a small ψ inv helps keep ψ grid small. This is achieved through the PLL, which regulates ω ( t ) by adjusting V q c ( t ) to maintain V q c = V c sin( ψ inv ) small.

2) Design of a Rotating Reference Frame: Second, we aim to attenuate high-frequency components of δψ grid and, consequently, ψ grid . From (2) and (3), it is clear that ψ grid in the rotating frame is highly dependent on the chosen frequency ω . Specifically, comparing (2) and (3), we obtain:

ψ grid ( t ) = ∫ t 0 ( ω grid ( τ ) -ω ( τ ) ) dτ + ϕ grid . (7)"
"2411.14884v3.pdf","The only data required to fully characterize an StQP is the data matrix Q . However, in many applications the matrix Q is uncertain. StQPs with uncertain data have been explored in the literature. One of the most natural ways to deal with uncertain objective functions is via robust optimization [2]. In that paradigm, the decision-maker has to decide upon an uncertainty set U which encapsulates all the known information about the uncertain parameter. The uncertain parameter (in this case the uncertain data matrix Q ) is suppossed to reside within the uncertainty set U , as violations are not allowed [10]. Bomze et al. [6] introduced the concept of a robust standard quadratic optimization problem, which they formulated as a minimax problem

min x ∈ ∆ max U ∈U x ⊤ ( Q (nom) + U ) x (1)

with uncertainty set U . The uncertain matrix Q consisted of a nominal part Q (nom) and an uncertain additive perturbation U . In their paper, the authors investigated various uncertainty sets and proved that the copositive relaxation gap is equal to the minimax gap. Moreover, they observed that the robust StQP (1) reduces to a deterministic StQP for many frequently used types of uncertainty sets U ."
"2411.14884v3.pdf","(cd.)
[7] I. M. Bomze, W. Schachinger, and R. Ullrich. The complexity of simple models - a study of worst and typical hard cases for the standard quadratic optimization problem. Mathematics of Operations Research , 43(2):651-674, 2018.
[8] L. El Ghaoui, M. Oks, and F. Oustry. Worst-Case Value-At-Risk and Robust Portfolio Optimization: A Conic Programming Approach. Operations Research , 51(4):543-556, 2003.
[9] S. Geman. A limit theorem for the norm of random matrices. The Annals of Probability , 8(2):252261, 1980.
[10] B. L. Gorissen, I. Yanıkoglu, and D. Den Hertog. A practical guide to robust optimization. Omega , 53:124-137, 2015.
[11] J. Hull. Risk management and financial institutions , volume 733. John Wiley & Sons, Inc., Hoboken, NJ, 3 edition, 2012.
[12] N. Larsen, H. Mausser, and S. Uryasev. Algorithms for Optimization of Value-at-Risk. In P. M. Pardalos and V. K. Tsitsiringos, editors, Financial Engineering, E-commerce and Supply Chain , pages 19-46. Springer US, Boston, MA, 2002."
"2411.14884v3.pdf","References

[1] M. Aizenman, R. Peled, J. Schenker, M. Shamis, and S. Sodin. Matrix regularizing effects of Gaussian perturbations. Communications in Contemporary Mathematics , 19(3):1750028, 2017.
[2] A. Ben-Tal, L. El Ghaoui, and A. Nemirovski. Robust optimization . Princeton University Press, 2009.
[3] D. Bertsimas, D. B. Brown, and C. Caramanis. Theory and applications of robust optimization. SIAM review , 53(3):464-501, 2011.
[4] I. M. Bomze. On standard quadratic optimization problems. Journal of Global Optimization , 13:369-387, 1998.
[5] I. M. Bomze, M. Gabl, F. Maggioni, and G. C. Pflug. Two-stage stochastic standard quadratic optimization. European Journal of Operational Research , 299(1):21-34, 2022.
[6] I. M. Bomze, M. Kahr, and M. Leitner. Trust your data or not - StQP remains StQP: Community Detection via Robust Standard Quadratic Optimization. Mathematics of Operations Research , 46:301-316, 2021."
"2411.14884v3.pdf","of this work at various major conferences: EurOpt 2024, EURO 2024 and ISMP 2024. The authors profited from the feedback of delegates to these meetings, and hope that it may lead to future extensions of the present findings. Last but not least, the authors are grateful to the evaluation team (reviewer and editor) whose thoughtful and constructive comments significantly contributed to improvements over an earlier version of this paper."
"2411.14884v3.pdf","5 Conclusion

We introduced and motivated the chance-constrained epigraphic StQP, a new model for solving uncertain StQPs under distributional assumptions, and established a deterministic counterpart as an instance in the same problem class (another StQP). Our findings parallel similar observations on robust StQPs, and indeed a special variant of this model is equivalent to a particular robust formulation. However, preliminary experiments seem to suggest that the chance-constrained epigraphic StQP can be less conservative than a robust approach, if the confidence level (probabilistic optimality guarantee) is not too large.

Acknowledgements

The authors thank Christa Cuchiero and Abdel Lisser for stimulating discussions and valuable suggestions. Both authors are indebted to VGSCO for financial support enabling presentation"
"2411.14884v3.pdf","We compare the obtained realized feasible values in a similar way as above. Figure 3 depicts the (average) absolute error of the solutions x (cce) i,α and x (rob) i with respect to the optimal solutions of ℓ ( Q (nom) i ), i.e. the differences | ℓ (nom) cce ,α -ℓ (nom) | as a solid line and | ℓ (nom) rob -ℓ (nom) | as a dashdotted line and Figure 4 presents the (average) absolute error of the solutions x (cce) i,α and x (rob) i with respect to the optimal solutions of ℓ ( Q ij ), i.e. the differences | ℓ (emp) cce ,α -ℓ (emp) | as a solid line and | ℓ (emp) rob -ℓ (emp) | as a dashdotted line.

Figure 4: | ℓ (emp) cce ,α -ℓ (emp) | vs | ℓ (emp) rob -ℓ (emp) |

As one can see in Figure 3, for the nominal problem ℓ ( Q (nom) i ) the chance-constrained epigraphic solutions x (cce) i,α are less conservative than the robust solutions x (rob) i for all α ≤ 0 . 72. For the empirical problem ℓ ( Q ij ), Figure 4 shows that any α ≤ 0 . 79 yields less conservative chanceconstrained epigraphic solutions than the robust solutions."
"2411.14884v3.pdf","defines a box covering all realizations (depending on the instance number i ), and ρ ∈ (0 , 1] is a parameter controlling the size of U i . By application of [6, Theorem 3] to the constructed uncertainty sets U i , we obtain

min x ∈ ∆ max U ∈U i x ⊤ ( Q (nom) i + U ) x = min x ∈ ∆ [ x ⊤ Q (nom) i x +max U ∈U i x ⊤ U x ] = min x ∈ ∆ x ⊤ Q (nom) i x + ρ x ⊤ ( Q i -Q (nom) i ) x = min x ∈ ∆ x ⊤ [(1 -ρ ) Q (nom) i + ρ Q i ] x .

If ρ = 1, the uncertainty set U i would cover all realizations (in our simulation case randomly generated); to avoid any bias against the robust model in case of outliers among the realizations

which would incur overly conservative solutions, we decided to set ρ = 0 . 8 and denote by x (rob) i the robust solution obtained from the robust StQPs (1) with uncertainty sets (10). Let

ℓ (nom) rob := 1 10 10 ∑ x (rob) ⊤ i Q (nom) i x (rob) i

ℓ (emp) rob := 1 1000 10 ∑ 100 ∑ x (rob) ⊤ i Q ij x (rob) i

i =1 , i =1 j =1 ."
"2411.14884v3.pdf","Figure 1 shows the (average) absolute error of the solutions x (cce) i,α with respect to the optimal solutions of ℓ ( Q (nom) i ) as a function of α , i.e. the differences | ℓ (nom) cce ,α -ℓ (nom) | while Figure 2 illustrates the (average) absolute error of the solutions x (cce) i,α with respect to the optimal solutions of ℓ ( Q ij ) as a function of α , i.e. the differences | ℓ (emp) cce ,α -ℓ (emp) | . As shown in Figures 1 and 2, the function values provided by the solutions x (cce) i,α are far away from the optimal values of min x ∈ ∆ x ⊤ Q (nom) i x and min x ∈ ∆ x ⊤ Q ij x , respectively. However, x (cce) i,α are sometimes less conservative compared to robust methods, as showcased in the following section.

4.4 Comparing conservativity

In the following experiment inspired by [6], we constructed, for each scenario i = 1 , . . . , 10, a robust StQP (1) each with the choice of a box uncertainty set of the form

U i = { U = U ⊤ : ρ ( Q i -Q (nom) i ) ≤ U ≤ ρ ( Q i -Q (nom) i ) } , (10)

where

( Q i ) kℓ := min j ( Q ij ) kℓ , ( Q i ) kℓ := max j ( Q ij ) kℓ"
"2411.14884v3.pdf","For comparison, we report on the values x (cce) ⊤ i,α Q (nom) i x (cce) i,α and ℓ ( Q (nom) i ), and also compare the empirical values x (cce) ⊤ i,α Q ij x (cce) i,α and ℓ ( Q ij ), accumulated across all j = 1 . . . , 100, and also summarized across all instances i , to avoid any instance selection bias. To be more precise, let

ℓ (nom) := 1 10 10 ∑ ℓ ( Q (nom) i )

ℓ (emp) := 1 1000 10 ∑ i =1 100 ∑ j =1 ℓ ( Q ij )

ℓ (nom) cce ,α := 1 10 10 ∑ x (cce) ⊤ i,α Q (nom) i x (cce) i,α

i =1 , , i =1 ,

ℓ (emp) cce ,α := 1 1000 10 ∑ i =1 100 ∑ j =1 x (cce) ⊤ i,α Q ij x (cce) i,α ."
"2411.14884v3.pdf","were indefinite as well, with λ min ( Q ij ) ∈ [ -35 . 9 , -25 . 9] and λ max ( Q ij ) ∈ [25 . 7 , 41 . 2]. We considered confidence levels α ∈ { 0 . 55 , 0 . 56 , . . . , 0 . 99 } and defined

Q (cce) i,α := Q (nom) i + √ 2 β Φ -1 ( α ) I n ,

according to (9). By Proposition 10 since

Φ ( | λ min ( Q (nom) i ) | √ 2 β ) ≤ Φ ( 3 . 2 3 √ 2 ) ≈ 0 . 77 ,

the Q (cce) i,α were positive-definite approximately for α ≥ 0 . 77 and indefinite otherwise.

4.3 Comparing solutions to the nominal with solutions to random instances

We then solved problem (9) with for all i and α and obtained solution pairs ( x (cce) i,α , t (cce) i,α ). We confirmed that the empirical probabilities are close to α , i.e.

# { j : x (cce) ⊤ i,α Q ij x (cce) i,α ≤ t (cce) i,α } 100 ≈ α,

for all i and α , where # counts the number of elements in a set. (In case α = 70% they range in the interval [67% , 77%]). Then we solved all instances Q ij yielding optimal values ℓ ( Q ij ) = min x ∈ ∆ x ⊤ Q ij x . For each instance Q ij , either the global optimum or a local optimum within tolerance was found."
"2411.14884v3.pdf","4 Numerical experiments

We carried out experiments for the model discussed in Corollary 8. All results were computed using Gurobi v.11.0.2. Non-convex StQP instances were rewritten in bilinear form and then solved by spatial branching with 60 seconds maximum runtime and gap tolerance 10 -6 .

4.1 Nominal instance generation

We first set n = 30 and generated 10 i.i.d. symmetric nominal matrices Q (nom) 1 , . . . , Q (nom) 10 component-wise from the uniform distribution on [0,1]

( Q (nom) i ) kℓ ∼ U [0 , 1] for i = 1 , . . . , 10 and 1 ≤ k ≤ ℓ ≤ n,

( Q (nom) i ) kℓ = ( Q (nom) i ) ℓk if k > ℓ .

All generated matrices Q (nom) i were indefinite with λ min ( Q (nom) i ) ∈ [ -3 . 2 , -2 . 7] and λ max ( Q (nom) i ) ∈ [14 . 4 , 15 . 8].

4.2 Random data generation

We chose β = 3 and generated 100 i.i.d. GOE matrices G 1 , . . . , G 100 . All realizations

Q ij := Q (nom) i + β G j , i = 1 , . . . , 10 , j = 1 , . . . , 100 ,"
"2411.14884v3.pdf","This is not the first time that a chance-constrained optimization problem is reformulated as a deterministic counterpart of a robust optimization problem, see [2, Chapters 2 and 4] and [3, Section 3]. However, [2, 3] discuss models with chance constraints both linear in the uncertain parameter and linear in the decision variable. By contrast, in our case, even though the function f ( x , ˜ Q ) = x ⊤ ˜ Q x is linear in the random parameter ˜ Q , it is nonlinear in the decision variable x . Thus, Theorem 9 distinguishes itself from what can be found in the literature.

We close this section discussing a possible convexifying effect by passing from the indefinite nominal StQP to the CCEStQP. Let λ max and λ min denote the largest and smallest eigenvalues of the nominal matrix Q (nom) , respectively. We want to study the cases where the here-and-now problem (8) is indefinite while the chance-constrained epigraphic problem (9) is convex.

Proposition 10. Let α > 1 / 2 , β > 0 , λ max > 0 > λ min and Φ denote again the cumulative distribution function of the standard normal distribution. Then

Q (cce) is positive semi-definite ⇐⇒ α ≥ Φ ( | λ min | √ 2 β ) ."
"2411.14884v3.pdf","Proof. Recall that the Frobenius norm is defined by || U || 2 F := trace( U ⊤ U ). We use [6, Theorem 4 and Remark 5], defining L := -ρ ( CC ⊤ ) -1 with C = I n . Flipping the sense of optimization, we obtain the deterministic counterpart of the robust problem with uncertainty set U

min x ∈ ∆ max U ∈U x ⊤ ( Q (nom) + U ) x = min x ∈ ∆ x ⊤ ( Q (nom) + ρ I n ) x ,

which is exactly (9). Note that ρ I n is not an element of U for n > 1 since || I n || 2 F = n .

Observe that a similar result for the shifted Wishart model seems not to hold because of the negative shift in M = -η I n . We expect that the more general distributional assumption of Property 5 would neither allow for such a characterization."
"2411.14884v3.pdf","x ⊤ ˜ Q x ∼ N ( µ ( x ) , σ 2 ( x ) ) with

µ ( x ) = x ⊤ Q (nom) x and σ ( x ) = √ 2 β x ⊤ I n x .

Therefore for the GOE perturbation model, the chance-constrained epigraphic problem (CCEStQP) is equivalent to a deterministic StQP

ℓ ( cce ) α := min x ∈ ∆ x ⊤ Q (cce) x , (9)

Q (cce) := Q (nom) + √ 2 β Φ -1 ( α ) I n

with where Φ denotes the cumulative distribution function of a standard normal random variable.

Proof.

Straightforward from Proposition 4 and Theorem 7.

We proceed with the announced relation of above result to robust counterparts when uncertainty sets are Frobenius balls under the GOE perturbation model:

Theorem 9. Under the GOE perturbation model (5) , define

ρ := √ 2 β Φ -1 ( α ) .

Then the CCEStQP (9) can be interpreted as the deterministic counterpart of the robust StQP

min x ∈ ∆ max U ∈U x ⊤ ( Q (nom) + U ) x ,

with Frobenius ball uncertainty set

U = { U = U ⊤ : || U || F ≤ ρ } ."
"2411.14884v3.pdf","3.2 Deterministic reformulation

Now we show that Property 5 ensures that CCEStQP can be reformulated as a deterministic StQP.

Theorem 7. Assume that P fulfills Property 5 for some ( F, M , S ) as outlined there. Then the chance-constrained epigraphic StQP (CCEStQP) is equivalent to a deterministic StQP. In particular,

ℓ (cce) P ,α = min x ∈ ∆ x ⊤ Q x ,

with Q := M + F -1 ( α ) S .

Proof. A feasible pair ( x , t ) ∈ ∆ × R satisfies

P [ x ⊤ ˜ Q x ≤ t ] ≥ α if and only if x ⊤ Q x ≤ t.

Therefore (CCEStQP) is equivalent to

min x ,t t s.t. x ⊤ Q x ≤ t x ∈ ∆ , t ∈ R ,

which is precisely the epigraphic reformulation of the deterministic StQP

min x ∈ ∆ x ⊤ Q x .

Hence we have established a deterministic StQP equivalent to the CCEStQP under reasonable distributional assumptions. This is in line with several robust counterparts [6].

3.3 An important special case: GOE perturbation model

Let us recapitulate the above result explicitly for the GOE perturbation model:

Corollary 8. Let ˜ Q be defined as in (5) , then"
"2411.14884v3.pdf","Since no assumptions on the definiteness of Q (nom) are made, the here-and-now problem (8) can be potentially indefinite.

3 A distributional assumption and main results

3.1 A reasonable distributional assumption on random StQPs

As motivated by above observations, it is reasonable to suppose that the general distribution P of ˜ Q enjoys the following location/scale type property for the quadratic forms.

Property 5. Consider two symmetric n × n matrices M and S , the latter satisfying x ⊤ S x > 0 for all x ∈ ∆, and a continuous cdf F which is strictly increasing on { t ∈ R : F ( t ) > 0 } .

For all x ∈ ∆, the distribution of x ⊤ ˜ Q x is of location/scale type:

P [ x ⊤ ˜ Q x ≤ t ] = F ( t -µ ( x ) σ ( x ) ) ,

with location parameter µ and scale parameter σ depending on x in the following way:

µ ( x ) := x ⊤ M x , σ ( x ) := x ⊤ S x > 0 .

Remark 6. Not every location/scale family of distributions of quadratic forms satisfies Property 5, but as observed in Proposition 4, the most common distributional models indeed enjoy Property 5.

where"
"2411.14884v3.pdf","C . In that setting, the vector x = ( x 1 , . . . , x n ) ⊤ represents the allocation of the total budget (normalized to 1) to the assets. In particular, the entry x i represents the portion of the budget devoted to the i -th asset. The goal is to find an allocation vector x which minimizes the expected risk and maximizes the expected return

min x ∈ ∆ x ⊤ C x -r ⊤ x . (7)

Note that in this model, short-selling is not allowed. By definition of the feasible set ∆, problem (7) is equivalent to the StQP

min x ∈ ∆ x ⊤ Q (nom) x ,

Q (nom) := 1 2 ( C -re ⊤ -er ⊤ ) .

Suppose that in the estimation of the covariance matrix C and expected return vector r measurement errors were made so that we replace the matrix Q (nom) by an additive perturbation with a GOE matrix ˜ G and model the mean-variance portfolio optimization problem as an uncertain StQP

min x ∈ ∆ x ⊤ ( Q (nom) + β ˜ G ) x ,

where β is a parameter denoting the amplitude of the perturbation.

It is clear that under assumption (5) the here-and-now problem (2) consists of solving the following problem

min x ∈ ∆ x ⊤ Q (nom) x . (8)"
"2411.14884v3.pdf","Proof. We first deal with the GOE perturbation model (5). Obviously, for any decision vector x ∈ R n , the quadratic form x ⊤ ˜ G x is a normally distributed random variable with mean 0 and variance 2 || x || 4 2 , i.e.

x ⊤ ˜ G x ∼ N (0 , 2 || x || 4 2 ) .

Now putting M = Q (nom) , S = β I n with β > 0 and choosing F as the as the cdf of the standard normal distribution (denoted by Φ), we see that also in this case the assertion holds true. Now we turn to the shifted Wishart model (6). We have that x ⊤ ˜ W x is a gamma distributed random variable with shape k = p/ 2 and scale θ = 2 x ⊤ Σx , where p determines the shape of F . The matrices are chosen as M = -η I n and S = 2 Σ .

Before we proceed with our results, let us highlight the real-world relevance of the GOE perturbation model which has been extensively explored in the literature, see [1, 18]. A GOE perturbation model (5) has several applications, among them portfolio optimization, where the portfolio consists of n assets with historical mean returns r and historical covariance matrix"
"2411.14884v3.pdf","Definition 3. (i) Let Σ ∈ R n × n be a positive-definite matrix and ˜ y 1 , . . . , ˜ y p ∼ N n ( 0 , Σ ) be i.i.d. random vectors from the n -variate normal distribution with mean 0 and covariance matrix Σ . Set ˜ Y = ( ˜ y 1 , . . . , ˜ y p ), then the matrix ˜ W = ˜ Y ˜ Y ⊤ is said to have a Wishart distribution with covariance matrix Σ and p degrees of freedom.
(ii) Let ˜ W be a Wishart matrix and η > 0, then the shifted Wishart model is defined as

˜ Q = ˜ W -η I n . (6)

For these distributions, we derive the following location-scale property of the distributions of the quadratic forms x ⊤ ˜ Q x .

Proposition 4. For the GOE perturbation model (5) and the shifted Wishart model (6) there are two symmetric n × n matrices M and S , the latter satisfying x ⊤ S x > 0 for all x ∈ ∆ , and a continuous cumulative distribution function (cdf) F which is strictly increasing on { t ∈ R : F ( t ) > 0 } , such that where

P [ x ⊤ ˜ Q x ≤ t ] = F ( t -µ ( x ) σ ( x ) ) ,

µ ( x ) := x ⊤ M x and σ ( x ) := x ⊤ S x > 0

are location and scale parameters, respectively."
"2411.14884v3.pdf","In case that ˜ R or ˜ Y are normal with independent and identically distributed (i.i.d.) entries we obtain the shifted and scaled Gaussian Orthogonal Ensemble in the first case and the shifted Wishart Ensemble in the second case [9, 13, 19]. We formalize this observation in the following definitions.

Definition 2. (i) Let ˜ G = ( ˜ g ij ) be a random symmetric matrix such that ˜ g ii are i.i.d. with ˜ g ii ∼ N (0 , 2), for i = 1 , . . . , n and ˜ g ij are i.i.d. standard normal random variables, ˜ g ij ∼ N (0 , 1), for 1 ≤ i < j ≤ n , then ˜ G is called a Gaussian Orthogonal Ensemble (GOE) matrix.

̸

(ii) Let Q (nom) ∈ R n × n be a nominal matrix, β = 0 and ˜ G be a GOE matrix, then the GOE perturbation model is defined as

˜ Q = Q (nom) + β ˜ G . (5)"
"2411.14884v3.pdf","where ˜ ξ was a vector of returns. Inspired by the VaR and passing from linear to quadratic expressions in the decision variable x , we want to find the smallest number t ∈ R such that x ⊤ ˜ Q x ≤ t with probability at least α , where α ∈ (0 , 1) is a confidence level provided by the decision-maker.

2.2 Distributional models for random (indefinite) symmetric matrices

We are interested in instances of (CCEStQP) where the random matrix ˜ Q is indefinite. Two common and simple ways of generating an indefinite random symmetric matrix ˜ Q are:
(i) Generate a random n × n matrix ˜ R and put ˜ Q := Q (nom) + β √ 2 ( ˜ R + ˜ R ⊤ ), for some nominal matrix Q (nom) and a suitable parameter β .
(ii) Generate a random n × p matrix ˜ Y and put ˜ Q := ˜ Y ˜ Y ⊤ -η I n . The parameter η > 0 has to be large enough such that the positive semi-definite matrix ˜ Y ˜ Y ⊤ becomes indefinite after subtraction of η I n , but not too large to avoid negative-definite matrices ˜ Q ."
"2411.14884v3.pdf","Now suppose that f : R n × R m → R is a random objective function that depends on the decision variable x ∈ X ⊆ R n and on the random vector ˜ ξ ∈ Ξ ⊆ R m . For every fixed x ∈ X , f ( x , ˜ ξ ) is a random variable with a distribution P . Then we can regard constraint (3a) as a soft constraint and request feasibility with probability of at least α . Constraint (3b) remains a hard constraint and must be satisfied for all feasible points. This has a familiar interpretation familiar in risk management as the so-called Value-at-Risk (VaR) of f ( x , ˜ ξ ) at x with confidence level α ∈ (0 , 1), defined as [11]

VaR α ( x ) := min { t : P [ f ( x , ˜ ξ ) ≤ t ] ≥ α } .

The problem of minimizing VaR [12] is

min x ∈X VaR α ( x ) = min x ,t t s.t. P [ f ( x , ˜ ξ ) ≤ t ] ≥ α x ∈ X , t ∈ R . (4)

El Ghaoui et al. [8] investigated problem (4) in the context of worst-case VaR for portfolio optimization with a return function

f ( x , ˜ ξ ) := x ⊤ ˜ ξ"
"2411.14884v3.pdf","2 Chance-constrained epigraphic models of random StQPs

2.1 Definition and Value-at-Risk

Definition 1 (Chance-Constrained Epigraphic Standard Quadratic Optimization Problem (CCEStQP)) . Let ˜ Q be a random symmetric matrix with known distribution P and let α ∈ (0 , 1) be a

given confidence level. Then the CCEStQP is defined by the problem

ℓ (cce) P ,α := min x ,t t s.t. P [ x ⊤ ˜ Q x ≤ t ] ≥ α x ∈ ∆ , t ∈ R . (CCEStQP)

The reason for the name of CCEStQP can be explained as follows. It is well known that any optimization problem

min x ∈X f ( x )

can be rewritten equivalently in epigraphic form by introducing an extra variable t

min x ,t t s.t. f ( x ) ≤ t x ∈ X , t ∈ R .

(3a)

(3b)"
"2411.14884v3.pdf","Passing from a robust to stochastic setting with known expectation, a natural alternative to get rid of the uncertainty is the here-and-now problem (random quantities are designated by a tilde sign)

min x ∈ ∆ E [ x ⊤ ˜ Q x ] = min x ∈ ∆ x ⊤ E [ ˜ Q ] x (2)

where the uncertain matrix ˜ Q is replaced by its expectation E [ ˜ Q ].

Bomze et al. [5] investigated a two-stage setting where the principal submatrix was deterministic and the rest of the entries followed a known probability distribution. In this paper, we propose an alternative to the here-and-now problem. As opposed to [5] we will assume that the full data matrix ˜ Q is random according to a known distribution P . The purpose of this note is to introduce, apparently for the first time, chance constraints for this problem class by introduction of an epigraphic variable, and moreover, to present a deterministic equivalent StQP formulation under reasonable distributional assumptions. Furthermore, we establish a close connection of our new model to robustness with Frobenius ball uncertainty sets."
"2411.14884v3.pdf","(cd.)
[13] V. A. Marchenko and L. A. Pastur. Distribution of eigenvalues for some sets of random matrices. Mathematics of the USSR-Sbornik , 1(4):457-483, 1967.
[14] H. Markowitz. Portfolio selection. The Journal of Finance , 7(1):77-91, 1952.
[15] T. S. Motzkin and E. G. Straus. Maxima for Graphs and a New Proof of a Theorem of Tur´ an. Canadian Journal of Mathematics , 17:533-540, 1965.
[16] M. Pavan and M. Pelillo. Dominant sets and hierarchical clustering. In Proceedings Ninth IEEE International Conference on Computer Vision , volume 1, pages 362-369. IEEE, 2003.
[17] N. Shaked-Monderer and A. Berman. Copositive and completely positive matrices . World Scientific Publishing Co. Pte. Ltd., Hackensack, NJ, 2021.
[18] B. Shapiro and K. Zarembo. Level crossing in random matrices: I. Random perturbation of a fixed matrix. Journal of Physics A: Mathematical and Theoretical , 50(4):045201, 2016.
[19] J. W. Silverstein. The smallest eigenvalue of a large dimensional Wishart matrix. The Annals of Probability , 13(4):1364-1368, 1985."
"2411.14884v3.pdf","† VGSCO and University of Vienna, Oskar-Morgenstern-Platz 1, A-1090 Vienna, Austria. Corresponding author. E-mail: a12032143@unet.univie.ac.at

Irrespective of the sign of ℓ ( Q ), its calculation can be hard for indefinite instances: indeed, Motzkin and Straus [15] showed that the maximum clique problem, a well-known NP-hard problem, can be formulated as an StQP. Hence, the StQP is often regarded as the simplest of hard problems [7] since it contains the simplest non-convex objective function which is a quadratic form, and the simplest polytope as feasible set. Still, the StQP is a very flexible optimization class that allows for modelling of diverse problems such as portfolio optimization problems [14], pairwise clustering [16] and replicator dynamics [4]. Despite of its continuous optimization nature, it also serves to model discrete problems like the maximum-clique problem as well, as witnessed by above references."
"2411.14884v3.pdf","ℓ ( Q ) := min x ∈ ∆ x ⊤ Q x ,

where Q ∈ R n × n is a symmetric matrix, and ∆ := { x ∈ R n : e ⊤ x = 1 , x ≥ 0 } is the standard simplex in R n . Here e ∈ R n is the vector of all ones and ⊤ denotes transposition; I n := Diag( e ) denotes the n × n identity matrix. The objective function is already in general form since any general quadratic objective function x ⊤ A x +2 c ⊤ x can be written in homogeneous form by defining the symmetric matrix Q := A + ce ⊤ + ec ⊤ .

Even though the StQP is simple - minimization of a quadratic function under linear constraints - it is NP-hard without assumptions on the definiteness of the matrix Q . Observe that convex, but also concave instances are polynomially solvable, the latter even in closed form: ℓ ( Q ) = min i Q ii . Note that ℓ ( Q ) ≥ 0 is possible even if Q is not positive semi-definite. In fact, the condition ℓ ( Q ) ≥ 0 characterizes copositivity [17] of Q , and follows if no entry of Q is negative (as, e.g. in the instances Q (nom) i generated in Section 4 below).

∗ VGSCO, Research Network Data Science and Faculty of Mathematics, University of Vienna, OskarMorgenstern-Platz 1, A-1090 Vienna, Austria. E-mail: immanuel.bomze@univie.ac.at"
"2411.14884v3.pdf","Uncertain standard quadratic optimization under distributional assumptions: a chance-constrained epigraphic approach

Immanuel M. Bomze ∗ Daniel de Vicente †

April 8, 2025

Abstract

The standard quadratic optimization problem (StQP) consists of minimizing a quadratic form over the standard simplex. Without convexity or concavity of the quadratic form, the StQP is NP-hard. This problem has many relevant real-life applications ranging from portfolio optimization to pairwise clustering and replicator dynamics.

Sometimes, the data matrix is uncertain. We investigate models where the distribution of the data matrix is known but where both the StQP after realization of the data matrix and the here-and-now problem are indefinite. We test the performance of a chance-constrained epigraphic StQP to the uncertain StQP.

Keywords: Stochastic optimization, Quadratic optimization, Chance constraints, Gaussian Orthogonal Ensemble

MSC(2020) Classification:

90C20, 90C15, 90C26

1 Introduction

The standard quadratic optimization problem (StQP) consists of minimizing a quadratic form over the standard simplex"
"2412.02582v2.pdf","𝒅 = 𝑷𝑴𝒃 + 𝒏 , (1)

where 𝒅 and 𝒏 are the time-ordered data vector and the noise vector, with the vector element representing the flux measurements and the corresponding noise at each time stamp, respectively. The multiplication of 𝑴𝒃 represents the convolution of the sky model and the beam kernel. 𝒃 = { 𝑩 T 1 , 𝑩 T 2 , · · · , 𝑩 T 𝑞 } T is a column vector by stacking the columns of beam matrix 𝑩 with size ( 𝑞, 𝑞 ) , where 𝑩 𝑖 represents the 𝑖 -th column of the beam matrix. Matrix 𝑴 is a special matrix of size ( 𝑝, 𝑞 2 ) , where 𝑝 is the number of pixels within the survey area. The matrix 𝑴 captures the convolutional spatial relationships between the pixels of the sky and the beam kernel matrix 𝑩 , i.e. each row of the matrix 𝑴 is contracted by stacking the pixels covered by the beam kernel at each pointing direction. The matrix 𝑷 is the projection matrix that maps the beam-convolved sky pixels to the time stamps.

To get the estimation of the beam kernel 𝒃 in the presence of noise, the 𝜒 2 is expressed as,

𝜒 2 = ( 𝒅 -𝑷𝑴𝒃 ) T 𝐶 -1 N ( 𝒅 -𝑷𝑴𝒃 ) , (2)"
"2412.02582v2.pdf","7 To avoid data contamination in Fourier space for pulsar search, the noise injection period for CRAFTS is set to 198 . 608 𝜇 s with 41% duty cycle, i.e. with 81 . 92 𝜇 s noise diode on in every injection period (Yang et al. 2024).

8 http://www.aoc.nrao.edu/~akimball/radiocat.shtml

beam pattern construction. Some of the sources are dropped because they are either poorly observed or highly contaminated by RFI or nearby sources. The detailed source selection criteria are presented in Section 3.3.

We select a frequency range between 1375 MHz1425 MHz which is relatively RFI-free and central at the NVSS observation frequency. We also assume a smooth power-law spectrum for the sources and adopt the NVSS median spectral index of 0 . 7 (Condon et al. 1998) to calculate the flux density at each frequency. The NVSS sources are assumed to be unresolved point sources and their flux densities are then converted to brightness temperature assuming a constant gain factor, i.e. DPFU (Degree Per Flux Unit) 𝐴 eff / 2 𝑘 B = 25 . 6 K Jy -1 (Jiang et al. 2020).

3. METHOD

3.1. Beam stacking

The time-ordered data is expressed as the combination of beam-convolved sky and noise,"
"2412.02582v2.pdf","2.3. NVSS

Our stacking-based beam construction requires a sky model, which is constructed using the continuum flux density measurements from the NRAO-VLA Sky Survey (NVSS) catalog (Kimball & Ivezić 2008). The integrated flux density of NVSS sources is extracted from the Unified Radio Catalog 8 , which is a combined radio objects catalog with the correction of the flux and position.

The FATHOMER and CRAFTS survey fields are both fully covered by the NVSS field. Both the FATHOMER and CRAFTS surveys adopt the drift scan observation mode, which is scanning at a constant declination within an R.A. range. During the drift scans, the rotation angle of the 19feed array is fixed at 23 . 4 ◦ to obtain the optimized field coverage (Li et al. 2018). Therefore, the same sources might be observed multiple times by different feeds. In addition, we also selected the sources with their declination within 10 ′ to the scanning declination to recover a full pattern beyond the size of the main beam. We choose a total area of ∼ 138 deg 2 and ∼ 385 deg 2 NVSS field for FATHOMER and CRAFTS, respectively. The total number of sources within the survey areas are 7 463 and 21 015 for FATHOMER and CRAFTS, respectively. However, not all the sources are used in the"
"2412.02582v2.pdf","quires a better knowledge of the source spectrum model. The selected data are then RFI flagged and flux calibrated before proceeding to the analysis of this work.

2.2. CRAFTS

TheCommensalRadioAstronomyFasTSurvey(CRAFTS; Li et al. 2018) is designed to cover the FAST sky between declination of -14 ◦ and + 66 ◦ and proposed to carry out multiple surveys simultaneously in a single drift scan observation, including Galactic Hi, extra-galactic Hi, pulsar search, and transient surveys. This analysis uses 14 × 5 hr CRAFTS drift scan observation data, which targets the area that covers the R.A. range from 1 to 6 hr and the declination range from 27 ◦ 15 ′ to 32 ◦ 19 ′ . CRAFTS drift scan observation data have the high-cadence noise diode signal injection 7 and the noise diode temperature was pre-calibrated (Jiang et al. 2020). The pre-pipeline of CRAFTS data analysis can be found in Yang et al. (2024). The integration time for CRAFTS is 0 . 2 s per timestamp. We reduce the integration time to 1 s after the calibration processing. We adopt the same frequency partition strategy and time-ordered data analysis pipeline as the FATHOMS analysis. All the FAST drift scan data used in this work are summarized in Table 1."
"2412.02582v2.pdf","from 9 to 13 hr, overlapping with the Northern Galactic Cap (NCP) area of the Sloan Digital Sky Survey (SDSS; Reid et al. 2016). To achieve in-time calibration, a noise diode signal with known power is injected for 1 s in every 8 s. We adopt a low-level noise diode 6 during the observations. The drift scan time-ordered data are preprocessed via the analysis pipeline developed in Li et al. (2023). Following the pipeline, the full frequency band is first split into three sub-bands, i.e. the low-frequency band 1050-1150 MHz, the mid-frequency band 1150-1250 MHz, and the high-frequency band 12501450 MHz. In this work, we use the high-frequency band data as it is less contaminated by RFI. The high-frequency band also covers the continuum spectrum range of the celestial point source catalog, which is used as a sky model for beam pattern construction. Extending the lower frequency band re-

6 The FAST flux calibration uses a noise diode with two power levels: ∼ 1 K (low-level) and ∼ 10 K (high-level). For both FATHOMER and CRAFTS drift scan observations, the low-level noise diode injection is used."
"2412.02582v2.pdf","‡ The CRAFTS observations are carried out for 5 hours drift-scan every nights with 0 . 2 second integration time. A low-level noise diode signal is injected with high-cadence, injected for 81 . 92 𝜇 s in every 198 . 608 𝜇 s..

★ The field center, encoded with 'HHMM+ddmm', indicates the center of each drift scan survey field, where 'HHMM' represents the R.A. and '+ddmm' represents the declination, respectively."
"2412.02582v2.pdf","Table 1. The observational data used in this work. In these observations, the low-level noise diode is adopted and the feed array is rotated to a fixed angle of 23 . 4 ◦ during each observation to have an optimized sky coverage (Li et al. 2018).

FATHOMER †.Field center ★ | FATHOMER †.Date | CRAFTS ‡.Field center | CRAFTS ‡.Date
1100+2600 | 20210302 | 0330+2715 | 20220418
1100+2600 | 20220210 | 0330+2737 | 20201029
1100+2610 | 20210309 | 0330+2759 | 20201118
1100+2610 | 20210314 | 0330+2820 | 20201027
1100+2610 | 20220211 | 0330+2904 | 20200805
1100+2621 | 20210313 | 0330+2925 | 20200806
1100+2621 | 20220212 | 0330+2947 | 20200821
1100+2632 | 20210305 | 0330+3009 | 20200822
1100+2632 | 20220213 | 0330+3030 | 20200810
1100+2643 | 20210306 | 0330+3052 | 20200813
1100+2643 | 20220214 | 0330+3114 | 20200818
1100+2654 | 20210307 | 0330+3135 | 20220330
1100+2654 | 20220215 | 0330+3157 | 20220324
1100+2705 | 20220216 | 0330+3219 | 20220328
1100+2715 | 20220222 |  | 
1100+2726 | 20220217 |  | 
1100+2737 | 20220218 |  | 
1100+2748 | 20220219 |  |

† The FATHOMER observations are carried out for 4 hours drift-scan every night with 1 second integration time. A low-level noise diode signal is injected for 1s in every 8 s."
"2412.02582v2.pdf","2. DATA AND PREPROCESSING

2.1. FATHOMER

We employ the drift scan observation data from the FAst neuTral HydrOgen intensity Mapping ExpeRiment (FATHOMER; Li et al. 2023). In this analysis, 18 × 4 hr drift scan observation data with integration time of 1 s per timestamp are used, which targets the area that covers the R.A. range"
"2412.02582v2.pdf","In this work, we estimate the Stokes I primary beam patterns of the FAST telescope that combine the effects of its reflector and L-band feed array. The FAST L-band observation uses a 19-feed array mounted in the focus cabin suspended on the cables about the reflector. The reflector consists of about 4 400 active reflector panels, which form a 300 m paraboloid at each pointing direction. Such a complicated reflector and feed arrangement heavily increases beam pattern instabilities, resulting in a direction-dependent beam pattern (Dong & Han 2013). In this work, we developed a stacking-based beampattern construction method employing Hi IM drift scan observation data itself. Because the beam shape is measured in the same direction as the Hi IM survey observation, we may minimize the direction dependency impact and achieve the beam pattern that is close to the actual case during the observation.

The rest of the paper is organized as follows: Section 2 introduces the datasets used in this work. In Section 3, we describe the detailed stacking-based beam pattern reconstruction method. The results and discussion are presented in Section 4, followed by our conclusions in Section 5."
"2412.02582v2.pdf","The beam pattern can be properly measured via radio holographic measurements with an interferometer (Iheanetu et al. 2019; Asad et al. 2021; Amiri et al. 2024), or by scanning a bright celestial calibrator for a single dish telescope (e.g. Jiang et al. 2020). Besides, the Tianlai experiment has measured the primary beam via unmanned aerial vehicle (Zhang et al. 2021) and CHIME has measured the primary beam via the Sun transition (Amiri et al. 2022)."
"2412.02582v2.pdf","1 https://tianlai.bao.ac.cn

2 https://chime-experiment.ca/en

3 https://bingotelescope.org

4 https://hirax.ukzn.ac.za

5 https://www.skao.int

ing in a failed foreground subtraction (Matshawule et al. 2021; Spinelli et al. 2022). To address such primary beam effects, the observed Hi maps are usually degraded to a common beam size, i.e. the largest beam size within the observation bandwidth, with an assumption of simple Gaussian primary beam shape (Masui et al. 2013; Anderson et al. 2018; Cunnington et al. 2023). This approach can reduce the primary beam effect to a subdominant level while also significantly increasing the signal-to-noise ratio. Recently, a deep-learning-based strategy has been developed with simulated data for reducing the Hi IM survey systematic effect, which includes both the primary beam effect (Ni et al. 2022) and the polarization leakage effect (Gao et al. 2023). To apply such a strategy to the realistic observation data, an accurate beam model is required for training the deep learning network."
"2412.02582v2.pdf","The major challenge for Hi IM cosmology studies is to separate the Hi brightness fluctuation from the foreground contamination, i.e. the synchrotron or free-free emission of the Milky Way and radio galaxies, which are typically several orders of magnitude brighter than the cosmological signal (Wolz et al. 2015; Spinelli et al. 2022). Exploiting the advantageous characteristic of foreground contamination exhibiting smoothness across the frequency spectrum, it becomes feasible to be separated from the fluctuating HI signal (Bowman et al. 2009; Ansari et al. 2012). However, systematic effects exist during the observation significantly increase the degree of freedom of the foreground frequency spectrum and challenges the foreground separation technique (Matshawule et al. 2021; Spinelli et al. 2022; Irfan et al. 2024). The primary beam effect is one of the significant systematic effects that must be taken into account while analyzing the Hi IM survey data.

The primary beam effect refers to two important aspects of the antenna beam pattern. The first is the main lobe shape and its frequency dependence; the second is the side-lobe beam pattern level and its frequency-dependent variation. Both can weaken the smooth foreground spectrum assumption, result-"
"2412.02582v2.pdf","tical galaxy survey (Cunnington et al. 2023; MeerKLASS Collaboration et al. 2025; Carucci et al. 2024). Meanwhile, the Hi IM auto power spectrum on Mpc scales is detected using the MeerKAT interferometric observations (Paul et al. 2023). However, the Hi IM auto power spectrum on large scales remains undetected (Switzer et al. 2013). Besides, several Hi IM experiments are targeting the post-reionization epoch, with some currently collecting data, including projects like the Tianlai project 1 (Chen 2012; Li et al. 2020; Wu et al. 2021; Perdereau et al. 2022; Sun et al. 2022) and the Canadian Hydrogen Intensity Mapping Experiment (CHIME 2 ; Bandura et al. 2014), while others are in the construction phase, such as the Baryonic Acoustic Oscillations from Integrated Neutral Gas Observations (BINGO 3 ; Battye et al. 2013) and the Hydrogen Intensity and Real-time Analysis eXperiment (HIRAX 4 ; Newburgh et al. 2016). The Hi IM technique is also proposed as the key cosmology project with Square Kilometre Array (SKA 5 ; Santos et al. 2015; Square Kilometre Array Cosmology Science Working Group et al. 2020). With the Five-hundred-meter Aperture Spherical radio Telescope, (FAST; Nan et al. 2011; Li & Pan 2016) Hi IM survey shows considerable potential for cosmological studies (Li & Ma 2017; Hu et al. 2020)."
"2412.02582v2.pdf","The Hi IM technique was investigated by measuring the cross-correlation function between an Hi IM survey and an optical galaxy survey. Chang et al. (2010) first reported a cross-correlation detection using the Hi IM obtained with the Green Bank Telescope (GBT). Subsequent studies have also observed cross-correlation power spectra using various telescopes (Masui et al. 2013; Anderson et al. 2018; Wolz et al. 2017, 2022; Amiri et al. 2023). Recently, the MeerKAT Hi IM survey (Bull et al. 2015; Cunnington et al. 2021; Li et al. 2021; Wang et al. 2021; Paul et al. 2021; Chen et al. 2023) reported the cross-correlation power spectrum detection with the op-"
"2412.02582v2.pdf","Keywords: Large-scale structure of the universe (902) - Astronomical methods (1043) - Radio astronomy (1338) - Surveys (1671) - Drift scan imaging (410)

1. INTRODUCTION

Neutral hydrogen intensity mapping (Hi IM), which is to measure the total Hi intensity of many galaxies within large voxels (e.g. Battye et al. 2004; McQuinn et al. 2006), has been proposed as a novel method for cosmic large-scale structure surveys in the epoch of post-reionization (Chang et al. 2008; Loeb & Wyithe 2008; Mao et al. 2008; Pritchard & Loeb 2008; Wyithe & Loeb 2008; Wyithe et al. 2008; Peterson et al. 2009; Bagla et al. 2010; Seo et al. 2010; Lidz et al. 2011; Ansari et al. 2012; Pritchard & Loeb 2012; Battye et al. 2013). It can be rapidly conducted and expanded to cover substantial

Corresponding author: Yichao Li

liyichao@mail.neu.edu.cn survey areas, making it well-suited for cosmological surveys (Xu et al. 2015; Jin et al. 2020; Zhang et al. 2021; Jin et al. 2021; Wu & Zhang 2022; Wu et al. 2023b,a; Zhang et al. 2023; Pan et al. 2025)."
"2412.02582v2.pdf","ABSTRACT

Neutral hydrogen (Hi) intensity mapping (IM) presents great promise for future cosmological large-scale structure surveys. However, a major challenge for Hi IM cosmological studies is to accurately subtract the foreground contamination. An accurate beam model is crucial for improving the quality of foreground subtraction. In this work, we develop a stacking-based beam reconstruction method utilizing the radio continuum point sources within the drift-scan field. Based on the Five-hundred-meter Aperture Spherical radio Telescope (FAST), we employ two sets of drift-scan survey data and merge the measurements to construct the beam patterns of the 19 FAST L-band feeds. To model the beams, we utilize the Zernike polynomial (ZP), which effectively captures asymmetric features of the main beam and the different side lobes. Due to the symmetric location of the beams, the main features of the beams are closely related to the distance from the center of the feed array, e.g., as the distance increases, side lobes become more pronounced. This modeling pipeline leverages the stable drift-scan data to extract beam patterns while accounting for and excluding the reflector's changing effects. It provides a more accurate measurement beam and a more precise model beam for FAST Hi IM cosmology surveys."
"2412.02582v2.pdf","School of Physics and Astronomy, Yunnan University, Kunming, 650091, P. R. China

9 National Frontiers Science Center for Industrial Intelligence and Systems Optimization, Northeastern University, Shenyang 110819, China 10 Key Laboratory of Data Analytics and Optimization for Smart Industry (Ministry of Education), Northeastern University, Shenyang 110819, China"
"2412.02582v2.pdf","FAST drift scan survey for Hi intensity mapping: II. stacking-based beam construction of the 19-feed array at 1 . 4 GHz

Xinyang Zhao , 1 Yichao Li , 1 Wenxiu Yang , 2, 3, 4 Furen Deng , 2, 3, 4, 5 Yougang Wang , 2, 4, 3, 1 Fengquan Wu , 2, 3, 4 Xin Wang , 6, 7 Xiaohui Sun , 8 Xin Zhang , 1, 9, 10 and Xuelei Chen 2, 1, 4, 3

1 Liaoning Key Laboratory of Cosmology and Astrophysics, College of Sciences, Northeastern University, Shenyang 110819, China 2 National Astronomical Observatories, Chinese Academy of Sciences, Beĳing 100101, China

3 School of Astronomy and Space Science, University of Chinese Academy of Sciences, Beĳing 100049, China

4 Key Laboratory of Radio Astronomy and Technology, Chinese Academy of Sciences, A20 Datun Road, Chaoyang District, Beĳing 100101, China 5 Institute of Astronomy, University of Cambridge, Madingley Road, Cambridge, CB3 0HA, UK

6

School of Physics and Astronomy, Sun Yat-Sen University, No. 2 Daxue Rd., Zhuhai 519082, People's Republic of China 7 CSST Science Center for the Guangdong-Hong Kong-Macau Greater Bay Area, SYSU, People's Republic of China 8"
"2412.02582v2.pdf","where 𝐶 N = ⟨ 𝒏𝒏 T ⟩ is the noise covariance matrix. As shown in previous work (i.e. Li et al. 2023), the FAST drift scan observation exhibit stable noise level and the correlated noise is eliminated with the temporal gain calibration. To simplify the estimation, the noise covariance matrix is assumed to be an identity matrix. By minimizing 𝜒 2 , the beam kernel estimator is expressed as,

ˆ 𝒃 = ( 𝑷𝑴 ) T 𝐶 -1 N ( 𝑷𝑴 ) -1 ( 𝑷𝑴 ) T 𝐶 -1 N 𝒅 . (3)

The beam matrix is then expressed as,

ˆ 𝑩 = { ˆ 𝑏 T 1 , ··· ,𝑞 , ˆ 𝑏 T 𝑞 + 1 , ··· , 2 𝑞 , · · · , ˆ 𝑏 T 𝑞 ( 𝑞 -1 )+ 1 , ··· ,𝑞 2 , } , (4)

where ˆ 𝑏 𝑖, ··· , 𝑗 represents a vector composed with the 𝑖 -th to 𝑗 -th elements of ˆ 𝒃 . We use a beam matrix with the shape of 100 × 100 and resolution of 12 ′′ , covering 20 ′ in both dimensions, which is large enough to include the first few side lobes.

We adopt the time-ordered data (TOD) pre-processed in the previous work of Li et al. (2023) and Yang et al. (2024) for the FATHOMER and CRAFTS data, respectively. The data process is performed on the two linear polarization autopower, referred to as 𝑑 XX and 𝑑 YY, which is then combined to form the Stokes I components,"
"2412.02582v2.pdf","𝑑 I = ( 𝑑 XX + 𝑑 YY )/ 2 . (5)

It is worth noticing that, with the TOD pre-processing, the data is pre-whitened by subtracting the frequency-averaged temporal baseline.

3.2. The sky model

The sky model is constructed with the continuum flux density of sources from the NVSS catalog. Because the FAST beam size is ∼ 3 ′ , all the NVSS sources are assumed to be unresolved and the sky model is expressed as,

𝑚 𝑝 = ∑︁ 𝑖 ∈I 𝑆 𝑖 , I = { 𝑖 | | 𝛼 𝑖 -𝛼 𝑝 | < 𝛿 2 , | 𝛽 𝑖 -𝛽 𝑝 | < 𝛿 2 } (6)

where ( 𝛼 𝑖 , 𝛽 𝑖 ) represents the coordinate of the 𝑖 -th sources with flux density of 𝑆 𝑖 and 𝑚 𝑝 is the total flux density of the pixel at ( 𝛼 𝑝 , 𝛽 𝑝 ) with pixel size of 𝛿 . In this work, the pixel size of the map is set to match the beam model kernel, i.e. 𝛿 = 12 ′′ . The pixel size in this work is sufficiently small relative to the FAST beam width of ∼ 3 ′ , ensuring minimal position accuracy loss due to pixelation."
"2412.02582v2.pdf","3.3. Source selection criteria

The matrix 𝑷 represents the projection between the maps and the time-ordered domains. Thus, it has the shape of 𝑡 × 𝑝 , where 𝑝 is the number of pixels of the sky model and 𝑡 is the number of time stamps. Utilizing the complete time-ordered observational data yields a large 𝑷 matrix, rendering the subsequent matrix operation both time- and memory-intensive. On the other hand, not all the observational data are useful for beam measurements. For instance, the RFI-contaminated data are removed at the first stage of data selection. Although we chose a frequency band that is relatively RFI-free, there still are time stamps that are badly contaminated by transient objects, e.g. the navigation satellites. In addition, calibrators with other sources nearby are not ideal for characterizing the beam pattern. Thus, we only chose the time-ordered data with bright isolated sources for the following beam stacking analysis, which significantly reduces the amount of observation data."
"2412.02582v2.pdf","Astraightforward isolating method is to remove the sources with any other sources within the radius of 5 ′ . We apply the straightforward isolating method to the initial NVSS catalog before applying the 20 mJy flux threshold. Such a straightforward isolating method significantly reduces the amount of observation data. However, it indiscriminately removes both the bright and dim sources.

To keep as many bright sources as possible, we consider a flux-weighted isolating method. We apply a point spread function (PSF) to each of the sources and calculate the ratio of the source spread flux to the target central sources,

𝜖 𝑖 𝑗 = 𝑆 𝑖 PSF ( 𝛿𝛼 cos ( 𝛽 ) , 𝛿𝛽 )/ 𝑆 𝑗 , (7)

where 𝑆 𝑖 is the flux density of the neighboring source and 𝑆 𝑗 is the flux density of the central source, ( 𝛿𝛼 cos ( 𝛽 ) , 𝛿𝛽 ) are the separation angle between the two sources in the R.A. and declination directions. The PSF is assumed to be a Gaussian kernel with 𝜎 PSF = 𝜃 FWHM / 2 √ 2 ln 2, where 𝜃 FWHM = 2 . 9 ′ is the Full Width at Half Maximum of FAST prior beam. We set a threshold of 𝜖 = 0 . 05, i.e. the sources are removed if there is more than one nearby source's point-spread flux density over 5% of the target source flux density."
"2412.02582v2.pdf","Using the straightforward isolation method, we selected a total of 7 159 sources, e.g., 1 798 from the FATHOMER field and 5 361 from the CRAFTS field. When applying the flux-weighted isolation method, the number of selected sources decreased to 4 202, with 1 087 in the FATHOMER field and 3 115 in the CRAFTS field. Figure 1 presents the flux density distribution of sources identified using the two isolation methods. Although the flux-weighted isolation method reduces the total number of sources, it retains more bright sources than the straightforward method, enhancing the quality of beam pattern reconstruction. Applying a final flux limit of 20 mJy, the flux-weighted isolation method selects 1 668 sources, which is 456 more than the straightforward method."
"2412.02582v2.pdf","Before proceeding to the beam stacking, we further truncate the time-ordered data and keep a segment of data with only 50 time stamps before and after the transition time, which is defined as the time stamps when the target sources are mostly close to the beam center. It should be noted that each source can be observed multiple times by different beam at different times. Considering the observation duplication, there are ∼ 960 and ∼ 1 200 data segments per beam in the FATHOMER and CRAFTS field, respectively, finally used for the beam pattern construction.

3.4. Zernike polynomial beam model

We adopt the Zernike polynomial (ZP) modes as the analytic basis and decompose the 2-dimensional beam pattern against these modes. The ZP modes are a sequence of polynomials that are continuous and orthogonal over a unit circle (Zernike 1934). Initially, they were utilized as a mathematical representation of optical wavefronts traversing imaging components (Lakshminarayanan & Fleck 2011), and then employed to characterize the primary beam patterns for radio telescopes (Asad et al. 2021). The ZP modes of order 𝑛 and angular frequency 𝑚 take the form of,

𝑍 𝑚 𝑛 ( 𝜌, 𝜙 ) = 𝑅 𝑚 𝑛 ( 𝜌 ) 𝑒 𝑖𝑚𝜙 , (8)"
"2412.02582v2.pdf","where ( 𝜌, 𝜙 ) are the coordinates of the polar frame with origin at the beam center, 𝑛 and 𝑚 are non-negative integers with 𝑛 > | 𝑚 | and 𝑛 - | 𝑚 | is always even. The radial polynomials 𝑅 ± 𝑚 𝑛 ( 𝜌 ) is expressed as,

𝑅 ± 𝑚 𝑛 ( 𝜌 ) = 𝑛 -𝑚 2 ∑︁ 𝑘 = 0 (-1 ) 𝑘 ( 𝑛 -𝑘 ) ! 𝑘 ! ( 𝑛 + 𝑚 2 -𝑘 ) ! ( 𝑛 -𝑚 2 -𝑘 ) ! 𝜌 𝑛 -2 𝑘 . (9)

The beam pattern is constructed as a linear combination of these ZP modes,

ˆ 𝑩 = 𝑁 𝑍 ∑︁ 𝑖 𝑎 𝑖 𝒛 𝑖 , (10)

where ˆ 𝑩 is the beam pattern constructed via stacking analysis, i.e. Equation (4), 𝑖 denotes the Noll indices (Noll 1976) of the ZP mode 𝑍 𝑚 𝑛 , 𝑁 𝑍 is the number of ZP modes used for beam model construction, 𝒛 𝑖 denotes the 𝑖 -th ZP modes, i.e. 𝒁 = { 𝒛 𝑖 } = { 𝑍 𝑚 𝑛 ( 𝜌, 𝜙 )} , and 𝑎 𝑖 represents the corresponding coefficients,

𝑨 = { 𝑎 𝑖 } = 𝒁 T 𝒁 -1 𝒁𝑩 . (11)"
"2412.02582v2.pdf","The ZP modes with higher orders represent the extremely small-scale structures, which are noise-dominated. We use the ZP modes up to the 23rd order, which contains three hundred coefficients. In addition, the coefficients of the ZP modes within the first 23 orders vary significantly. In order to improve the signal-to-noise ratio of the beam pattern model, we drop the noise-dominated ZP modes. The detailed noise filtering is presented in Section 4.4.

4. RESULTS AND DISCUSSION

The positions of the 19 feeds within the FAST L-band 19feed array (19FA) frame are shown in Figure 2. Here, the 𝐻 -axis and 𝑉 -axis correspond to the horizontal and vertical feed axes. We group the 19 feeds into four subsets according to their separation distance to the feed array center, i.e. as shown in Figure 2, the center beam (red), inner-circle beams (blue), middle-circle beams (green), and the outercircle beams (black). During the drift scan observation, the rotation angle of the feed array was fixed at 23 . 4 ◦ . The cyan dashed line with an arrow indicates the drift scanning direction, which is aligned with the R.A. direction in the observational frame."
"2412.02582v2.pdf","4.1. The stacking-based beam pattern

To investigate the consistency of the stacking-based beam pattern reconstruction method, we select observations with similar declination coverage from FATHOMER and CRAFTS. We then perform the stacking analysis separately on each dataset as well as on the combined Stokes I dataset via Equation (5) to increase the signal-to-noise ratio. The reconstructed beam patterns are shown in Figure 3, where the results of FATHOMER, CRAFTS, and their combined dataset are shown in the left, middle, and right columns, respectively. From the top to the bottom rows, the results are Beam01, Beam02, Beam19, and Beam08, which are examples of beams located in the center, inner circle, middle circle, and the outer circle of the FAST L-band feed array, respectively. All the beam patterns are shown in the observation frame, where the horizontal and vertical axes are aligned with the R.A. and declination direction."
"2412.02582v2.pdf","The shape of the beam pattern can be constructed by stacking either with the FATHOMER or CRAFTS dataset. The circular patterns at the center are identified as the main lobe, while the asymmetric patterns offset from the center are referred to as side lobes. A detailed definition of the main lobe is provided in Section 4.6. The side lobes of Beam02,

Beam19, and Beam08 are visible with each dataset. However, significant data deficiency, which is due to either lack of observation or RFI flagging, is also visible, even within the main lobe. Such data deficiencies are substantially eliminated by combining the two datasets, as shown in the right columns, where some blank pixels within the main lobe are filled by the complementary dataset. The remaining blank pixels, particularly those outside the main beam with negative power values, are likely due to observational noise, as TOD pre-whitening involves subtracting the temporal baseline."
"2412.02582v2.pdf","The shapes of the main beam and side lobes show coma distortions across different beam positions. Beam01 displays a symmetric circular main beam profile, while Beam02, Beam08, and Beam19 exhibit more pronounced distortions, each showing an asymmetry with one side compressed and the other elongated. Notably, the side lobe shapes are the most striking feature among the four beams. Beam01's side lobe is suppressed, whereas those of Beam02, Beam08, and Beam19 are visible. The side lobes of Beam08 and Beam19, in particular, are especially pronounced, with clearly discernible contours.

The direction of asymmetry distortion is directly related to the beam's position with respect to the center of the 19FA

frame. The greater the distance of the beam from the center of the feed array, the more pronounced the asymmetry of the beam becomes."
"2412.02582v2.pdf","In addition to the polarization-combined beam stacking, we also investigate the beam patterns for the XX and YY polarization, individually. As only a few of the selected NVSS sources are significantly polarized, we ignore the polarization fraction and assume equal flux density for each polarization. The results are shown in Figure 4, where the left and middle columns show the beam pattern for XX and YY polarizations. The polarization-combined results are shown as a reference in the right column. Similar to Figure 3, we also inspect the beam patterns of Beam01, Beam02, Beam08, and Beam19, as the examples for the center, inner-circle, outer-circle, and middle-circle beams. All the beam patterns shown in Figure 4 use the combined datasets of FATHOMER and CRAFTS.

We find that the beam features for both XX and YY polarizations are similar, and align with the polarization-combined beam patterns. Given the current sensitivity limit, the differences between polarizations are negligible and we only focus on the polarization-combined beam pattern, i.e. the beam pattern of Stokes I, in the following analysis."
"2412.02582v2.pdf","4.2. The beam pattern model

Since the beam pattern shows significant asymmetry, we adopt the ZP modes as the analytical bases to model the beam pattern features. In particular, we use the Python script of zernike 9 (Antonello & Verhaegen 2015) to generate the ZP modes and decompose the beam patterns.

As a comparison, we also fit the beam patterns with a circular-symmetric Gaussian profile,

𝐵 G ( 𝜌, 𝜙 ) = exp -1 2 𝜌 2 𝜎 2 G ! , (12)

where ( 𝜌, 𝜙 ) are the coordinates of the beam-centered polar frame, 𝜎 G is a free parameter characterizing the beam size and related to the full width at half maximum 𝜃 FWHM of the beam pattern via 𝜎 G = 𝜃 FWHM / 2 √ 2 ln 2 .

To quantify the reconstruction accuracy, we calculate the residual between the measured beam pattern ˆ 𝐵 ( 𝜌, 𝜙 ) and the beam model for both the ZP modes and Gaussian profile,

𝑟 ( 𝜌, 𝜙 ) = ˆ 𝐵 ( 𝜌, 𝜙 ) -𝐵 { G , Z } ( 𝜌, 𝜙 ) , (13)"
"2412.02582v2.pdf","where { G , Z } denote the Gaussian and ZP model, respectively. We show examples of the residuals for both the Gaussian model (top panels) and the ZP model (bottom panels) in Figure 5. From the left to the right column, we show the residuals of Beam01, Beam02, Beam19, and Beam08, which

9 https://pypi.org/project/zernike/

are examples of the center beam, inner-circle beams, middlecircle beams, and outer-circle beams, respectively. It is clear that, for the center beam, the Gaussian model and ZP model have similar residual patterns. However, for the beams off the feed array center, there are significant residual patterns for the Gaussian model."
"2412.02582v2.pdf","Weinspect the residual for all the beams of the same subsets via the statistical histogram distributions with respect to the 𝜌 bins. In addition, we characterize the residual distribution for the main beam and the first side lobe, separately. According to the FAST beam measurements in the literature, we set a prior of 𝜃 FWHM, which corresponds to the radius of the first null, for separating the main beam and side lobes, i.e., for the main beam we use residuals within 𝜌 < 𝜃 FWHM and for the side lobe we use 𝜃 FWHM ⩽ 𝜌 < 2 𝜃 FWHM. The residual statistical histogram as the function of radial distance 𝜌 for the main beam and first side lobe are shown with the violin plots in the left and right panel of Figure 6, respectively. The residuals for the ZP model are shown in green (left side of the violin plot) and for Gaussian model are shown in blue (right side of the violin plot). In each panel of Figure 6, we show the residual histogram of the beams in the subset of the center beam, inner-circle beams, middle-circle beams, and outer-circle beams, individually.

Generally, the residuals within the main beam have a broader histogram distribution than that in the side lobe, which is mainly due to the greater absolute values of the main beam."
"2412.02582v2.pdf","For the center beam, both models yield similar results, i.e., the residual distributions closely resembled the normal distribution. As long as the beam profile is circularly symmetric and the coma lobes are suppressed, the Gaussian profile is still a good approximation of the beam pattern shape.

In contrast, the residual distributions of the off-center beams, e.g., the inner-circle beams, middle-circle beams, and outer-circle beams, reveal significant differences between the ZP model and the Gaussian model. Particularly, the Gaussian model has residual distributions that deviate from the normal distribution, significantly, which indicates the systematic differences between the Gaussian model and the beam pattern measurements. On the other hand, the ZP model residual behaves in the unique normal distribution for all the beam subsets. The results show that the ZP model successfully characterizes the primary features of the beam pattern for both the symmetric and asymmetric cases, as the ZP includes coma distortion terms."
"2412.02582v2.pdf","4.3. The ZP mode decomposition

The top panels of Figure 7 display the ZP-model reconstructed beam patterns, where we display instances of the 5 beams in a row aligned with the 𝐻 -axis of the 19FA frame. We rotate the beam pattern from the observation frame to the 19FA frame. The center beam shows a circularly symmetric main beam profile and suppressed side lobes, while the offcenter beams show significant asymmetry and pronounced side lobes. The side lobes of the off-center beams are distinctly pronounced toward the center of the 19FA frame, and

the beam distortion aligns with the radial direction of the frame.

The bottom panels display the fitting coefficients with respect to the Noll indices, up to 300, which is corresponding to the first 23 orders of the ZP modes. The ZP modes with lower Noll indices correspond to the smaller variation structures. By analyzing the coefficients of these polynomials, we can gain insights into the beam pattern structures and their relationship to the side lobe intensities. Specifically, the variation in the coefficients of the polynomials with circular frequency 𝑚 across different beams suggests that the beam pattern structure is not uniform and is influenced by various factors."
"2412.02582v2.pdf","The fitting coefficients of the ZP modes with angular frequencies 𝑚 = 0, ± 1, ± 2, and | 𝑚 | ⩾ 3 are plotted in red, green, blue, and yellow, respectively. The solid and empty markers distinguish the positive and negative values, respectively. As shown in the plot, the ZP modes with an angular frequency 𝑚 = 0 exhibit relatively large coefficients for all the beams, which demonstrates the beam patterns are primarily characterized by such ZP modes. We display the beam patterns constructed with only the ZP modes of 𝑚 = 0 in the top rows of Figure 8. The ZP modes of 𝑚 = 0 characterize the circularly symmetric features of the beam patterns.

The circular asymmetric features are characterized by the ZP modes with 𝑚 ≠ 0. As shown in Figure 7, the corresponding fitting coefficients of such modes, i.e., 𝑍 ± 1 𝑛 , 𝑍 ± 2 𝑛 , and 𝑍 | 𝑚 | ⩾ 3 𝑛 , are significantly lower than the coefficients of 𝑍 0 𝑛 . Moreover, the center beam exhibits even lower fitting coefficients for the ZP modes with 𝑚 ≠ 0 than the off-center"
"2412.02582v2.pdf","beams. The beam patterns constructed with only the ZP modes of 𝑚 = ± 1 and 𝑚 = ± 2 are shown in the middle and bottom rows of Figure 8. The asymmetric features primarily characterize the distortion of the main beam and the side lobes. Notably, as shown in the middle panels of such two rows, there are weak asymmetry features in the center beams, which indicates a slight distortion of the center beam. The origin of such center beam distortion is worth further investigating in the future with more observation data."
"2412.02582v2.pdf","4.4. The noise-filtered beam pattern

The fitting coefficients of ZP modes with | 𝑚 | ⩾ 3, as shown with the yellow markers in Figure 7, are mostly lower than 1% of the maximum fitting coefficients. ZP modes with | 𝑚 | ⩾ 3 generally characterize highly oscillated structures. Although such structures are tiny compared to the main beam profile, it is still important to be fully characterized for future Hi IM experiments. However, given current measurement uncertainties, such weak structures are mostly dominated by observational noise. The equipment's thermal noise is one of the origins of measurement uncertainty. On the other hand, the flux density variation of the NVSS sources potentially impacts the measurement. Both the thermal noise and flux density variation are systematic and can be eliminated via a large amount of observation. In this work, we drop the ZP modes with fitting coefficients less than 1% of the maximum fitting coefficients. Eventually, the number of ZP modes adopted varies across different beams. The central beam has 31 ZP modes, which is the minimal number of ZP modes."
"2412.02582v2.pdf","The ZP mode numbers increase with the beam getting further from the feed array center, e.g., the inner-circle beams have ∼ 33 ZP modes on average, while the middle- and outercircle beams have ∼ 44 on average. The noise-filtered beam patterns for all the 19 feeds are shown in Figure 9, where the relative positions of the panels correspond to the feed pointing direction in the sky. All the beam patterns are rotated to the feed coordinates. The yellow, green, and blue contours in each panel indicate the 50%, 10%, and 1% of the maximum, respectively. As discussed in Section 4.1, we focus on the Stokes I component and all the beam patterns are averaged across the frequency range of 1375 MHz - 1425 MHz.

The yellow contours in each panel indicate the beam pattern at 50% of their maximum, which is commonly defined as the beam size of full width at half maximum. The beam profiles within the 50% contour show unique circular symmetric and the differences between the 19 beams are negligible."
"2412.02582v2.pdf","The beam features between the 1% and the 10% contours are identified as the side lobes. Significantly, the side lobe profiles vary across the 19 beams. After filtering out the noise components, the asymmetric side lobe profiles are clearer than those shown in Section 4.1. The coma lobes are getting more pronounced with the larger separation distance between the beam and the feed array center. In addition, the direction of the side lobe distortion relates to the feed array's relative position. Specifically, the coma lobes become more pronounced on the side of the beam closer to the center of the feed array along the radial direction. Although the circular symmetry of

the off-center beam is disrupted, the beam pattern still retains axial symmetry, with its axis of symmetry aligned with the radial direction of the feed array.

The ZP mode coefficients of the noise-filtered beam model can be accessed from the GitHub repository Fast19FABM 10 .

4.5. The side lobes

In this work, we group the 19 feeds into four beam subsets, i.e., as shown in Figure 2, the center beam, inner-circle

10 https://github.com/Nyarlth/Fast19FABM."
"2412.02582v2.pdf","beams, middle-circle beams, and outer-circle beams. To emphasize the major features of each beam subset, we stack the beam patterns of the same subset. Because the beam pattern still retains axial symmetry, with its axis of symmetry aligned with the radial direction of the feed array, we rotate and stack the off-center beams in the 𝑅 -𝑇 coordinates, where 𝑅 and 𝑇 represent the radial and tangential directions of the 19FA frame. The subset-stacked beam patterns are shown in Figure 10, where 𝛿𝑅 and 𝛿𝑇 represent the separation angle with respect to the beam center along the 𝑅 and 𝑇 axes. We further extract the beam profile along the horizontal and ver-

tical dashed lines as the radial and tangential direction beam profiles. The radial and tangential direction beam profiles for each beam subset are shown in the top and bottom panels of Figure 11, respectively.

In Figure 11, as a reference, we plot a Gaussian profile with 𝜃 FWHM = 2 . 9 ′ in dashed gray line. The radial and tangential central beam profiles are the same and are constructed by circular averaging of the center beam pattern. There is"
"2412.02582v2.pdf","a significant deviation from the symmetric Gaussian beam profile for the off-center beams in the radial direction, while the tangential direction shows minor deviations.

For the radial beam profile, the center beam shows several side lobes and its first side lobe is weak and connected with the main beam profile. The off-center beams display a prominent first side lobe on the side close to the center of the feed array. On average, the inner-circle, middle-circle, and outer-circle beams exhibit the first side lobes peaked at 𝛿𝑅 = -4 . 455 ′ , 𝛿𝑅 = -4 . 455 ′ , and 𝛿𝑅 = -4 . 495 ′ , with amplitudes of -17 . 79dB, -14 . 56dB, and -13 . 84dB with respect to the beam center, respectively. In addition, the middlecircle and outer-circle beams also show the second side lobes at 𝛿𝑅 = -7 . 317 ′ and 𝛿𝑅 = -7 . 538 ′ , with amplitudes of -28 . 88 dB and -29 . 11 dB, respectively."
"2412.02582v2.pdf","4.6. Main beam efficiency

The beam pattern distortion and the prominent side lobes affect the main beam efficiency. We estimate the main beam efficiency 𝜂 MB = Ω MB / Ω A, where Ω MB is the main beam solid angle and Ω A is the full beam solid angle. According to the noise-filtered beam patterns in Figure 9, the beam patterns decline to below 0 . 5% of the maximum beam pattern with 𝜌 ≳ 6 ′ . We estimate the full beam solid angle by integrating the beam profile with 𝜌 < 10 ′ . In addition, we define the main beam size according to the center beam, i.e., the circular region with 𝜌 ⩽ 𝜃 FWHM, is defined as the main beam, which is close to the size of the first null.

The main beam efficiencies of the 19 beams are shown with the blue markers in Figure 12. The 𝑥 -axis represents the distance to the feed array center normalized with the radius of the inner circle, and the beams in each subset, i.e., the center"
"2412.02582v2.pdf","beam, inner-circle beams, middle-circle beams, and the outercircle beams, are shown with 𝑥 = 0, 1, √ 3, and 2. The red error bars indicate the mean and the standard deviation of the main beam efficiencies of the same beam subset. The central beam has the main beam efficiency 𝜂 = 0 . 944. The mean main beam efficiency decreases to 0 . 927, 0 . 895, and 0 . 871 for the beams in inner-circle, middle-circle, and outer-circle beam subsets, respectively. The decreases in the main beam efficiency for the off-center beams are primarily due to the growing side lobes. However, it is corresponding to 1 . 7%, 4 . 9%, and 7 . 3% decreases with respect to the center beam's efficiency, which is a minor declination."
"2412.02582v2.pdf","The main beam efficiency of FAST L-band 19 feeds measured in the literature varies, e.g. at the range 65% to 85% from Gao et al. (2022) or at the range from 80% to 95% Sun et al. (2021). The variation is likely caused by the measurement uncertainties of the noise diode. The value increases overall as the observation frequency increases and the main beam efficiency decreases as the beam moves away from the center, with the central beam having the maximum efficiency (Gao et al. 2022). In this research, we consider the unique beampatterns of the FAST L-band 19 feeds and use numerical integration to calculate the main beam efficiency 𝜂 MB. Our results are comparable with the measurement in the literature, in particular, consistent with Sun et al. (2021).

5. CONCLUSION

This is the second in a series of papers focusing on intensity mapping in the FAST using drift scan surveys. In this paper, we utilize the drift scan observation data from the FATHOMER(Li et al. 2023), as well as the data from CRAFTS (Li et al. 2018), preprocessed with the pipeline developed in our previous work (Li et al. 2023), to reconstruct the beam model for the FAST 19FA."
"2412.02582v2.pdf","We develop a beam reconstruction method based on stacking analysis. This approach utilizes drift-scan observational data, using radio continuum point sources within the driftscan field, such as NVSS sources, to reconstruct the antenna's beam pattern. This method minimizes the impact of beam variations caused by changes in antenna configuration on actual observations, thus optimizing the accuracy of beam measurement.

The center beam exhibits a circularly symmetric beam profile with suppressed side lobes, which can be well modeled with a Gaussian beam profile. For the off-center beams, the side lobes are getting more pronounced with the larger separation distance between the beam and the feed array center. In addition, the side lobes become more pronounced on the side of the beam closer to the center of the feed array along the radial direction. Although the circular symmetry of the off-center beam is disrupted, the beam pattern still retains axial symmetry, with its axis of symmetry aligned with the radial direction of the feed array."
"2412.02582v2.pdf","Wefoundthe first side lobes averaged across the same beam subsets, i.e. the inner-circle, middle-circle, and outer-circle beam subsets, peaked at 𝛿𝑅 = -4 . 455 ′ , 𝛿𝑅 = -4 . 455 ′ , and 𝛿𝑅 = -4 . 495 ′ , with amplitudes of -17 . 79dB, -14 . 56dB, and -13 . 84dB with respect to the beam center, respectively. The corresponding main beam efficiencies slightly decrease by 1 . 7%, 4 . 9%, and 7 . 3% with respect to the center beam's efficiency.

Given the current sensitivity limits, we focus exclusively on the Stokes I beam pattern, averaged over the frequency range of 1375-1425 MHz. With additional drift-scan observational data, our stacking-based beam reconstruction method could also facilitate studies of polarized beam patterns and their frequency dependence."
"2412.02582v2.pdf","ACKNOWLEDGEMENTS

This work made use of the data from FAST (Five-hundredmeter Aperture Spherical radio Telescope). FAST is a Chinese national mega-science facility, operated by National Astronomical Observatories, Chinese Academy of Sciences. We acknowledge the support of the National SKA Program of China (Nos. 2022SKA0110200, 2022SKA0110202, 2022SKA0110203, 2022SKA0110100, 2022SKA0110101), the NSFC International (Regional) Cooperation and Exchange Project (No. 12361141814), the 111 Project (No. B16009), and the National Natural Science Foundation of China (Nos. 12473091, 11975072, 11835009, 12473001). X. Sun acknowledges the support of the NSFC (grand No. 12433006).

WeadopttheZPmodesastheanalytic basis and decompose the two-dimensional beam pattern using these modes. ZP modes with fitting coefficients below 1% of the maximum coefficient are discarded to prevent overfitting. Specifically, 31 ZP modes are used to construct the central beam pattern; on average, approximately 33 ZP modes are used for the innercircle beams, and around 44 ZP modes for the middle- and outer-circle beams."
"2412.02582v2.pdf","DATA AVAILABILITY

TheFAST19FAbeammodelspresentedinthispapercanbe accessed from repository Fast19FABM : https://github.com/ Nyarlth/Fast19FABM. The data underlying this article will be shared on reasonable request to the corresponding author."
"2412.02582v2.pdf","REFERENCES

Amiri, M., Bandura, K., Boskovic, A., et al. 2022, The Astrophysical Journal, 932, 100, doi: 10.3847/1538-4357/ac6b9f
Amiri, M., Bandura, K., Chen, T., et al. 2023, The Astrophysical Journal, 947, 16, doi: 10.3847/1538-4357/acb13f
Amiri, M., Chakraborty, A., Foreman, S., et al. 2024, arXiv e-prints, arXiv:2408.00172, doi: 10.48550/arXiv.2408.00172
Anderson, C. J., Luciw, N. J., Li, Y. C., et al. 2018, Monthly Notices of the Royal Astronomical Society, 476, 3382, doi: 10.1093/mnras/sty346
Ansari, R., Campagne, J. E., Colom, P., et al. 2012, Astronomy and Astrophysics, 540, A129, doi: 10.1051/0004-6361/201117837
Antonello, J., & Verhaegen, M. 2015, Journal of the Optical Society of America A, 32, 1160, doi: 10.1364/JOSAA.32.001160
Asad, K. M. B., Girard, J. N., de Villiers, M., et al. 2021, Monthly Notices of the Royal Astronomical Society, 502, 2970, doi: 10.1093/mnras/stab104
Bagla, J. S., Khandai, N., & Datta, K. K. 2010, Monthly Notices of the Royal Astronomical Society, 407, 567,

doi: 10.1111/j.1365-2966.2010.16933.x"
"2412.02582v2.pdf","Bandura, K., Addison, G. E., Amiri, M., et al. 2014, in Society of Photo-Optical Instrumentation Engineers (SPIE) Conference Series, Vol. 9145, Ground-based and Airborne Telescopes V, ed. L. M. Stepp, R. Gilmozzi, & H. J. Hall, 914522, doi: 10.1117/12.2054950
Battye, R. A., Browne, I. W. A., Dickinson, C., et al. 2013, Monthly Notices of the Royal Astronomical Society, 434, 1239, doi: 10.1093/mnras/stt1082
Battye, R. A., Davies, R. D., & Weller, J. 2004, Monthly Notices of the Royal Astronomical Society, 355, 1339, doi: 10.1111/j.1365-2966.2004.08416.x
Bowman, J. D., Morales, M. F., & Hewitt, J. N. 2009, The
Astrophysical Journal, 695, 183, doi: 10.1088/0004-637X/695/1/183
Bull, P., Ferreira, P. G., Patel, P., & Santos, M. G. 2015, The Astrophysical Journal, 803, 21,

doi: 10.1088/0004-637X/803/1/21

Carucci, I. P., Bernal, J. L., Cunnington, S., et al. 2024, arXiv e-prints, arXiv:2412.06750, doi: 10.48550/arXiv.2412.06750
Chang, T.-C., Pen, U.-L., Bandura, K., & Peterson, J. B. 2010, Nature, 466, 463, doi: 10.1038/nature09187
Chang, T.-C., Pen, U.-L., Peterson, J. B., & McDonald, P. 2008, Physical Review Letter, 100, 091303,

doi: 10.1103/PhysRevLett.100.091303"
"2412.02582v2.pdf","Chen, X. 2012, in International Journal of Modern Physics Conference Series, Vol. 12, International Journal of Modern Physics Conference Series, 256-263,

doi: 10.1142/S2010194512006459

Chen, Z., Chapman, E., Wolz, L., & Mazumder, A. 2023, Monthly Notices of the Royal Astronomical Society, 524, 3724,

doi: 10.1093/mnras/stad2102"
"2412.02582v2.pdf","Condon, J. J., Cotton, W. D., Greisen, E. W., et al. 1998, The NRAO VLA Sky Survey, doi: 10.1086/300337
Cunnington, S., Irfan, M. O., Carucci, I. P., Pourtsidou, A., & Bobin, J. 2021, Monthly Notices of the Royal Astronomical Society, 504, 208, doi: 10.1093/mnras/stab856
Cunnington, S., Li, Y., Santos, M. G., et al. 2023, Monthly Notices of the Royal Astronomical Society, 518, 6262, doi: 10.1093/mnras/stac3060
Dong, B., & Han, J. L. 2013, Publications Astronomical Society of Australia, 30, e041, doi: 10.1017/pasa.2013.19
Gao, L.-Y., Li, Y., Ni, S., & Zhang, X. 2023, Monthly Notices of the Royal Astronomical Society, 525, 5278, doi: 10.1093/mnras/stad2646
Gao, X., Reich, W., Sun, X., et al. 2022, Science China Physics, Mechanics, and Astronomy, 65, 129705, doi: 10.1007/s11433-022-2031-7
Hu, W., Wang, X., Wu, F., et al. 2020, Monthly Notices of the Royal Astronomical Society, 493, 5854, doi: 10.1093/mnras/staa650
Iheanetu, K., Girard, J. N., Smirnov, O., et al. 2019, Monthly Notices of the Royal Astronomical Society, 485, 4107, doi: 10.1093/mnras/stz702"
"2412.02582v2.pdf","(cd.)
Irfan, M. O., Li, Y., Santos, M. G., et al. 2024, Monthly Notices of the Royal Astronomical Society, 527, 4717, doi: 10.1093/mnras/stad3457
Jiang, P., Tang, N.-Y., Hou, L.-G., et al. 2020, Research in Astronomy and Astrophysics, 20, 064, doi: 10.1088/1674-4527/20/5/64
Jin, S.-J., He, D.-Z., Xu, Y., Zhang, J.-F., & Zhang, X. 2020, Journal of Cosmology and Astroparticle Physics, 2020, 051, doi: 10.1088/1475-7516/2020/03/051
Jin, S.-J., Wang, L.-F., Wu, P.-J., Zhang, J.-F., & Zhang, X. 2021, Phys. Rev. D, 104, 103507, doi: 10.1103/PhysRevD.104.103507
Kimball, A. E., & Ivezić, Ž. 2008, The Astronomical Journal, 136, 684, doi: 10.1088/0004-6256/136/2/684
Lakshminarayanan, V., & Fleck, A. 2011, Journal of Modern Optics, 58, 545, doi: 10.1080/09500340.2011.554896
Li, D., & Pan, Z. 2016, Radio Science, 51, 1060, doi: 10.1002/2015RS005877
Li, D., Wang, P., Qian, L., et al. 2018, IEEE Microwave Magazine, 19, 112, doi: 10.1109/MMM.2018.2802178
Li, J., Zuo, S., Wu, F., et al. 2020, Science China Physics, Mechanics, and Astronomy, 63, 129862, doi: 10.1007/s11433-020-1594-8"
"2412.02582v2.pdf","(cd.)
Li, Y., Santos, M. G., Grainge, K., Harper, S., & Wang, J. 2021, Monthly Notices of the Royal Astronomical Society, 501, 4344, doi: 10.1093/mnras/staa3856
Li, Y., Wang, Y., Deng, F., et al. 2023, The Astrophysical Journal, 954, 139, doi: 10.3847/1538-4357/ace896
Li, Y.-C., & Ma, Y.-Z. 2017, Physical Review D, 96, 063525, doi: 10.1103/PhysRevD.96.063525
Lidz, A., Furlanetto, S. R., Oh, S. P., et al. 2011, The Astrophysical Journal, 741, 70, doi: 10.1088/0004-637X/741/2/70
Loeb, A., & Wyithe, J. S. B. 2008, Physical Review Letter, 100, 161301, doi: 10.1103/PhysRevLett.100.161301
Mao, Y., Tegmark, M., McQuinn, M., Zaldarriaga, M., & Zahn, O. 2008, Physical Review D, 78, 023529, doi: 10.1103/PhysRevD.78.023529
Masui, K. W., Switzer, E. R., Banavar, N., et al. 2013, Astrophysical Journal Letters, 763, L20, doi: 10.1088/2041-8205/763/1/L20
Matshawule, S. D., Spinelli, M., Santos, M. G., & Ngobese, S. 2021, Monthly Notices of the Royal Astronomical Society, 506, 5075, doi: 10.1093/mnras/stab1688"
"2412.02582v2.pdf","(cd.)
McQuinn, M., Zahn, O., Zaldarriaga, M., Hernquist, L., & Furlanetto, S. R. 2006, The Astrophysical Journal, 653, 815, doi: 10.1086/505167
MeerKLASS Collaboration, Barberi-Squarotti, M., Bernal, J. L., et al. 2025, Monthly Notices of the Royal Astronomical Society, doi: 10.1093/mnras/staf195
Nan, R., Li, D., Jin, C., et al. 2011, International Journal of Modern Physics D, 20, 989, doi: 10.1142/S0218271811019335
Newburgh, L. B., Bandura, K., Bucher, M. A., et al. 2016, in Society of Photo-Optical Instrumentation Engineers (SPIE) Conference Series, Vol. 9906, Ground-based and Airborne Telescopes VI, ed. H. J. Hall, R. Gilmozzi, & H. K. Marshall, 99065X, doi: 10.1117/12.2234286
Ni, S., Li, Y., Gao, L.-Y., & Zhang, X. 2022, The Astrophysical Journal, 934, 83, doi: 10.3847/1538-4357/ac7a34
Noll, R. J. 1976, Journal of the Optical Society of America (1917-1983), 66, 207
Pan, J.-D., Wu, P.-J., Du, G.-H., Li, Y., & Zhang, X. 2025, Journal of Cosmology and Astroparticle Physics, 2025, 080, doi: 10.1088/1475-7516/2025/01/080"
"2412.02582v2.pdf","(cd.)
Paul, S., Santos, M. G., Chen, Z., & Wolz, L. 2023, arXiv e-prints, arXiv:2301.11943, doi: 10.48550/arXiv.2301.11943
Paul, S., Santos, M. G., Townsend, J., et al. 2021, Monthly Notices of the Royal Astronomical Society, 505, 2039, doi: 10.1093/mnras/stab1089
Perdereau, O., Ansari, R., Stebbins, A., et al. 2022, Monthly Notices of the Royal Astronomical Society, 517, 4637, doi: 10.1093/mnras/stac2832
Peterson, J. B., Aleksan, R., Ansari, R., et al. 2009, in astro2010: The Astronomy and Astrophysics Decadal Survey, Vol. 2010, 234. https://arxiv.org/abs/0902.3091
Pritchard, J. R., & Loeb, A. 2008, Physical Review D, 78, 103511, doi: 10.1103/PhysRevD.78.103511
-. 2012, Reports on Progress in Physics, 75, 086901, doi: 10.1088/0034-4885/75/8/086901
Reid, B., Ho, S., Padmanabhan, N., et al. 2016, Monthly Notices of the Royal Astronomical Society, 455, 1553, doi: 10.1093/mnras/stv2382
Santos, M., Bull, P., Alonso, D., et al. 2015, in Advancing Astrophysics with the Square Kilometre Array (AASKA14), 19. https://arxiv.org/abs/1501.03989"
"2412.02582v2.pdf","(cd.)
Seo, H.-J., Dodelson, S., Marriner, J., et al. 2010, The Astrophysical Journal, 721, 164, doi: 10.1088/0004-637X/721/1/164
Spinelli, M., Carucci, I. P., Cunnington, S., et al. 2022, Monthly Notices of the Royal Astronomical Society, 509, 2048, doi: 10.1093/mnras/stab3064
Square Kilometre Array Cosmology Science Working Group, Bacon, D. J., Battye, R. A., et al. 2020, Publications Astronomical Society of Australia, 37, e007, doi: 10.1017/pasa.2019.51
Sun, S., Li, J., Wu, F., et al. 2022, Research in Astronomy and Astrophysics, 22, 065020, doi: 10.1088/1674-4527/ac684d
Sun, X.-H., Meng, M.-N., Gao, X.-Y., et al. 2021, Research in Astronomy and Astrophysics, 21, 282,

doi: 10.1088/1674-4527/21/11/282"
"2412.02582v2.pdf","Switzer, E. R., Masui, K. W., Bandura, K., et al. 2013, Monthly Notices of the Royal Astronomical Society, 434, L46, doi: 10.1093/mnrasl/slt074
Wang, J., Santos, M. G., Bull, P., et al. 2021, Monthly Notices of the Royal Astronomical Society, 505, 3698, doi: 10.1093/mnras/stab1365
Wolz, L., Abdalla, F. B., Alonso, D., et al. 2015, in Advancing Astrophysics with the Square Kilometre Array (AASKA14), 35, doi: 10.22323/1.215.0035
Wolz, L., Blake, C., Abdalla, F. B., et al. 2017, Monthly Notices of the Royal Astronomical Society, 464, 4938, doi: 10.1093/mnras/stw2556
Wolz, L., Pourtsidou, A., Masui, K. W., et al. 2022, Monthly Notices of the Royal Astronomical Society, 510, 3495, doi: 10.1093/mnras/stab3621
Wu, F., Li, J., Zuo, S., et al. 2021, Monthly Notices of the Royal Astronomical Society, 506, 3455, doi: 10.1093/mnras/stab1802
Wu, P.-J., Li, Y., Zhang, J.-F., & Zhang, X. 2023a, Science China Physics, Mechanics, and Astronomy, 66, 270413, doi: 10.1007/s11433-022-2104-7
Wu, P.-J., Shao, Y., Jin, S.-J., & Zhang, X. 2023b, Journal of Cosmology and Astroparticle Physics, 2023, 052, doi: 10.1088/1475-7516/2023/06/052
Wu, P.-J., & Zhang, X. 2022, JCAP, 01, 060, doi: 10.1088/1475-7516/2022/01/060
Wyithe, J. S. B., & Loeb, A. 2008, Monthly Notices of the Royal Astronomical Society, 383, 606, doi: 10.1111/j.1365-2966.2007.12568.x
Wyithe, J. S. B., Loeb, A., & Geil, P. M. 2008, Monthly Notices of the Royal Astronomical Society, 383, 1195,"
"2412.02582v2.pdf","doi: 10.1111/j.1365-2966.2007.12631.x

Xu, Y., Wang, X., & Chen, X. 2015, The Astrophysical Journal, 798, 40, doi: 10.1088/0004-637X/798/1/40
Yang, W., Wolz, L., Li, Y., et al. 2024, arXiv e-prints, arXiv:2412.08173, doi: 10.48550/arXiv.2412.08173
Zernike, F. 1934, Monthly Notices of the Royal Astronomical Society, 94, 377, doi: 10.1093/mnras/94.5.377
Zhang, J., Liu, J., Wu, F., et al. 2021, IEEE Antennas and Propagation Magazine, 63, 98, doi: 10.1109/MAP.2021.3115757

Zhang, M., Li, Y., Zhang, J.-F., & Zhang, X. 2023, Monthly Notices of the Royal Astronomical Society, 524, 2420, doi: 10.1093/mnras/stad2033

Zhang, M., Wang, B., Wu, P.-J., et al. 2021, Astrophys. J., 918, 56, doi: 10.3847/1538-4357/ac0ef5"
